{
  "@type" : "TEMPLATE",
  "uid" : "5f9a5188-2c0b-4f88-9b4f-1a11a9eb6095",
  "description" : {
    "@type" : "RESOURCE_DESCRIPTION",
    "originalAuthor" : {
      "date" : "2022-11-16"
    },
    "otherContributors" : [ ],
    "lifecycleState" : {
      "codeString" : "unmanaged"
    },
    "ipAcknowledgements" : { },
    "references" : { },
    "conversionDetails" : { },
    "otherDetails" : {
      "licence" : "This work is licensed under the Creative Commons Attribution-ShareAlike 4.0 International License. To view a copy of this license, visit http://creativecommons.org/licenses/by-sa/4.0/.",
      "custodian_organisation" : "openEHR Foundation",
      "original_namespace" : "org.openehr",
      "original_publisher" : "openEHR Foundation",
      "custodian_namespace" : "org.openehr",
      "MD5-CAM-1.0.1" : "3973bc35a7df66c2f5c0365ad082a497",
      "PARENT:MD5-CAM-1.0.1" : "8FE80F3E80C594AAF99D3BA540A53D73",
      "sem_ver" : "2.0.0",
      "build_uid" : "13d3c223-4ff3-48af-988f-e3c3e41b936f"
    },
    "details" : {
      "de" : {
        "@type" : "RESOURCE_DESCRIPTION_ITEM",
        "language" : {
          "terminologyId" : {
            "value" : "ISO_639-1"
          },
          "codeString" : "de"
        },
        "keywords" : [ ],
        "originalResourceUri" : { },
        "otherDetails" : { }
      },
      "sv" : {
        "@type" : "RESOURCE_DESCRIPTION_ITEM",
        "language" : {
          "terminologyId" : {
            "value" : "ISO_639-1"
          },
          "codeString" : "sv"
        },
        "keywords" : [ ],
        "originalResourceUri" : { },
        "otherDetails" : { }
      },
      "ru" : {
        "@type" : "RESOURCE_DESCRIPTION_ITEM",
        "language" : {
          "terminologyId" : {
            "value" : "ISO_639-1"
          },
          "codeString" : "ru"
        },
        "keywords" : [ ],
        "originalResourceUri" : { },
        "otherDetails" : { }
      },
      "nb" : {
        "@type" : "RESOURCE_DESCRIPTION_ITEM",
        "language" : {
          "terminologyId" : {
            "value" : "ISO_639-1"
          },
          "codeString" : "nb"
        },
        "keywords" : [ ],
        "originalResourceUri" : { },
        "otherDetails" : { }
      },
      "es-ar" : {
        "@type" : "RESOURCE_DESCRIPTION_ITEM",
        "language" : {
          "terminologyId" : {
            "value" : "ISO_639-1"
          },
          "codeString" : "es-ar"
        },
        "keywords" : [ ],
        "originalResourceUri" : { },
        "otherDetails" : { }
      },
      "pt-br" : {
        "@type" : "RESOURCE_DESCRIPTION_ITEM",
        "language" : {
          "terminologyId" : {
            "value" : "ISO_639-1"
          },
          "codeString" : "pt-br"
        },
        "keywords" : [ ],
        "originalResourceUri" : { },
        "otherDetails" : { }
      },
      "en" : {
        "@type" : "RESOURCE_DESCRIPTION_ITEM",
        "language" : {
          "terminologyId" : {
            "value" : "ISO_639-1"
          },
          "codeString" : "en"
        },
        "keywords" : [ ],
        "originalResourceUri" : { },
        "otherDetails" : { }
      },
      "sl" : {
        "@type" : "RESOURCE_DESCRIPTION_ITEM",
        "language" : {
          "terminologyId" : {
            "value" : "ISO_639-1"
          },
          "codeString" : "sl"
        },
        "keywords" : [ ],
        "originalResourceUri" : { },
        "otherDetails" : { }
      },
      "it" : {
        "@type" : "RESOURCE_DESCRIPTION_ITEM",
        "language" : {
          "terminologyId" : {
            "value" : "ISO_639-1"
          },
          "codeString" : "it"
        },
        "keywords" : [ ],
        "originalResourceUri" : { },
        "otherDetails" : { }
      },
      "fr" : {
        "@type" : "RESOURCE_DESCRIPTION_ITEM",
        "language" : {
          "terminologyId" : {
            "value" : "ISO_639-1"
          },
          "codeString" : "fr"
        },
        "keywords" : [ ],
        "originalResourceUri" : { },
        "otherDetails" : { }
      }
    }
  },
  "parentArchetypeId" : "openEHR-EHR-SECTION.adhoc.v1",
  "differential" : true,
  "archetypeId" : {
    "@type" : "ARCHETYPE_HRID",
    "value" : "openEHR-EHR-SECTION.riwayatkeluarga.v1"
  },
  "definition" : {
    "@type" : "C_COMPLEX_OBJECT",
    "rmTypeName" : "SECTION",
    "nodeId" : "at0000.1",
    "attributes" : [ {
      "@type" : "C_ATTRIBUTE",
      "rmAttributeName" : "items",
      "existence" : "0..1",
      "cardinality" : {
        "@type" : "CARDINALITY",
        "interval" : "1..*",
        "ordered" : false,
        "unique" : false
      },
      "children" : [ {
        "@type" : "C_ARCHETYPE_ROOT",
        "rmTypeName" : "OBSERVATION",
        "occurrences" : "0..1",
        "nodeId" : "at0.2",
        "attributes" : [ ],
        "attributeTuples" : [ ],
        "archetypeRef" : "openEHR-EHR-OBSERVATION.ovl-family_history_screening_questionnaire-001.v0",
        "referenceType" : "archetypeOverlay"
      } ]
    } ],
    "attributeTuples" : [ ]
  },
  "terminology" : {
    "@type" : "ARCHETYPE_TERMINOLOGY",
    "conceptCode" : "at0000",
    "termDefinitions" : {
      "en" : {
        "at0000.1" : {
          "@type" : "ARCHETYPE_TERM",
          "code" : "at0000.1",
          "text" : "Riwayat Keluarga",
          "description" : "A generic section header which should be renamed in a template to suit a specific clinical context."
        }
      },
      "ru" : {
        "at0000.1" : {
          "@type" : "ARCHETYPE_TERM",
          "code" : "at0000.1",
          "text" : "заготовка заголовка (5)",
          "description" : "Образец заголовка раздела"
        }
      },
      "es-ar" : {
        "at0000.1" : {
          "@type" : "ARCHETYPE_TERM",
          "code" : "at0000.1",
          "text" : "Encabezado ad hoc (5)",
          "description" : "Un encabezado de sección de tipo genérico que será renombrado en una plantilla para su empleo en un contexto clínico específico."
        }
      },
      "sl" : {
        "at0000.1" : {
          "@type" : "ARCHETYPE_TERM",
          "code" : "at0000.1",
          "text" : "Naslov sekcije (5)",
          "description" : "Naslov sekcije"
        }
      },
      "nb" : {
        "at0000.1" : {
          "@type" : "ARCHETYPE_TERM",
          "code" : "at0000.1",
          "text" : "Templat-overskrift (5)",
          "description" : "En generisk seksjonsoverskrift som skal gis nytt navn i en templat for å passe i en gitt klinisk kontekst."
        }
      },
      "pt-br" : {
        "at0000.1" : {
          "@type" : "ARCHETYPE_TERM",
          "code" : "at0000.1",
          "text" : "Cabeçalho Ad hoc (5)",
          "description" : "Um cabeçalho de sessão genérico que deve ser renomeado no template para adequar-se a um contexto clínico específico."
        }
      },
      "sv" : {
        "at0000.1" : {
          "@type" : "ARCHETYPE_TERM",
          "code" : "at0000.1",
          "text" : "Rubrik (5)",
          "description" : "En allmän avsnittsrubrik som döps om i en openEHR-mall för att passa in i en specifik klinisk kontext."
        }
      },
      "de" : {
        "at0000.1" : {
          "@type" : "ARCHETYPE_TERM",
          "code" : "at0000.1",
          "text" : "Ad hoc Überschrift (5)",
          "description" : "Eine generische Abschnittsüberschrift eines Templates, welche entsprechend dem spezifischen klinischen Kontext umbenannt werden sollte."
        }
      },
      "it" : {
        "at0000.1" : {
          "@type" : "ARCHETYPE_TERM",
          "code" : "at0000.1",
          "text" : "Intestazione di sezione ad hoc (5)",
          "description" : "Un'intestazione di sezione generica che dovrebbe essere rinominata in un template per adattarsi ad uno specifico contesto clinico."
        }
      },
      "fr" : {
        "at0000.1" : {
          "@type" : "ARCHETYPE_TERM",
          "code" : "at0000.1",
          "text" : "Rubrique ad hoc (5)",
          "description" : "Un en-tête de section générique qui doit être renommé dans un modèle pour s'adapter à un contexte clinique spécifique."
        }
      }
    },
    "termBindings" : { },
    "terminologyExtracts" : { },
    "valueSets" : { }
  },
  "adlVersion" : "1.4",
  "buildUid" : "4e59b620-09af-3875-861a-eeae4af52e10",
  "rmName" : "openehr",
  "rmRelease" : "1.1.0",
  "generated" : true,
  "templateId" : "Cancer-RiwayatKeluarga",
  "otherMetaData" : { },
  "templateOverlays" : [ {
    "@type" : "TEMPLATE_OVERLAY",
    "uid" : "e1cd4b6b-6925-4597-ae45-898848d2d028",
    "description" : {
      "@type" : "RESOURCE_DESCRIPTION",
      "originalAuthor" : { },
      "otherContributors" : [ ],
      "ipAcknowledgements" : { },
      "references" : { },
      "conversionDetails" : { },
      "otherDetails" : {
        "PARENT:MD5-CAM-1.0.1" : "5A775F954A603F2AA5DACA2FC38C0C05"
      },
      "details" : {
        "nb" : {
          "@type" : "RESOURCE_DESCRIPTION_ITEM",
          "language" : {
            "terminologyId" : {
              "value" : "ISO_639-1"
            },
            "codeString" : "nb"
          },
          "purpose" : "For å registrere responsen i et spørreskjema om signifikante helserelaterte forhold hos familiemedlemmer.",
          "keywords" : [ "familie, historie, helse, forhold, problem, diagnose, familiehistorie, slektning" ],
          "use" : "Brukes for å registrere responsen i et spørreskjema om signifikante helserelaterte forhold hos familiemedlemmer.\r\n\r\nVanlige bruksområder inkluderer, men er ikke begrenset til:\r\n- Systematisk spørring i enhver konsultasjon; eller\r\n- Spesifikk spørring relatert til overvåkning av infeksjonssykdom.\r\n\r\nFor å registrere responsen på et spesifikt tidspunkt, eller i et tidsintervall bruk referansemodellens EVENT RM attributt.\r\n\r\nDenne arketypen er laget for bruk som et screeningverktøy for å registrere enkle data i et spørreskjema, for eksempel til et sykdomsregister. Oppdager man i screeningprosessen at et signifikant helserelatert forhold hos familiemedlemmer er tilstede, bør detaljer om forholdet lagres som en del av den løpende journalen. Bruk da arketypen EVALUATION.family_history (Familieanamnese) for å registrere spesifikke detaljer om forholdet.\r\n",
          "misuse" : "Brukes ikke for å registrere detaljer om et spesifikt helserelatert problem. Bruk arketypen EVALUATION.problem_diagnosis for dette formålet.",
          "originalResourceUri" : { },
          "otherDetails" : { }
        },
        "en" : {
          "@type" : "RESOURCE_DESCRIPTION_ITEM",
          "language" : {
            "terminologyId" : {
              "value" : "ISO_639-1"
            },
            "codeString" : "en"
          },
          "purpose" : "To record the responses to a screening questionnaire for health-related problems found in family members.",
          "keywords" : [ "family, history, health, condition, problem, diagnosis, family history, relative" ],
          "use" : "Use to record the responses to a screening questionnaire for health-related problems found in family members.\r\n\r\nCommon use cases include, but are not limited to:\r\n- Systematic questioning in any consultation; or\r\n- Specific questioning related to chronic disease management or preventive health.\r\n\r\nIn order to record the response at a specific point in time or within an interval of time, use the EVENT RM attribute.\r\n\r\nThis archetype has been designed to be used as a screening tool or to record simple questionnaire-format data for use in situations such as a disease registry. If the screening process identifies a positive family problem and it is intended that the details are to be recorded and persisted as part of an ongoing health record, any further specific details about the family problem should be recorded using the EVALUATION.family_history archetype.",
          "misuse" : "Not to be used to record details about a specific health-related problem. Use EVALUATION.problem_diagnosis for this purpose.",
          "copyright" : "© openEHR Foundation",
          "originalResourceUri" : { },
          "otherDetails" : { }
        }
      }
    },
    "parentArchetypeId" : "openEHR-EHR-OBSERVATION.family_history_screening_questionnaire.v0",
    "differential" : true,
    "archetypeId" : {
      "@type" : "ARCHETYPE_HRID",
      "value" : "openEHR-EHR-OBSERVATION.ovl-family_history_screening_questionnaire-001.v0"
    },
    "definition" : {
      "@type" : "C_COMPLEX_OBJECT",
      "rmTypeName" : "OBSERVATION",
      "nodeId" : "at0000.1",
      "attributes" : [ {
        "@type" : "C_ATTRIBUTE",
        "rmAttributeName" : "data",
        "children" : [ {
          "@type" : "C_COMPLEX_OBJECT",
          "rmTypeName" : "HISTORY",
          "nodeId" : "at0001",
          "attributes" : [ {
            "@type" : "C_ATTRIBUTE",
            "rmAttributeName" : "events",
            "children" : [ {
              "@type" : "C_COMPLEX_OBJECT",
              "rmTypeName" : "EVENT",
              "nodeId" : "at0002",
              "attributes" : [ {
                "@type" : "C_ATTRIBUTE",
                "rmAttributeName" : "data",
                "children" : [ {
                  "@type" : "C_COMPLEX_OBJECT",
                  "rmTypeName" : "ITEM_TREE",
                  "nodeId" : "at0003",
                  "attributes" : [ {
                    "@type" : "C_ATTRIBUTE",
                    "rmAttributeName" : "items",
                    "children" : [ {
                      "@type" : "C_COMPLEX_OBJECT",
                      "rmTypeName" : "ELEMENT",
                      "occurrences" : "0..0",
                      "nodeId" : "at0004.1",
                      "attributes" : [ ],
                      "attributeTuples" : [ ]
                    }, {
                      "@type" : "C_COMPLEX_OBJECT",
                      "rmTypeName" : "ELEMENT",
                      "occurrences" : "1..1",
                      "nodeId" : "at0005.1",
                      "attributes" : [ {
                        "@type" : "C_ATTRIBUTE",
                        "rmAttributeName" : "value",
                        "children" : [ {
                          "@type" : "C_COMPLEX_OBJECT",
                          "rmTypeName" : "DV_CODED_TEXT",
                          "attributes" : [ {
                            "@type" : "C_ATTRIBUTE",
                            "rmAttributeName" : "defining_code",
                            "children" : [ {
                              "@type" : "C_TERMINOLOGY_CODE",
                              "rmTypeName" : "TERMINOLOGY_CODE",
                              "occurrences" : "1..1",
                              "terminologyId" : {
                                "value" : "SNOMEDCT"
                              },
                              "constraint" : [ ],
                              "selectedTerminologies" : [ "SNOMEDCT" ],
                              "includedExternalTerminologyCodes" : [ {
                                "terminologyId" : "SNOMEDCT",
                                "code" : "373066001",
                                "value" : "Ya"
                              }, {
                                "terminologyId" : "SNOMEDCT",
                                "code" : "373067005",
                                "value" : "Tidak"
                              } ]
                            } ]
                          } ],
                          "attributeTuples" : [ ]
                        } ]
                      } ],
                      "attributeTuples" : [ ]
                    }, {
                      "@type" : "C_COMPLEX_OBJECT",
                      "rmTypeName" : "CLUSTER",
                      "nodeId" : "at0009.1",
                      "attributes" : [ {
                        "@type" : "C_ATTRIBUTE",
                        "rmAttributeName" : "items",
                        "children" : [ {
                          "@type" : "C_COMPLEX_OBJECT",
                          "rmTypeName" : "ELEMENT",
                          "nodeId" : "at0035.1",
                          "attributes" : [ ],
                          "attributeTuples" : [ ]
                        }, {
                          "@type" : "C_COMPLEX_OBJECT",
                          "rmTypeName" : "ELEMENT",
                          "occurrences" : "0..0",
                          "nodeId" : "at0010.1",
                          "attributes" : [ {
                            "@type" : "C_ATTRIBUTE",
                            "rmAttributeName" : "value",
                            "children" : [ {
                              "@type" : "C_COMPLEX_OBJECT",
                              "rmTypeName" : "DV_TEXT",
                              "attributes" : [ ],
                              "attributeTuples" : [ ]
                            } ]
                          } ],
                          "attributeTuples" : [ ]
                        }, {
                          "@type" : "C_COMPLEX_OBJECT",
                          "rmTypeName" : "ELEMENT",
                          "nodeId" : "at0018.1",
                          "attributes" : [ ],
                          "attributeTuples" : [ ]
                        }, {
                          "@type" : "C_COMPLEX_OBJECT",
                          "rmTypeName" : "ELEMENT",
                          "nodeId" : "at0037.1",
                          "attributes" : [ {
                            "@type" : "C_ATTRIBUTE",
                            "rmAttributeName" : "value",
                            "children" : [ {
                              "@type" : "C_COMPLEX_OBJECT",
                              "rmTypeName" : "DV_DURATION",
                              "attributes" : [ {
                                "@type" : "C_ATTRIBUTE",
                                "rmAttributeName" : "value",
                                "children" : [ {
                                  "@type" : "C_DURATION",
                                  "rmTypeName" : "DURATION",
                                  "patternedConstraint" : "PY",
                                  "constraint" : [ ]
                                } ]
                              } ],
                              "attributeTuples" : [ ]
                            } ]
                          } ],
                          "attributeTuples" : [ ]
                        }, {
                          "@type" : "C_COMPLEX_OBJECT",
                          "rmTypeName" : "ELEMENT",
                          "occurrences" : "0..0",
                          "nodeId" : "at0028.1",
                          "attributes" : [ ],
                          "attributeTuples" : [ ]
                        } ]
                      } ],
                      "attributeTuples" : [ ]
                    } ]
                  } ],
                  "attributeTuples" : [ ]
                } ]
              } ],
              "attributeTuples" : [ ]
            } ]
          } ],
          "attributeTuples" : [ ]
        } ]
      } ],
      "attributeTuples" : [ ]
    },
    "terminology" : {
      "@type" : "ARCHETYPE_TERMINOLOGY",
      "conceptCode" : "at0000",
      "termDefinitions" : {
        "en" : {
          "at0005.1" : {
            "@type" : "ARCHETYPE_TERM",
            "code" : "at0005.1",
            "text" : "Adakah keluarga (ibu, ayah, kakek, nenek, kakak, adik, anak) yang pernah terdiagnosis kanker",
            "description" : "Presence of any relevant problems in the family."
          },
          "at0035.1" : {
            "@type" : "ARCHETYPE_TERM",
            "code" : "at0035.1",
            "text" : "Keluarga n: Jenis kanker",
            "description" : "Identification of the significant problem or diagnosis in the identified family member.",
            "comment" : "Coding of the family member's problem or diagnosis with a terminology is preferred, where possible. "
          },
          "at0010.1" : {
            "@type" : "ARCHETYPE_TERM",
            "code" : "at0010.1",
            "text" : "Keluarga n: Apakah ada riwayat kanker",
            "description" : "Presence of any relevant specific problem."
          },
          "at0018.1" : {
            "@type" : "ARCHETYPE_TERM",
            "code" : "at0018.1",
            "text" : "Keluarga n: Hubungan",
            "description" : "The relationship of the family member to the individual.\r\n",
            "comment" : "For example: mother, step-father, maternal grandmother, or paternal uncle. Coding of the relationship with a terminology is preferred, where possible and including specification of maternal and paternal as required."
          },
          "at0037.1" : {
            "@type" : "ARCHETYPE_TERM",
            "code" : "at0037.1",
            "text" : "Keluarga n: Usia saat terdiagnosa",
            "description" : "Age of the family member at diagnosis."
          },
          "at0009.1" : {
            "@type" : "ARCHETYPE_TERM",
            "code" : "at0009.1",
            "text" : "Riwayat keluarga spesifik",
            "description" : "Screening details about a specified health problem.",
            "comment" : "This grouping is currently  ordered to indicate relationships per problem, but in practice could also be used to capture problems per relationship as Problem/Diagnosis name and Relationship both allow multiple occurrences."
          }
        },
        "nb" : { }
      },
      "termBindings" : { },
      "terminologyExtracts" : { },
      "valueSets" : {
        "ac0.1" : {
          "@type" : "VALUE_SET",
          "id" : "ac0.1",
          "members" : [ "at0006", "at0007", "at0008" ]
        },
        "ac0.2" : {
          "@type" : "VALUE_SET",
          "id" : "ac0.2",
          "members" : [ "at0011", "at0012", "at0013" ]
        },
        "ac0.3" : {
          "@type" : "VALUE_SET",
          "id" : "ac0.3",
          "members" : [ "at0006", "at0007", "at0008" ]
        },
        "ac0.5" : {
          "@type" : "VALUE_SET",
          "id" : "ac0.5",
          "members" : [ "at0006", "at0007", "at0008" ]
        },
        "ac0.6" : {
          "@type" : "VALUE_SET",
          "id" : "ac0.6",
          "members" : [ ]
        },
        "ac0.7" : {
          "@type" : "VALUE_SET",
          "id" : "ac0.7",
          "members" : [ ]
        },
        "ac0.8" : {
          "@type" : "VALUE_SET",
          "id" : "ac0.8",
          "members" : [ ]
        }
      }
    },
    "adlVersion" : "1.4",
    "buildUid" : "859c3eb9-44b3-4c78-9331-35dac8c94af0",
    "rmName" : "openehr",
    "rmRelease" : "1.1.0",
    "generated" : true,
    "otherMetaData" : { },
    "originalLanguage" : {
      "terminologyId" : {
        "value" : "ISO_639-1"
      },
      "codeString" : "en"
    },
    "translations" : [ {
      "@type" : "TRANSLATION_DETAILS",
      "language" : {
        "terminologyId" : {
          "value" : "ISO_639-1"
        },
        "codeString" : "nb"
      },
      "author" : {
        "name" : "Silje Ljosland Bakke, Marit Alice Venheim, John Tore Valand",
        "organisation" : "Helse Vest IKT AS, Helse Bergen",
        "email" : "silje.ljosland.bakke@helse-vest-ikt.no, marit.alice.venheim@helse-vest-ikt.no, john.tore.valand@helse-bergen.no"
      },
      "otherDetails" : { }
    } ]
  } ],
  "originalLanguage" : {
    "terminologyId" : {
      "value" : "ISO_639-1"
    },
    "codeString" : "en"
  },
  "translations" : [ {
    "@type" : "TRANSLATION_DETAILS",
    "language" : {
      "terminologyId" : {
        "value" : "ISO_639-1"
      },
      "codeString" : "de"
    },
    "author" : { },
    "otherDetails" : { }
  }, {
    "@type" : "TRANSLATION_DETAILS",
    "language" : {
      "terminologyId" : {
        "value" : "ISO_639-1"
      },
      "codeString" : "ru"
    },
    "author" : { },
    "otherDetails" : { }
  }, {
    "@type" : "TRANSLATION_DETAILS",
    "language" : {
      "terminologyId" : {
        "value" : "ISO_639-1"
      },
      "codeString" : "sv"
    },
    "author" : { },
    "otherDetails" : { }
  }, {
    "@type" : "TRANSLATION_DETAILS",
    "language" : {
      "terminologyId" : {
        "value" : "ISO_639-1"
      },
      "codeString" : "es-ar"
    },
    "author" : { },
    "otherDetails" : { }
  }, {
    "@type" : "TRANSLATION_DETAILS",
    "language" : {
      "terminologyId" : {
        "value" : "ISO_639-1"
      },
      "codeString" : "nb"
    },
    "author" : { },
    "otherDetails" : { }
  }, {
    "@type" : "TRANSLATION_DETAILS",
    "language" : {
      "terminologyId" : {
        "value" : "ISO_639-1"
      },
      "codeString" : "pt-br"
    },
    "author" : { },
    "otherDetails" : { }
  }, {
    "@type" : "TRANSLATION_DETAILS",
    "language" : {
      "terminologyId" : {
        "value" : "ISO_639-1"
      },
      "codeString" : "sl"
    },
    "author" : { },
    "otherDetails" : { }
  }, {
    "@type" : "TRANSLATION_DETAILS",
    "language" : {
      "terminologyId" : {
        "value" : "ISO_639-1"
      },
      "codeString" : "it"
    },
    "author" : { },
    "otherDetails" : { }
  }, {
    "@type" : "TRANSLATION_DETAILS",
    "language" : {
      "terminologyId" : {
        "value" : "ISO_639-1"
      },
      "codeString" : "fr"
    },
    "author" : { },
    "otherDetails" : { }
  } ]
}