{
  "@type" : "TEMPLATE",
  "uid" : "24eb9b52-42d4-4316-a9c6-c53186aa3114",
  "description" : {
    "@type" : "RESOURCE_DESCRIPTION",
    "originalAuthor" : {
      "date" : "2022-11-16"
    },
    "otherContributors" : [ ],
    "lifecycleState" : {
      "codeString" : "unmanaged"
    },
    "ipAcknowledgements" : { },
    "references" : { },
    "conversionDetails" : { },
    "otherDetails" : {
      "licence" : "This work is licensed under the Creative Commons Attribution-ShareAlike 4.0 International License. To view a copy of this license, visit http://creativecommons.org/licenses/by-sa/4.0/.",
      "custodian_organisation" : "openEHR Foundation",
      "original_namespace" : "org.openehr",
      "original_publisher" : "openEHR Foundation",
      "custodian_namespace" : "org.openehr",
      "MD5-CAM-1.0.1" : "e7874543abc38f0dca70e33ce9d1ed4e",
      "sem_ver" : "0.1.1",
      "build_uid" : "c274818d-04f1-4bb3-8b38-d09bc1e95eb6"
    },
    "details" : {
      "de" : {
        "@type" : "RESOURCE_DESCRIPTION_ITEM",
        "language" : {
          "terminologyId" : {
            "value" : "ISO_639-1"
          },
          "codeString" : "de"
        },
        "keywords" : [ ],
        "originalResourceUri" : { },
        "otherDetails" : { }
      },
      "sv" : {
        "@type" : "RESOURCE_DESCRIPTION_ITEM",
        "language" : {
          "terminologyId" : {
            "value" : "ISO_639-1"
          },
          "codeString" : "sv"
        },
        "keywords" : [ ],
        "originalResourceUri" : { },
        "otherDetails" : { }
      },
      "ru" : {
        "@type" : "RESOURCE_DESCRIPTION_ITEM",
        "language" : {
          "terminologyId" : {
            "value" : "ISO_639-1"
          },
          "codeString" : "ru"
        },
        "keywords" : [ ],
        "originalResourceUri" : { },
        "otherDetails" : { }
      },
      "nb" : {
        "@type" : "RESOURCE_DESCRIPTION_ITEM",
        "language" : {
          "terminologyId" : {
            "value" : "ISO_639-1"
          },
          "codeString" : "nb"
        },
        "keywords" : [ ],
        "originalResourceUri" : { },
        "otherDetails" : { }
      },
      "es-ar" : {
        "@type" : "RESOURCE_DESCRIPTION_ITEM",
        "language" : {
          "terminologyId" : {
            "value" : "ISO_639-1"
          },
          "codeString" : "es-ar"
        },
        "keywords" : [ ],
        "originalResourceUri" : { },
        "otherDetails" : { }
      },
      "pt-br" : {
        "@type" : "RESOURCE_DESCRIPTION_ITEM",
        "language" : {
          "terminologyId" : {
            "value" : "ISO_639-1"
          },
          "codeString" : "pt-br"
        },
        "keywords" : [ ],
        "originalResourceUri" : { },
        "otherDetails" : { }
      },
      "en" : {
        "@type" : "RESOURCE_DESCRIPTION_ITEM",
        "language" : {
          "terminologyId" : {
            "value" : "ISO_639-1"
          },
          "codeString" : "en"
        },
        "keywords" : [ ],
        "originalResourceUri" : { },
        "otherDetails" : { }
      },
      "sl" : {
        "@type" : "RESOURCE_DESCRIPTION_ITEM",
        "language" : {
          "terminologyId" : {
            "value" : "ISO_639-1"
          },
          "codeString" : "sl"
        },
        "keywords" : [ ],
        "originalResourceUri" : { },
        "otherDetails" : { }
      },
      "it" : {
        "@type" : "RESOURCE_DESCRIPTION_ITEM",
        "language" : {
          "terminologyId" : {
            "value" : "ISO_639-1"
          },
          "codeString" : "it"
        },
        "keywords" : [ ],
        "originalResourceUri" : { },
        "otherDetails" : { }
      },
      "fr" : {
        "@type" : "RESOURCE_DESCRIPTION_ITEM",
        "language" : {
          "terminologyId" : {
            "value" : "ISO_639-1"
          },
          "codeString" : "fr"
        },
        "keywords" : [ ],
        "originalResourceUri" : { },
        "otherDetails" : { }
      }
    }
  },
  "parentArchetypeId" : "openEHR-EHR-SECTION.adhoc.v1",
  "differential" : true,
  "archetypeId" : {
    "@type" : "ARCHETYPE_HRID",
    "value" : "openEHR-EHR-SECTION.jenispekerjaan.v1"
  },
  "definition" : {
    "@type" : "C_COMPLEX_OBJECT",
    "rmTypeName" : "SECTION",
    "nodeId" : "at0000.1",
    "attributes" : [ {
      "@type" : "C_ATTRIBUTE",
      "rmAttributeName" : "items",
      "existence" : "0..1",
      "cardinality" : {
        "@type" : "CARDINALITY",
        "interval" : "1..*",
        "ordered" : false,
        "unique" : false
      },
      "children" : [ {
        "@type" : "C_ARCHETYPE_ROOT",
        "rmTypeName" : "EVALUATION",
        "occurrences" : "0..1",
        "nodeId" : "at0.1",
        "attributes" : [ ],
        "attributeTuples" : [ ],
        "archetypeRef" : "openEHR-EHR-EVALUATION.ovl-occupation_summary-001.v1",
        "referenceType" : "archetypeOverlay"
      } ]
    } ],
    "attributeTuples" : [ ]
  },
  "terminology" : {
    "@type" : "ARCHETYPE_TERMINOLOGY",
    "conceptCode" : "at0000",
    "termDefinitions" : {
      "en" : {
        "at0000.1" : {
          "@type" : "ARCHETYPE_TERM",
          "code" : "at0000.1",
          "text" : "Jenis Pekerjaan",
          "description" : "A generic section header which should be renamed in a template to suit a specific clinical context."
        }
      },
      "ru" : {
        "at0000.1" : {
          "@type" : "ARCHETYPE_TERM",
          "code" : "at0000.1",
          "text" : "заготовка заголовка (2)",
          "description" : "Образец заголовка раздела"
        }
      },
      "es-ar" : {
        "at0000.1" : {
          "@type" : "ARCHETYPE_TERM",
          "code" : "at0000.1",
          "text" : "Encabezado ad hoc (2)",
          "description" : "Un encabezado de sección de tipo genérico que será renombrado en una plantilla para su empleo en un contexto clínico específico."
        }
      },
      "sl" : {
        "at0000.1" : {
          "@type" : "ARCHETYPE_TERM",
          "code" : "at0000.1",
          "text" : "Naslov sekcije (2)",
          "description" : "Naslov sekcije"
        }
      },
      "nb" : {
        "at0000.1" : {
          "@type" : "ARCHETYPE_TERM",
          "code" : "at0000.1",
          "text" : "Templat-overskrift (2)",
          "description" : "En generisk seksjonsoverskrift som skal gis nytt navn i en templat for å passe i en gitt klinisk kontekst."
        }
      },
      "pt-br" : {
        "at0000.1" : {
          "@type" : "ARCHETYPE_TERM",
          "code" : "at0000.1",
          "text" : "Cabeçalho Ad hoc (2)",
          "description" : "Um cabeçalho de sessão genérico que deve ser renomeado no template para adequar-se a um contexto clínico específico."
        }
      },
      "sv" : {
        "at0000.1" : {
          "@type" : "ARCHETYPE_TERM",
          "code" : "at0000.1",
          "text" : "Rubrik (2)",
          "description" : "En allmän avsnittsrubrik som döps om i en openEHR-mall för att passa in i en specifik klinisk kontext."
        }
      },
      "de" : {
        "at0000.1" : {
          "@type" : "ARCHETYPE_TERM",
          "code" : "at0000.1",
          "text" : "Ad hoc Überschrift (2)",
          "description" : "Eine generische Abschnittsüberschrift eines Templates, welche entsprechend dem spezifischen klinischen Kontext umbenannt werden sollte."
        }
      },
      "it" : {
        "at0000.1" : {
          "@type" : "ARCHETYPE_TERM",
          "code" : "at0000.1",
          "text" : "Intestazione di sezione ad hoc (2)",
          "description" : "Un'intestazione di sezione generica che dovrebbe essere rinominata in un template per adattarsi ad uno specifico contesto clinico."
        }
      },
      "fr" : {
        "at0000.1" : {
          "@type" : "ARCHETYPE_TERM",
          "code" : "at0000.1",
          "text" : "Rubrique ad hoc (2)",
          "description" : "Un en-tête de section générique qui doit être renommé dans un modèle pour s'adapter à un contexte clinique spécifique."
        }
      }
    },
    "termBindings" : { },
    "terminologyExtracts" : { },
    "valueSets" : { }
  },
  "adlVersion" : "1.4",
  "buildUid" : "3fd28cb4-8d31-39d9-8ffe-492996c1a792",
  "rmName" : "openehr",
  "rmRelease" : "1.1.0",
  "generated" : true,
  "templateId" : "Cancer-JenisPekerjaan",
  "otherMetaData" : { },
  "templateOverlays" : [ {
    "@type" : "TEMPLATE_OVERLAY",
    "uid" : "95e5cbb9-31f7-46d8-9dab-e8ea6ad0f244",
    "description" : {
      "@type" : "RESOURCE_DESCRIPTION",
      "originalAuthor" : { },
      "otherContributors" : [ ],
      "ipAcknowledgements" : { },
      "references" : { },
      "conversionDetails" : { },
      "otherDetails" : { },
      "details" : {
        "de" : {
          "@type" : "RESOURCE_DESCRIPTION_ITEM",
          "language" : {
            "terminologyId" : {
              "value" : "ISO_639-1"
            },
            "codeString" : "de"
          },
          "purpose" : "Zur Darstellung einer Zusammenfassung oder beständiger Information zu aktuellen und früheren Jobs und / oder Rollen einer Person.",
          "keywords" : [ "Beschäftigung", "Studium", "Job", "Arbeit", "Pflegekraft", "Rolle", "Pensionär", "Schüler", "Mitarbeiter", "Arbeitgeber", "Beruf", "Arbeitslosigkeit", "Berufstätigkeit", "Kind", "Rentner", "Behinderte" ],
          "use" : "Zur Darstellung einer Zusammenfassung oder beständiger Information zu aktuellen und früheren Jobs und / oder Rollen einer Person.\r\n\r\nDieser Archetyp wurde entwickelt, um als eigenständiger Archetyp im Kontext einer sozialen Vorgeschichte (oder ähnlich) in einem Template verwendet zu werden. Es ist beabsichtigt, eine Zusammenfassung aller Beschäftigungen im weitesten Sinne zu bieten. Verwenden Sie für jeden Job oder jede Rolle eine separate Instanz des CLUSTER.occupation_record im SLOT für \"Beschäftigungsepisode\".",
          "misuse" : "Nicht zur Darstellung strukturierter Angaben zu einem bestimmten Job oder einer bestimmten Rolle verwenden. Verwenden Sie zu diesem Zweck den Archetyp CLUSTER.occupation_record im SLOT \"Beschäftigung\".\r\n\r\nNicht zur detaillierten Beschreibung von Gesundheitsrisiken oder der Exposition gegenüber gefährlichen Substanzen am Arbeitsplatz verwenden. Verwenden Sie für diese Zwecke den Archetyp EVALUATION.health_risk oder EVALUATION.exposure.\r\n\r\nDarf nicht verwendet werden, um Informationen über Einkommensquellen oder Einkommensangaben für die Person darzustellen. Verwenden Sie dafür den Archetyp CLUSTER.income_summary.",
          "originalResourceUri" : { },
          "otherDetails" : { }
        },
        "nb" : {
          "@type" : "RESOURCE_DESCRIPTION_ITEM",
          "language" : {
            "terminologyId" : {
              "value" : "ISO_639-1"
            },
            "codeString" : "nb"
          },
          "purpose" : "For å registrere et sammendrag eller varig (persistent) informasjon om et individs nåværende eller tidligere arbeid og/eller roller.",
          "keywords" : [ "arbeid", "arbeidstaker", "arbeidsgiver", "arbeidsforhold", "arbeidshistorikk", "jobb", "ansatt", "yrke", "arbeidsløs", "studerer", "student", "elev", "trygdet", "ufør", "arbeidssituasjon", "erverv", "yrkestilknytning", "pensjon", "pensjonist", "attføring", "bransje", "arbeidsledig", "hjemmeværende", "stilling", "profesjon", "frivillig" ],
          "use" : "Brukes for å registrere et sammendrag eller varig (persistent) informasjon om et individs nåværende eller tidligere arbeid og/eller roller.\r\n\r\nArketypen er laget for å være en frittstående arketype, og kan benyttes som del av individets sosialanamnese i en templat.\r\nDen er ment å gi et sammendrag over alle former for arbeid/roller. For hver enkelt jobb eller rolle brukes én instans av arketypen CLUSTER.occupation_record (Arbeidsforhold/rolle) i SLOTet \"Arbeidsepisode\".",
          "misuse" : "Brukes ikke for å registrere strukturerte detaljer om en spesifikk rolle eller bidrag. Bruk arketypen CLUSTER.occupation_record (Arbeidsforhold/rolle) i SLOTet \"Arbeidsepisode\" for dette formålet.\r\n\t\r\nBrukes ikke for detaljerte beskrivelser av helserisikoer eller eksponering for farlige substanser i arbeidssituasjonen. Til dette brukes henholdsvis arketypene EVALUATION.health_risk (Helserisiko) eller EVALUATION.exposure.\r\n\r\nBrukes ikke for å registrere informasjon om individets inntekt eller inntektskilder. Bruk arketypen CLUSTER.income_summary for dette formålet.",
          "copyright" : "© openEHR Foundation",
          "originalResourceUri" : { },
          "otherDetails" : { }
        },
        "en" : {
          "@type" : "RESOURCE_DESCRIPTION_ITEM",
          "language" : {
            "terminologyId" : {
              "value" : "ISO_639-1"
            },
            "codeString" : "en"
          },
          "purpose" : "To record a summary or persistent information about an individual's current and past jobs and/or roles.",
          "keywords" : [ "employment", "study", "job", "work", "carer", "role", "pensioner", "student", "employee", "employer", "profession", "unemployment", "occupation", "child", "retiree", "disabled" ],
          "use" : "Use to record a summary or persistent information about an individual's current and past jobs and/or roles.\r\n\r\nThis archetype has been designed to be used as a standalone archetype within the context of a Social History (or similar) template. It is intended to provide a summary of all occupations, considered in the broadest sense. For each job or role, use a separate instance of the CLUSTER.occupation_record within the SLOT for 'Occupation episode'.",
          "misuse" : "Not to be used for recording structured details about a specific job or role. Use the CLUSTER.occupation_record archetype within 'Occupation record' SLOT for this purpose.\r\n\r\nNot to be used for detailed descriptions of health risks or exposure to hazardous substances in the workplace. Use the EVALUATION.health_risk or EVALUATION.exposure archetype for these purposes.\r\n\r\nNot to be used to record information about sources of income or income details for the individual. Use the CLUSTER.income_summary archetype for this purpose.",
          "copyright" : "© Australian Digital Health Agency, openEHR Foundation",
          "originalResourceUri" : { },
          "otherDetails" : { }
        },
        "it" : {
          "@type" : "RESOURCE_DESCRIPTION_ITEM",
          "language" : {
            "terminologyId" : {
              "value" : "ISO_639-1"
            },
            "codeString" : "it"
          },
          "purpose" : "Registrare un sommario o informazioni persistenti sulle attività lavorative e/o ruoli presenti e passati di un individuo.",
          "keywords" : [ "impiego, studio, lavoro, occupazione, badante, ruolo, pensionato, studente, impiegato, datore di lavoro, professione, disoccupazione, occupazione, figlio, disabile" ],
          "use" : "Usato per registrare un sommario o informazioni persistenti sulle attività lavorative e/o ruoli presenti e passati di un individuo.\r\n\r\nQuesto archetipo è stato ideato per essere usato come archetipo a sé stante all'interno di un template per la 'Storia sociale' (o simili). L'archetipo intende fornire un sommario  di tutte le occupazioni, considerate nel senso più ampio del termine. Per ogni professione o ruolo, usare una istanza separata dell'archetipo CLUSTER.occupation_record all'interno dello SLOT 'Episodio lavorativo'.",
          "misuse" : "Non utilizzare per memorizzare dettagli strutturati riguardanti una specifica professione o ruolo. Per questo scopo, usare invece l'archetipo CLUSTER.occupation_record all'interno dello SLOT 'Episodio lavorativo'.\r\n\r\nNon utilizzare per descrizioni dettagliate dei rischi per la salute o dell'esposizione a sostanze pericolose nel luogo di lavoro. Utilizzare invece gli archetipi EVALUATION.health_risk o EVALUATION.exposure.\r\n\r\nNon utilizzare per memorizzare informazioni sulle fonti o dettagli del reddito dell'individuo. Per questo scopo, utilizzare l'archetipo EVALUATION.income_summary.",
          "originalResourceUri" : { },
          "otherDetails" : { }
        }
      }
    },
    "parentArchetypeId" : "openEHR-EHR-EVALUATION.occupation_summary.v1",
    "differential" : true,
    "archetypeId" : {
      "@type" : "ARCHETYPE_HRID",
      "value" : "openEHR-EHR-EVALUATION.ovl-occupation_summary-001.v1"
    },
    "definition" : {
      "@type" : "C_COMPLEX_OBJECT",
      "rmTypeName" : "EVALUATION",
      "nodeId" : "at0000.1",
      "attributes" : [ {
        "@type" : "C_ATTRIBUTE",
        "rmAttributeName" : "data",
        "children" : [ {
          "@type" : "C_COMPLEX_OBJECT",
          "rmTypeName" : "ITEM_TREE",
          "nodeId" : "at0001",
          "attributes" : [ {
            "@type" : "C_ATTRIBUTE",
            "rmAttributeName" : "items",
            "children" : [ {
              "@type" : "C_COMPLEX_OBJECT",
              "rmTypeName" : "ELEMENT",
              "occurrences" : "0..0",
              "nodeId" : "at0002.1",
              "attributes" : [ ],
              "attributeTuples" : [ ]
            }, {
              "@type" : "C_COMPLEX_OBJECT",
              "rmTypeName" : "ELEMENT",
              "occurrences" : "0..0",
              "nodeId" : "at0004.1",
              "attributes" : [ ],
              "attributeTuples" : [ ]
            }, {
              "@type" : "C_COMPLEX_OBJECT",
              "rmTypeName" : "ELEMENT",
              "occurrences" : "0..0",
              "nodeId" : "at0006.1",
              "attributes" : [ ],
              "attributeTuples" : [ ]
            }, {
              "@type" : "C_ARCHETYPE_ROOT",
              "rmTypeName" : "CLUSTER",
              "occurrences" : "0..1",
              "nodeId" : "at0003.1",
              "attributes" : [ ],
              "attributeTuples" : [ ],
              "archetypeRef" : "openEHR-EHR-CLUSTER.ovl-occupation_record-001.v1",
              "referenceType" : "archetypeOverlay"
            } ]
          } ],
          "attributeTuples" : [ ]
        } ]
      }, {
        "@type" : "C_ATTRIBUTE",
        "rmAttributeName" : "protocol",
        "children" : [ {
          "@type" : "C_COMPLEX_OBJECT",
          "rmTypeName" : "ITEM_TREE",
          "nodeId" : "at0007",
          "attributes" : [ {
            "@type" : "C_ATTRIBUTE",
            "rmAttributeName" : "items",
            "children" : [ {
              "@type" : "C_COMPLEX_OBJECT",
              "rmTypeName" : "ELEMENT",
              "occurrences" : "0..0",
              "nodeId" : "at0009.1",
              "attributes" : [ ],
              "attributeTuples" : [ ]
            } ]
          } ],
          "attributeTuples" : [ ]
        } ]
      } ],
      "attributeTuples" : [ ]
    },
    "terminology" : {
      "@type" : "ARCHETYPE_TERMINOLOGY",
      "conceptCode" : "at0000",
      "termDefinitions" : {
        "en" : { },
        "nb" : { },
        "it" : { },
        "de" : { }
      },
      "termBindings" : { },
      "terminologyExtracts" : { },
      "valueSets" : { }
    },
    "adlVersion" : "1.4",
    "buildUid" : "806bc0d0-1ad8-4686-93a9-b424423c91f5",
    "rmName" : "openehr",
    "rmRelease" : "1.1.0",
    "generated" : true,
    "otherMetaData" : { },
    "originalLanguage" : {
      "terminologyId" : {
        "value" : "ISO_639-1"
      },
      "codeString" : "en"
    },
    "translations" : [ {
      "@type" : "TRANSLATION_DETAILS",
      "language" : {
        "terminologyId" : {
          "value" : "ISO_639-1"
        },
        "codeString" : "de"
      },
      "author" : {
        "name" : "Natalia Strauch",
        "organisation" : "Medizinische Hochschule Hannover",
        "email" : "Strauch.Natalia@mh-hannover.de"
      },
      "otherDetails" : { }
    }, {
      "@type" : "TRANSLATION_DETAILS",
      "language" : {
        "terminologyId" : {
          "value" : "ISO_639-1"
        },
        "codeString" : "nb"
      },
      "author" : {
        "name" : "Silje Ljosland Bakke",
        "organisation" : "Nasjonal IKT HF"
      },
      "otherDetails" : { }
    }, {
      "@type" : "TRANSLATION_DETAILS",
      "language" : {
        "terminologyId" : {
          "value" : "ISO_639-1"
        },
        "codeString" : "it"
      },
      "author" : {
        "name" : "Cecilia Mascia",
        "organisation" : "CRS4 - Center for advanced studies, research and development in Sardinia, Pula (Cagliari), Italy",
        "email" : "cecilia.mascia@crs4.it"
      },
      "otherDetails" : { }
    } ]
  }, {
    "@type" : "TEMPLATE_OVERLAY",
    "uid" : "b5a6e860-c452-4e98-8325-f20752e23d6a",
    "description" : {
      "@type" : "RESOURCE_DESCRIPTION",
      "originalAuthor" : { },
      "otherContributors" : [ ],
      "ipAcknowledgements" : { },
      "references" : { },
      "conversionDetails" : { },
      "otherDetails" : { },
      "details" : {
        "de" : {
          "@type" : "RESOURCE_DESCRIPTION_ITEM",
          "language" : {
            "terminologyId" : {
              "value" : "ISO_639-1"
            },
            "codeString" : "de"
          },
          "purpose" : "Darstellung von detaiilierten Informationen zu einem Job oder einer Rolle, die von einer Person während eines bestimmten Zeitraums ausgeführt wurde.",
          "keywords" : [ "Beschäftigung", "Arbeitgeber", "Job", "Tätigkeit", "Arbeit", "Beruf", "arbeitslos", "Mitarbeiter", "Arbeitslosigkeit", "studieren", "beschäftigt", "Schüler", "Branche", "Berufstätigkeit", "Freiwilliger", "Berufung", "Handel", "Arbeiter", "Ehrenamtliche", "Position", "Arbeitsplatz" ],
          "use" : "Verwenden Sie diesen Archetyp, um detaillierte Angaben zu einem Job oder einer Rolle darzustellen, die von einer Person während eines bestimmten Zeitraums ausgeführt wurde.\r\n\r\nDer Umfang dieses Archetyps umfasst alle Beschäftigungen oder Tätigkeiten einer Person. Zum Beispiel: ein bezahlter Job oder Dienst; unbezahlte Arbeit jeglicher Art wie eine Freiwilligentätigket; oder Rollen wie Ruhestand oder Student.\r\n\r\nMehrere Instanzen dieses Archetyps, die im Laufe der Zeit erfasst werden, führen zur Übersicht eines Verlaufs vergangener und aktueller Jobs und / oder Rollen.\r\n\r\nEine aktive, aktuelle Beschäftigung kann aus \"Beginn\" abgeleitet werden, wenn unter \"Ende\" nichts vermerkt ist.\r\n\r\nEine Person kann viele gleichzeitige Beschäftigungen ausüben, von denen jede bezahlt oder unbezahlt sein kann. Jede Beschäftigung sollte in einer separaten Instanz dieses Archetyps dargestellt werden.\r\n\r\nWenn sich die Details der Beschäftigung wesentlich ändern, z. B. eine Änderung der Rolle / des Titels oder der Anzahl der Stunden, sollte dies als separate Instanz dieses Archetyps dargestellt werden.\r\n\r\nDieser Archetyp wurde speziell für die Verwendung im SLOT \"Beschäftigungsepisode\" im Archetyp \"EVALUATION.occupation_summary\" entwickelt, kann aber auch in anderen ENTRY- oder CLUSTER-Archetypen verwendet werden, sofern dies klinisch angemessen ist.\r\n\r\nEs können offensichtliche oder tatsächliche Überlappungen zwischen den Datenelementen dieses Archetyps und demografische Details zu Berufs- / Beschäftigungsdetails an anderen Stellen der klinischen oder administrativen Systeme geben. Die Datenelemente dieses Archetyps wurden speziell zur Unterstützung klinischer Zwecke entwickelt, einschließlich der Erstellung eines ärztlichen Attests für einen aktuellen Arbeitgeber.",
          "misuse" : "Darf nicht verwendet werden, um vorübergehende Änderungen oder Episoden innerhalb eines einzelnen Beschäftigungsdatensatzes darzustellen, z. B. Urlaub. Dies ist mit diesen Archetyp nicht möglich und sollte Teil des Human Relations-Systems eines Arbeitgebers sein.\r\n\r\nNicht zur detaillierten Beschreibung von Gesundheitsrisiken oder der Exposition gegenüber gefährlichen Substanzen am Arbeitsplatz verwenden. Verwenden Sie zu diesem Zweck die Archetypen EVALUATION.health_risk oder EVALUATION.exposure.\r\n\r\nDarf nicht verwendet werden, um Informationen über Einkommensquellen oder Einkommensangaben für die Person darzustellen. Verwenden Sie zu diesem Zweck den Archetyp EVALUATION.income_summary.\r\n\r\nNicht zur Darstellung von Informationen über die Beschäftigung einer Person zu einem bestimmten Zeitpunkt (z. B. am 16. Juni 2014) oder während eines relativen Zeitintervalls (z. B. „in den letzten 30 Tagen“) verwenden. Verwenden Sie einen geeigneten OBSERVATION-Archetyp für diesen Zweck.",
          "originalResourceUri" : { },
          "otherDetails" : { }
        },
        "pt" : {
          "@type" : "RESOURCE_DESCRIPTION_ITEM",
          "language" : {
            "terminologyId" : {
              "value" : "ISO_639-1"
            },
            "codeString" : "pt"
          },
          "purpose" : "Registrar detalhes sobre um único trabalho ou função executada por um indivíduo durante um período especificado.\r\n",
          "keywords" : [ "emprego", "Empregador", "trabalho", "ocupação", "trabalhos", "profissão", "desempregado", "empregado", "desemprego", "estudante", "aluno", "setor", "profissão", "voluntário", "vocação", "comércio", "trabalhador", "posição" ],
          "use" : "Use para registrar detalhes sobre um único trabalho ou função realizada por uma pessoa durante um período especificado.\r\n\r\nO escopo deste arquétipo inclui todas as ocupações ou atividades realizadas por um indivíduo. Por exemplo: um trabalho remunerado ou emprego; trabalho não remunerado de qualquer tipo, como uma posição de voluntário; ou papéis como aposentado ou aluno.\r\n\r\nVárias instâncias desse arquétipo capturadas ao longo do tempo resultarão na agregação de um histórico de trabalhos e / ou funções anteriores e atuais.\r\n\r\nUma ocupação ativa ou atual pode estar implícita a partir de uma 'Data de início', mas não pela 'Data de encerramento'.\r\n\r\nUm indivíduo pode realizar ocupações simultâneas, cada uma das quais podendo ser remuneradas ou não. Cada ocupação deve ser registrada em uma instância separada desse arquétipo.\r\n\r\nSe os atributos de ocupação mudarem significativamente, como uma mudança de função / título ou número de horas, isso deverá ser registrado como uma instância separada desse arquétipo.\r\n\r\nEsse arquétipo foi projetado especificamente para ser usado no SLOT 'Episódio de ocupação' dentro do arquétipo EVALUATION.occupation_summary, mas também pode ser usado em qualquer outro arquétipo ENTRY ou CLUSTER, onde for clinicamente apropriado.\r\n\r\nPode haver alguma sobreposição aparente ou real entre os elementos de dados neste arquétipo e os detalhes de ocupação / emprego que podem ser armazenados como detalhes demográficos em sistemas clínicos ou administrativos. Esses elementos de dados foram projetados especificamente para apoiar fins clínicos, incluindo a geração de um atestado médico para um empregador atual.",
          "misuse" : "\t\r\nNão deve ser usado para gravar alterações ou episódios temporários em um registro único de ocupação, como estar de licença. Isso está fora do escopo desse arquétipo e deve fazer parte do sistema de recursos humanos de um empregador.\r\n\r\nNão deve ser usado para descrições detalhadas de riscos para a saúde ou exposição a substâncias perigosas no local de trabalho. Use os arquétipos EVALUATION.health_risk ou EVALUATION.exposure para essa finalidade.\r\n\r\nNão deve ser usado para registrar informações sobre fontes de renda ou detalhes de renda da pessoa. Use o arquétipo EVALUATION.income_summary para esse fim.\r\n\r\nNão deve ser usado para registrar informações sobre a ocupação de um indivíduo em um momento específico (por exemplo, em 16 de junho de 2014) ou durante um intervalo de tempo relativo (por exemplo, 'nos últimos 30 dias'). Use um arquétipo do tipo OBSERVATION para esse fim.",
          "originalResourceUri" : { },
          "otherDetails" : { }
        },
        "nb" : {
          "@type" : "RESOURCE_DESCRIPTION_ITEM",
          "language" : {
            "terminologyId" : {
              "value" : "ISO_639-1"
            },
            "codeString" : "nb"
          },
          "purpose" : "For å registrere detaljert informasjon om en jobb eller rolle individet har, eller har hatt i en spesifisert tidsperiode.",
          "keywords" : [ "arbeid", "arbeidstaker", "arbeidsgiver", "arbeidsforhold", "arbeidshistorikk", "jobb", "ansatt", "yrke", "arbeidsløs", "studerer", "student", "elev", "trygdet", "ufør", "arbeidssituasjon", "erverv", "yrkestilknytning", "pensjon", "pensjonist", "attføring", "bransje", "arbeidsledig", "hjemmeværende", "stilling", "profesjon", "frivillig", "vernepliktig", "sektor", "næring", "verv" ],
          "use" : "Brukes for å registrere detaljert informasjon om en jobb eller rolle individet har, eller har hatt i en spesifisert tidsperiode.\r\n\r\nArketypen omfatter alle typer arbeid eller aktiviteter individet har eller har hatt. For eksempel: En/et betalt eller ubetalt jobb/arbeid/verv, samt ulike roller som for eksempel pensjonist, hjemmeværende eller student.\r\n\r\nVed å benytte denne arketypen til gjentatte registreringer, vil en få fram en historisk oversikt over nåværende og tidligere arbeidsforhold /roller et individ har eller har hatt.\r\n\r\nEt aktivt, nåværende arbeidsforhold/roller kan bli utledet fra \"Dato for oppstart\" hvis det ikke er registrert noe i \"Dato for opphør\".\r\n\r\nEt individ kan ha mange samtidige arbeidsforhold/rolle, og de kan hver for seg være betalt eller ubetalt. Hvert slik arbeidsforhold registreres i egne instanser av denne arketypen.\r\n\r\nHvis detaljer om et arbeidsforhold/rolle endrer seg vesentlig, som forandring av tittel eller stillingsprosent, registreres dette i egne instanser av denne arketypen.\r\n\r\nArketypen er laget for å benyttes i SLOTet \"Arbeidsepisode\" i arketypen EVALUATION.occupation_summary (Arbeidssammendrag), men kan også brukes innen andre ENTRY- eller CLUSTER-arketyper der det er klinisk relevant.\r\n\r\nDet kan fremstå som å være overlapp, reell eller tilsynelatende, mellom dataelementene i denne arketypen og demografiske opplysninger om sysselsetting/arbeidsforhold andre steder i kliniske systemer. Dataelementene i denne arketypen er laget spesifikt for å støtte kliniske bruksområder, inkludert sykemeldinger eller legeerklæringer.",
          "misuse" : "Brukes ikke for å registrere midlertidige endringer eller episoder innen en enkelt arbeidsepisode, som å være i permisjon. Dette er ikke innenfor anvendelsesområdet for denne arketypen, og skal registreres i et personal- eller HR-system.\r\n\r\nBrukes ikke for å beskrive helserisikoer eller eksponering for farlige substanser i arbeidssituasjonen. Til dette brukes henholdsvis arketypene EVALUATION.health_risk (Helserisiko) eller EVALUATION.exposure.\r\n\r\nBrukes ikke for å registrere informasjon om individets inntektskilder eller detaljer om inntekt. Bruk arketypen EVALUATION.income_summary for dette formålet.\r\n\r\nBrukes ikke for å registrere informasjon om arbeid /rolle for et individ på en bestemt dato (for eksempel 16. juni 2014) eller i løpet av en relativ tidsperiode, som for eksempel \"siste 30 dager\". Dette kan utledes fra \"Dato for oppstart\" hvis det ikke er registrert noe i \"Dato for opphør\", og må registreres i en egen OBSERVATION-arketype for dette formålet.",
          "copyright" : "© 2010 NEHTA, openEHR Foundation, Nasjonal IKT HF",
          "originalResourceUri" : { },
          "otherDetails" : { }
        },
        "pt-br" : {
          "@type" : "RESOURCE_DESCRIPTION_ITEM",
          "language" : {
            "terminologyId" : {
              "value" : "ISO_639-1"
            },
            "codeString" : "pt-br"
          },
          "purpose" : "Registrar detalhes sobre um único trabalho ou função executada por um indivíduo durante um período especificado.",
          "keywords" : [ "emprego", "Empregador", "trabalho", "ocupação", "trabalhos", "profissão", "desempregado", "empregado", "desemprego", "estudante", "aluno", "setor", "profissão", "voluntário", "vocação", "comércio", "trabalhador", "posição" ],
          "use" : "Use para registrar detalhes sobre um único trabalho ou função realizada por uma pessoa durante um período especificado.\r\n\r\nO escopo deste arquétipo inclui todas as ocupações ou atividades realizadas por um indivíduo. Por exemplo: um trabalho remunerado ou emprego; trabalho não remunerado de qualquer tipo, como uma posição de voluntário; ou papéis como aposentado ou aluno.\r\n\r\nVárias instâncias desse arquétipo capturadas ao longo do tempo resultarão na agregação de um histórico de trabalhos e / ou funções anteriores e atuais.\r\n\r\nUma ocupação ativa ou atual pode estar implícita a partir de uma 'Data de início', mas não pela 'Data de encerramento'.\r\n\r\nUm indivíduo pode realizar ocupações simultâneas, cada uma das quais podendo ser remuneradas ou não. Cada ocupação deve ser registrada em uma instância separada desse arquétipo.\r\n\r\nSe os atributos de ocupação mudarem significativamente, como uma mudança de função / título ou número de horas, isso deverá ser registrado como uma instância separada desse arquétipo.\r\n\r\nEsse arquétipo foi projetado especificamente para ser usado no SLOT 'Episódio de ocupação' dentro do arquétipo EVALUATION.occupation_summary, mas também pode ser usado em qualquer outro arquétipo ENTRY ou CLUSTER, onde for clinicamente apropriado.\r\n\r\nPode haver alguma sobreposição aparente ou real entre os elementos de dados neste arquétipo e os detalhes de ocupação / emprego que podem ser armazenados como detalhes demográficos em sistemas clínicos ou administrativos. Esses elementos de dados foram projetados especificamente para apoiar fins clínicos, incluindo a geração de um atestado médico para um empregador atual.",
          "misuse" : "Não deve ser usado para gravar alterações ou episódios temporários em um registro único de ocupação, como estar de licença. Isso está fora do escopo desse arquétipo e deve fazer parte do sistema de recursos humanos de um empregador.\r\n\r\nNão deve ser usado para descrições detalhadas de riscos para a saúde ou exposição a substâncias perigosas no local de trabalho. Use os arquétipos EVALUATION.health_risk ou EVALUATION.exposure para essa finalidade.\r\n\r\nNão deve ser usado para registrar informações sobre fontes de renda ou detalhes de renda da pessoa. Use o arquétipo EVALUATION.income_summary para esse fim.\r\n\r\nNão deve ser usado para registrar informações sobre a ocupação de um indivíduo em um momento específico (por exemplo, em 16 de junho de 2014) ou durante um intervalo de tempo relativo (por exemplo, 'nos últimos 30 dias'). Use um arquétipo do tipo OBSERVATION para esse fim.",
          "originalResourceUri" : { },
          "otherDetails" : { }
        },
        "en" : {
          "@type" : "RESOURCE_DESCRIPTION_ITEM",
          "language" : {
            "terminologyId" : {
              "value" : "ISO_639-1"
            },
            "codeString" : "en"
          },
          "purpose" : "To record details about a single job or role carried out by an individual during a specified period of time.",
          "keywords" : [ "employment", "employer", "job", "occupation", "work", "profession", "unemployed", "employee", "unemployment", "studying", "employed", "student", "sector", "profession", "volunteer", "vocation", "trade", "worker", "volunteer", "position" ],
          "use" : "Use to record details about a single job or role carried out by an individual during a specified period of time. \r\n\r\nThe scope of this archetype is inclusive of all occupations or activities undertaken by an individual. For example: a paid job or employment; unpaid work of any type such as a volunteer position; or roles such as being retired or a student. \r\n\r\nMultiple instances of this archetype captured over time will result in the aggregation of a history of past and present jobs and/or roles.\r\n\r\nAn active, or current occupation may be implied from a 'Date commenced' but no 'Date ceased'. \r\n\r\nAn individual may carry out many simultaneous occupations, each of which may be paid or unpaid. Each occupation should be recorded in a separate instance of this archetype.\r\n\r\nIf occupation attributes change significantly, such as a change of role/title or number of hours, then this should be recorded as a separate instance of this archetype.\r\n\r\nThis archetype has been specifically designed to be used in the 'Occupation episode' SLOT within the EVALUATION.occupation_summary archetype, but can also be used within any other ENTRY or CLUSTER archetypes, where clinically appropriate.\r\n\r\nThere may be some apparent or real overlap between the data elements in this archetype and occupation/employment details that may be stored as demographic details in clinical or administrative systems. These data elements have been designed specifically to support clinical purposes including generation of a medical certificate to a current employer.",
          "misuse" : "Not to be used to record temporary changes or episodes within a single occupation record, such as being on leave. This is out of scope for this archetype and should be part of an employer's human relations system.\r\n\r\nNot to be used for detailed descriptions of health risks or exposure to hazardous substances in the workplace. Use the archetypes EVALUATION.health_risk or EVALUATION.exposure for this purpose.\r\n\r\nNot to be used to record information about sources of income or income details for the individual. Use the EVALUATION.income_summary archetype for this purpose.\r\n\r\nNot to be used to record information about the occupation of an individual at a specific point in time (for example, on June 16, 2014) or during a relative interval of time (for example 'in the past 30 days'. Use an appropriate OBSERVATION archetype for this purpose.",
          "copyright" : "© Australian Digital Health Agency, openEHR Foundation, Nasjonal IKT HF",
          "originalResourceUri" : { },
          "otherDetails" : { }
        },
        "it" : {
          "@type" : "RESOURCE_DESCRIPTION_ITEM",
          "language" : {
            "terminologyId" : {
              "value" : "ISO_639-1"
            },
            "codeString" : "it"
          },
          "purpose" : "Registrare i dettagli della singola professione svolta o ruolo ricoperto da un individuo durante un determinato periodo di tempo.",
          "keywords" : [ "lavoro, impiego, datore di lavoro, occupazione, disoccupazione, professione, disoccupato, occupato, dipendente, impiegato, studente, settore, volontario, vocazione, mestiere, lavoratore, posizione" ],
          "use" : "Usato per registrare i dettagli della singola professione svolta o ruolo ricoperto da un individuo durante un determinato periodo di tempo.\r\n\r\nL'ambito di questo archetipo comprende tutte le occupazioni o attività svolte da un individuo. Ad esempio: un lavoro o impiego retribuiti; un qualsiasi lavoro non retribuito, come un'attività di volontariato; o ruoli come essere in pensione o uno studente. \r\n\r\nPiù istanze di questo archetipo catturate nel tempo possono essere aggregate per costruire la storia occupazionale di un individuo, che comprende occupazioni e ruoli passati e presenti.\r\n\r\nÈ possibile dedurre se l'occupazione sia attiva/corrente se è presente una 'Data di inizio' ma non una 'Data di cessazione'.\r\n\r\nUn individuo può avere più occupazioni contemporaneamente, ciascuna delle quali può essere retribuita o meno. Ogni occupazione dovrebbe essere registrata in una istanza separata di questo archetipo. \r\n\r\nSe i dettagli dell'occupazione cambiano significativamente, ad esempio in caso di modifica del ruolo/titolo o numero di ore, questo dovrebbe corrispondere ad un'istanza separata di questo archetipo.\r\n\r\nQuesto archetipo è stato sviluppato per essere usato nello SLOT 'Episodio lavorativo' all'interno dell'archetipo EVALUATION.occupation_summary, ma è possibile utilizzarlo all'interno di altri archetipi di tipo ENTRY o CLUSTER quando clinicamente appropriato. \r\n\r\nCi potrebbe essere una sovrapposizione, apparente o reale, tra i dati all'interno di questo archetipo e i dettegli sull'occupazione/impiego memorizzati come informazioni demografiche all'interno di sistemi clinici o amministrativi.  I contenuti sono stati espressamente progettati per supportare l'attività clinica, compresa la generazione di certificati medici per un datore di lavoro.",
          "misuse" : "Non utilizzare per memorizzare cambiamenti o episodi temporanei all'interno di un singolo record di occupazione, come ad esempio essere in congedo. Questo non rientra nello scopo dell'archetipo e dovrebbe far parte del sistema di gestione delle risorse umane del datore di lavoro. \r\n\r\nNon utilizzare per descrizioni dettagliate dei rischi per la salute o dell'esposizione a sostanze pericolose nel luogo di lavoro. Utilizzare invece gli archetipi EVALUATION.health_risk o EVALUATION.exposure.\r\n\r\nNon utilizzare per memorizzare informazioni sulle fonti o dettagli del reddito dell'individuo. Per questo scopo, utilizzare l'archetipo EVALUATION.income_summary.\r\n\r\nNon utilizzare per memorizzare informazioni sull'occupazione di un individuo in uno specifico punto nel tempo (ad esempio, il 16 giugno 2014) o durante un intervallo di tempo (ad esempio 'negli ultimi 30 giorni'). Per questo scopo, usare un appropriato archetipo di tipo OBSERVATION. ",
          "originalResourceUri" : { },
          "otherDetails" : { }
        },
        "fr" : {
          "@type" : "RESOURCE_DESCRIPTION_ITEM",
          "language" : {
            "terminologyId" : {
              "value" : "ISO_639-1"
            },
            "codeString" : "fr"
          },
          "purpose" : "Un travail ou un rôle unique exercé par un individu pendant une période de temps déterminée.",
          "keywords" : [ "emploi", "employeur", "emploi", "Occupation", "travail", "profession", "sans emploi", "employé", "chômage", "en train d'étudier", "employé", "étudiant", "secteur", "profession", "bénévole", "vocation", "Commerce", "ouvrier", "bénévole", "position" ],
          "use" : "*Use to record details about a single job or role carried out by an individual during a specified period of time. \r\n\r\nThe scope of this archetype is inclusive of all occupations or activities undertaken by an individual. For example: a paid job or employment; unpaid work of any type such as a volunteer position; or roles such as being retired or a student. \r\n\r\nMultiple instances of this archetype captured over time will result in the aggregation of a history of past and present jobs and/or roles.\r\n\r\nAn active, or current occupation may be implied from a 'Date commenced' but no 'Date ceased'. \r\n\r\nAn individual may carry out many simultaneous occupations, each of which may be paid or unpaid. Each occupation should be recorded in a separate instance of this archetype.\r\n\r\nIf occupation attributes change significantly, such as a change of role/title or number of hours, then this should be recorded as a separate instance of this archetype.\r\n\r\nThis archetype has been specifically designed to be used in the 'Occupation episode' SLOT within the EVALUATION.occupation_summary archetype, but can also be used within any other ENTRY or CLUSTER archetypes, where clinically appropriate.\r\n\r\nThere may be some apparent or real overlap between the data elements in this archetype and occupation/employment details that may be stored as demographic details in clinical or administrative systems. These data elements have been designed specifically to support clinical purposes including generation of a medical certificate to a current employer.(en)",
          "misuse" : "*Not to be used to record temporary changes or episodes within a single occupation record, such as being on leave. This is out of scope for this archetype and should be part of an employer's human relations system.\r\n\r\nNot to be used for detailed descriptions of health risks or exposure to hazardous substances in the workplace. Use the archetypes EVALUATION.health_risk or EVALUATION.exposure for this purpose.\r\n\r\nNot to be used to record information about sources of income or income details for the individual. Use the EVALUATION.income_summary archetype for this purpose.\r\n\r\nNot to be used to record information about the occupation of an individual at a specific point in time (for example, on June 16, 2014) or during a relative interval of time (for example 'in the past 30 days'. Use an appropriate OBSERVATION archetype for this purpose.(en)",
          "originalResourceUri" : { },
          "otherDetails" : { }
        },
        "es" : {
          "@type" : "RESOURCE_DESCRIPTION_ITEM",
          "language" : {
            "terminologyId" : {
              "value" : "ISO_639-1"
            },
            "codeString" : "es"
          },
          "purpose" : "Para registrar detalles sobre un trabajo o rol llevado a cabo por un individuo durante un periodo de tiempo especificado.",
          "keywords" : [ "empleo", "empleador", "trabajo", "ocupación", "tarea", "profesión", "desempleado", "empleado", "desempleo", "estudiando", "empleado", "estudiante", "sector", "profesión", "voluntario", "vocación", "comercio", "trabajador", "voluntario", "cargo" ],
          "use" : "Usar para registrar detalles sobre un trabajo o rol particular llevado a cabo por un individuo durante un periodo de tiempo especificado.\r\n\r\nEl alcance de este arquetipo incluye todos los empleos o actividades llevadas a cabo por el individuo. Por ejemplo: Un trabajo o empleo pagado; trabajo no remunerado de cualquier tipo como voluntario; o roles tales como estar jubilado o ser estudiante.\r\n\r\nMúltiples instancias de este arquetipo capturadas a lo largo del tiempo resultarán en una agregación de un histórico de trabajos y/o roles presentes o pasados.\r\n\r\nUn trabajo actual puede deducirse de la 'Fecha empezado' pero no de la 'Fecha finalizado'.\r\n\r\nUn individuo puede llevar a cabo muchas ocupaciones al mismo tiempo, las cuales pueden ser remuneradas o no remuneradas. Cada ocupación debería de ser registrada en una instancia separada de este arquetipo.\r\n\r\nSi los atributos de la ocupación cambian significativamente, tales como cambios en el título/rol o el número de horas, éstas se deberían de registrar en una instancia separada de este arquetipo.\r\n\r\nEste arquetipo ha sido específicamente diseñado para ser usado en el SLOT de 'Episodio de ocupación' dentro del arquetipo EVALUATION.occupation_summary, pero también puede ser usado dentro de cualquier otro arquetipo ENTRY o CLUSTER, cuando sea clínicamente apropiado.\r\n\r\nPuede haber una superposición aparente o real entre los elementos de datos en este arquetipo y detalles sobre la ocupación/empleo que puedan haber sido incluidos como detalles demográficos en sistemas clínicos o administrativos. Estos elementos de datos se han diseñado específicamente para dar soporte a propósitos clínicos como puede ser la generación de un certificado médico para el empleador actual.",
          "misuse" : "No debe ser usado para registrar cambios temporales o episodios dentro de un único registro ocupacional, tales como estar de baja. Esto está fuera del alcance de este arquetipo y debería ser parte de un sistema de recursos humanos del empleador.\r\n\r\nNo debe ser usado para una descripción detallada de los riesgos de salud o exposición a sustancias nocivas en el lugar de trabajo. Para este propósito use los arquetipos EVALUATION.health_risk o EVALUATION.exposure.\r\n\r\nNo debe ser usado para registrar información sobre fuentes o detalles de ingresos de un individuo. Para este propósito use el arquetipo EVALUATION.income_summary.\r\n\r\nNo debe ser usado para registrar información sobre la ocupación de un individuo en un punto concreto de tiempo (por ejemplo, el 16 de Junio de 2014) o durante un periodo de tiempo relativo (por ejemplo 'durante los últimos 30 días'). Para este propósito use un arquetipo OBSERVATION adecuado.",
          "originalResourceUri" : { },
          "otherDetails" : { }
        }
      }
    },
    "parentArchetypeId" : "openEHR-EHR-CLUSTER.occupation_record.v1",
    "differential" : true,
    "archetypeId" : {
      "@type" : "ARCHETYPE_HRID",
      "value" : "openEHR-EHR-CLUSTER.ovl-occupation_record-001.v1"
    },
    "definition" : {
      "@type" : "C_COMPLEX_OBJECT",
      "rmTypeName" : "CLUSTER",
      "nodeId" : "at0000.1",
      "attributes" : [ {
        "@type" : "C_ATTRIBUTE",
        "rmAttributeName" : "items",
        "children" : [ {
          "@type" : "C_COMPLEX_OBJECT",
          "rmTypeName" : "ELEMENT",
          "nodeId" : "at0005.1",
          "attributes" : [ ],
          "attributeTuples" : [ ]
        }, {
          "@type" : "C_COMPLEX_OBJECT",
          "rmTypeName" : "ELEMENT",
          "occurrences" : "1..1",
          "nodeId" : "at0016.1",
          "attributes" : [ ],
          "attributeTuples" : [ ]
        }, {
          "@type" : "C_COMPLEX_OBJECT",
          "rmTypeName" : "ELEMENT",
          "occurrences" : "0..0",
          "nodeId" : "at0007.1",
          "attributes" : [ {
            "@type" : "C_ATTRIBUTE",
            "rmAttributeName" : "value",
            "children" : [ {
              "@type" : "C_COMPLEX_OBJECT",
              "rmTypeName" : "DV_DATE_TIME",
              "attributes" : [ ],
              "attributeTuples" : [ ]
            } ]
          } ],
          "attributeTuples" : [ ]
        }, {
          "@type" : "C_COMPLEX_OBJECT",
          "rmTypeName" : "ELEMENT",
          "occurrences" : "0..0",
          "nodeId" : "at0001.1",
          "attributes" : [ ],
          "attributeTuples" : [ ]
        }, {
          "@type" : "C_COMPLEX_OBJECT",
          "rmTypeName" : "ELEMENT",
          "occurrences" : "0..0",
          "nodeId" : "at0013.1",
          "attributes" : [ {
            "@type" : "C_ATTRIBUTE",
            "rmAttributeName" : "value",
            "children" : [ {
              "@type" : "C_COMPLEX_OBJECT",
              "rmTypeName" : "DV_PROPORTION",
              "attributes" : [ {
                "@type" : "C_ATTRIBUTE",
                "rmAttributeName" : "numerator",
                "children" : [ {
                  "@type" : "C_REAL",
                  "rmTypeName" : "Real",
                  "occurrences" : "1..1",
                  "constraint" : [ {
                    "lower" : 0.0,
                    "lowerIncluded" : true,
                    "upperIncluded" : false,
                    "lowerUnbounded" : false,
                    "upperUnbounded" : true
                  } ]
                } ]
              }, {
                "@type" : "C_ATTRIBUTE",
                "rmAttributeName" : "type",
                "children" : [ {
                  "@type" : "C_INTEGER",
                  "rmTypeName" : "Integer",
                  "occurrences" : "1..1",
                  "constraint" : [ {
                    "lower" : 1,
                    "upper" : 1,
                    "lowerIncluded" : true,
                    "upperIncluded" : true,
                    "lowerUnbounded" : false,
                    "upperUnbounded" : false
                  }, {
                    "lower" : 2,
                    "upper" : 2,
                    "lowerIncluded" : true,
                    "upperIncluded" : true,
                    "lowerUnbounded" : false,
                    "upperUnbounded" : false
                  } ]
                } ]
              } ],
              "attributeTuples" : [ ]
            }, {
              "@type" : "C_COMPLEX_OBJECT",
              "rmTypeName" : "DV_CODED_TEXT",
              "attributes" : [ {
                "@type" : "C_ATTRIBUTE",
                "rmAttributeName" : "defining_code",
                "children" : [ {
                  "@type" : "C_TERMINOLOGY_CODE",
                  "rmTypeName" : "CODE_PHRASE",
                  "occurrences" : "1..1",
                  "terminologyId" : {
                    "value" : "local"
                  },
                  "constraint" : [ "at0020", "at0021" ]
                } ]
              } ],
              "attributeTuples" : [ ]
            } ]
          } ],
          "attributeTuples" : [ ]
        }, {
          "@type" : "C_COMPLEX_OBJECT",
          "rmTypeName" : "ELEMENT",
          "occurrences" : "0..0",
          "nodeId" : "at0019.1",
          "attributes" : [ {
            "@type" : "C_ATTRIBUTE",
            "rmAttributeName" : "value",
            "children" : [ {
              "@type" : "C_COMPLEX_OBJECT",
              "rmTypeName" : "DV_QUANTITY",
              "attributes" : [ ],
              "attributeTuples" : [ {
                "@type" : "C_ATTRIBUTE_TUPLE",
                "members" : [ {
                  "@type" : "C_ATTRIBUTE",
                  "rmAttributeName" : "magnitude",
                  "children" : [ ]
                }, {
                  "@type" : "C_ATTRIBUTE",
                  "rmAttributeName" : "units",
                  "children" : [ ]
                }, {
                  "@type" : "C_ATTRIBUTE",
                  "rmAttributeName" : "precision",
                  "children" : [ ]
                } ],
                "tuples" : [ {
                  "@type" : "C_PRIMITIVE_TUPLE",
                  "members" : [ {
                    "@type" : "C_REAL",
                    "constraint" : [ {
                      "lower" : 0.0,
                      "lowerIncluded" : true,
                      "upperIncluded" : false,
                      "lowerUnbounded" : false,
                      "upperUnbounded" : true
                    } ]
                  }, {
                    "@type" : "C_STRING",
                    "constraint" : [ "h/d" ]
                  }, {
                    "@type" : "C_INTEGER",
                    "constraint" : [ {
                      "lower" : 2,
                      "upper" : 2,
                      "lowerIncluded" : true,
                      "upperIncluded" : true,
                      "lowerUnbounded" : false,
                      "upperUnbounded" : false
                    } ]
                  } ]
                }, {
                  "@type" : "C_PRIMITIVE_TUPLE",
                  "members" : [ {
                    "@type" : "C_REAL",
                    "constraint" : [ {
                      "lower" : 0.0,
                      "lowerIncluded" : true,
                      "upperIncluded" : false,
                      "lowerUnbounded" : false,
                      "upperUnbounded" : true
                    } ]
                  }, {
                    "@type" : "C_STRING",
                    "constraint" : [ "h/wk" ]
                  }, {
                    "@type" : "C_INTEGER",
                    "constraint" : [ {
                      "lower" : 2,
                      "upper" : 2,
                      "lowerIncluded" : true,
                      "upperIncluded" : true,
                      "lowerUnbounded" : false,
                      "upperUnbounded" : false
                    } ]
                  } ]
                }, {
                  "@type" : "C_PRIMITIVE_TUPLE",
                  "members" : [ {
                    "@type" : "C_REAL",
                    "constraint" : [ {
                      "lower" : 0.0,
                      "lowerIncluded" : true,
                      "upperIncluded" : false,
                      "lowerUnbounded" : false,
                      "upperUnbounded" : true
                    } ]
                  }, {
                    "@type" : "C_STRING",
                    "constraint" : [ "h/mo" ]
                  }, {
                    "@type" : "C_INTEGER",
                    "constraint" : [ {
                      "lower" : 2,
                      "upper" : 2,
                      "lowerIncluded" : true,
                      "upperIncluded" : true,
                      "lowerUnbounded" : false,
                      "upperUnbounded" : false
                    } ]
                  } ]
                }, {
                  "@type" : "C_PRIMITIVE_TUPLE",
                  "members" : [ {
                    "@type" : "C_REAL",
                    "constraint" : [ {
                      "lower" : 0.0,
                      "lowerIncluded" : true,
                      "upperIncluded" : false,
                      "lowerUnbounded" : false,
                      "upperUnbounded" : true
                    } ]
                  }, {
                    "@type" : "C_STRING",
                    "constraint" : [ "h/a" ]
                  }, {
                    "@type" : "C_INTEGER",
                    "constraint" : [ {
                      "lower" : 2,
                      "upper" : 2,
                      "lowerIncluded" : true,
                      "upperIncluded" : true,
                      "lowerUnbounded" : false,
                      "upperUnbounded" : false
                    } ]
                  } ]
                }, {
                  "@type" : "C_PRIMITIVE_TUPLE",
                  "members" : [ {
                    "@type" : "C_REAL",
                    "constraint" : [ {
                      "lower" : 0.0,
                      "lowerIncluded" : true,
                      "upperIncluded" : false,
                      "lowerUnbounded" : false,
                      "upperUnbounded" : true
                    } ]
                  }, {
                    "@type" : "C_STRING",
                    "constraint" : [ "d/wk" ]
                  }, {
                    "@type" : "C_INTEGER",
                    "constraint" : [ {
                      "lower" : 2,
                      "upper" : 2,
                      "lowerIncluded" : true,
                      "upperIncluded" : true,
                      "lowerUnbounded" : false,
                      "upperUnbounded" : false
                    } ]
                  } ]
                }, {
                  "@type" : "C_PRIMITIVE_TUPLE",
                  "members" : [ {
                    "@type" : "C_REAL",
                    "constraint" : [ {
                      "lower" : 0.0,
                      "lowerIncluded" : true,
                      "upperIncluded" : false,
                      "lowerUnbounded" : false,
                      "upperUnbounded" : true
                    } ]
                  }, {
                    "@type" : "C_STRING",
                    "constraint" : [ "d/mo" ]
                  }, {
                    "@type" : "C_INTEGER",
                    "constraint" : [ {
                      "lower" : 2,
                      "upper" : 2,
                      "lowerIncluded" : true,
                      "upperIncluded" : true,
                      "lowerUnbounded" : false,
                      "upperUnbounded" : false
                    } ]
                  } ]
                }, {
                  "@type" : "C_PRIMITIVE_TUPLE",
                  "members" : [ {
                    "@type" : "C_REAL",
                    "constraint" : [ {
                      "lower" : 0.0,
                      "lowerIncluded" : true,
                      "upperIncluded" : false,
                      "lowerUnbounded" : false,
                      "upperUnbounded" : true
                    } ]
                  }, {
                    "@type" : "C_STRING",
                    "constraint" : [ "wk/mo" ]
                  }, {
                    "@type" : "C_INTEGER",
                    "constraint" : [ {
                      "lower" : 2,
                      "upper" : 2,
                      "lowerIncluded" : true,
                      "upperIncluded" : true,
                      "lowerUnbounded" : false,
                      "upperUnbounded" : false
                    } ]
                  } ]
                }, {
                  "@type" : "C_PRIMITIVE_TUPLE",
                  "members" : [ {
                    "@type" : "C_REAL",
                    "constraint" : [ {
                      "lower" : 0.0,
                      "lowerIncluded" : true,
                      "upperIncluded" : false,
                      "lowerUnbounded" : false,
                      "upperUnbounded" : true
                    } ]
                  }, {
                    "@type" : "C_STRING",
                    "constraint" : [ "d/a" ]
                  }, {
                    "@type" : "C_INTEGER",
                    "constraint" : [ {
                      "lower" : 2,
                      "upper" : 2,
                      "lowerIncluded" : true,
                      "upperIncluded" : true,
                      "lowerUnbounded" : false,
                      "upperUnbounded" : false
                    } ]
                  } ]
                }, {
                  "@type" : "C_PRIMITIVE_TUPLE",
                  "members" : [ {
                    "@type" : "C_REAL",
                    "constraint" : [ {
                      "lower" : 0.0,
                      "lowerIncluded" : true,
                      "upperIncluded" : false,
                      "lowerUnbounded" : false,
                      "upperUnbounded" : true
                    } ]
                  }, {
                    "@type" : "C_STRING",
                    "constraint" : [ "wk/a" ]
                  }, {
                    "@type" : "C_INTEGER",
                    "constraint" : [ {
                      "lower" : 2,
                      "upper" : 2,
                      "lowerIncluded" : true,
                      "upperIncluded" : true,
                      "lowerUnbounded" : false,
                      "upperUnbounded" : false
                    } ]
                  } ]
                }, {
                  "@type" : "C_PRIMITIVE_TUPLE",
                  "members" : [ {
                    "@type" : "C_REAL",
                    "constraint" : [ {
                      "lower" : 0.0,
                      "lowerIncluded" : true,
                      "upperIncluded" : false,
                      "lowerUnbounded" : false,
                      "upperUnbounded" : true
                    } ]
                  }, {
                    "@type" : "C_STRING",
                    "constraint" : [ "mo/a" ]
                  }, {
                    "@type" : "C_INTEGER",
                    "constraint" : [ {
                      "lower" : 2,
                      "upper" : 2,
                      "lowerIncluded" : true,
                      "upperIncluded" : true,
                      "lowerUnbounded" : false,
                      "upperUnbounded" : false
                    } ]
                  } ]
                } ]
              } ]
            } ]
          } ],
          "attributeTuples" : [ ]
        }, {
          "@type" : "C_COMPLEX_OBJECT",
          "rmTypeName" : "ELEMENT",
          "occurrences" : "1..1",
          "nodeId" : "at0002.1",
          "attributes" : [ ],
          "attributeTuples" : [ ]
        }, {
          "@type" : "C_COMPLEX_OBJECT",
          "rmTypeName" : "ELEMENT",
          "occurrences" : "1..1",
          "nodeId" : "at0006.1",
          "attributes" : [ ],
          "attributeTuples" : [ ]
        }, {
          "@type" : "C_COMPLEX_OBJECT",
          "rmTypeName" : "ELEMENT",
          "occurrences" : "0..0",
          "nodeId" : "at0008.1",
          "attributes" : [ {
            "@type" : "C_ATTRIBUTE",
            "rmAttributeName" : "value",
            "children" : [ {
              "@type" : "C_COMPLEX_OBJECT",
              "rmTypeName" : "DV_DATE_TIME",
              "attributes" : [ ],
              "attributeTuples" : [ ]
            } ]
          } ],
          "attributeTuples" : [ ]
        }, {
          "@type" : "C_COMPLEX_OBJECT",
          "rmTypeName" : "ELEMENT",
          "occurrences" : "0..0",
          "nodeId" : "at0014.1",
          "attributes" : [ ],
          "attributeTuples" : [ ]
        } ]
      } ],
      "attributeTuples" : [ ]
    },
    "terminology" : {
      "@type" : "ARCHETYPE_TERMINOLOGY",
      "conceptCode" : "at0000",
      "termDefinitions" : {
        "en" : {
          "at0002.1" : {
            "@type" : "ARCHETYPE_TERM",
            "code" : "at0002.1",
            "text" : "Jenis bisnis atau industri pekerjaan di atas",
            "description" : "The type of industry in which the individual works.",
            "comment" : "For example: Mining, manufacturing, construction. Coding with a terminology is desirable, where possible."
          },
          "at0006.1" : {
            "@type" : "ARCHETYPE_TERM",
            "code" : "at0006.1",
            "text" : "Jenis aktivitas pada pekerjaan di atas",
            "description" : "The type of job undertaken by the individual.",
            "comment" : "Coding with a terminology is desirable, where possible, such as ISCO-08.\r\nFor example: Sales manager or software engineer."
          },
          "at0005.1" : {
            "@type" : "ARCHETYPE_TERM",
            "code" : "at0005.1",
            "text" : "Pekerjaan dengan masa kerja terlama",
            "description" : "The main job title or the role of the individual.",
            "comment" : "For example: Chief Executive Officer; Carer; or Student. Each of these job titles or roles may be comprised of multiple duties."
          },
          "at0016.1" : {
            "@type" : "ARCHETYPE_TERM",
            "code" : "at0016.1",
            "text" : "Lama bekerja pada pekerjaan di atas",
            "description" : "Narrative description about the job or role carried out by the individual."
          }
        },
        "nb" : { },
        "it" : { },
        "es" : { },
        "de" : { },
        "fr" : { },
        "pt-br" : { },
        "pt" : { }
      },
      "termBindings" : { },
      "terminologyExtracts" : { },
      "valueSets" : { }
    },
    "adlVersion" : "1.4",
    "buildUid" : "57df50c6-664f-4a07-b135-14f775278cfe",
    "rmName" : "openehr",
    "rmRelease" : "1.1.0",
    "generated" : true,
    "otherMetaData" : { },
    "originalLanguage" : {
      "terminologyId" : {
        "value" : "ISO_639-1"
      },
      "codeString" : "en"
    },
    "translations" : [ {
      "@type" : "TRANSLATION_DETAILS",
      "language" : {
        "terminologyId" : {
          "value" : "ISO_639-1"
        },
        "codeString" : "de"
      },
      "author" : {
        "name" : "Natalia Strauch",
        "organisation" : "Medizinische Hochschule Hannover",
        "email" : "Strauch.Natalia@mh-hannover.de"
      },
      "otherDetails" : { }
    }, {
      "@type" : "TRANSLATION_DETAILS",
      "language" : {
        "terminologyId" : {
          "value" : "ISO_639-1"
        },
        "codeString" : "nb"
      },
      "author" : {
        "name" : "Silje Ljosland Bakke and Vebjørn Arntzen",
        "organisation" : "Nasjonal IKT HF",
        "email" : "silje.ljosland.bakke@nasjonalikt.no / varntzen@ous-hf.no"
      },
      "otherDetails" : { }
    }, {
      "@type" : "TRANSLATION_DETAILS",
      "language" : {
        "terminologyId" : {
          "value" : "ISO_639-1"
        },
        "codeString" : "pt"
      },
      "author" : {
        "name" : "Danielle Santos Alves",
        "organisation" : "Federal University of Pernambuco",
        "email" : "angeldannyalves@gmail.com"
      },
      "otherDetails" : { }
    }, {
      "@type" : "TRANSLATION_DETAILS",
      "language" : {
        "terminologyId" : {
          "value" : "ISO_639-1"
        },
        "codeString" : "pt-br"
      },
      "author" : {
        "name" : "Danielle Santos Alves",
        "organisation" : "Federal University of Pernambuco",
        "email" : "angeldannyalves@gmail.com"
      },
      "otherDetails" : { }
    }, {
      "@type" : "TRANSLATION_DETAILS",
      "language" : {
        "terminologyId" : {
          "value" : "ISO_639-1"
        },
        "codeString" : "it"
      },
      "author" : {
        "name" : "Cecilia Mascia",
        "organisation" : "CRS4 - Center for advanced studies, research and development in Sardinia, Pula (Cagliari), Italy",
        "email" : "ceclila.mascia@crs4.it"
      },
      "otherDetails" : { }
    }, {
      "@type" : "TRANSLATION_DETAILS",
      "language" : {
        "terminologyId" : {
          "value" : "ISO_639-1"
        },
        "codeString" : "fr"
      },
      "author" : {
        "name" : "Bassem Khouzam, Vanessa Pereira",
        "organisation" : "Medtronic, Better - Pathfinder",
        "email" : "bassem.khouzam@medtronic.com, vanessapereira@protonmail.com"
      },
      "otherDetails" : { }
    }, {
      "@type" : "TRANSLATION_DETAILS",
      "language" : {
        "terminologyId" : {
          "value" : "ISO_639-1"
        },
        "codeString" : "es"
      },
      "author" : {
        "name" : "Diego Bosca",
        "organisation" : "VeraTech for Health",
        "email" : "diebosto@veratech.es"
      },
      "otherDetails" : { }
    } ]
  } ],
  "originalLanguage" : {
    "terminologyId" : {
      "value" : "ISO_639-1"
    },
    "codeString" : "en"
  },
  "translations" : [ {
    "@type" : "TRANSLATION_DETAILS",
    "language" : {
      "terminologyId" : {
        "value" : "ISO_639-1"
      },
      "codeString" : "de"
    },
    "author" : { },
    "otherDetails" : { }
  }, {
    "@type" : "TRANSLATION_DETAILS",
    "language" : {
      "terminologyId" : {
        "value" : "ISO_639-1"
      },
      "codeString" : "ru"
    },
    "author" : { },
    "otherDetails" : { }
  }, {
    "@type" : "TRANSLATION_DETAILS",
    "language" : {
      "terminologyId" : {
        "value" : "ISO_639-1"
      },
      "codeString" : "sv"
    },
    "author" : { },
    "otherDetails" : { }
  }, {
    "@type" : "TRANSLATION_DETAILS",
    "language" : {
      "terminologyId" : {
        "value" : "ISO_639-1"
      },
      "codeString" : "es-ar"
    },
    "author" : { },
    "otherDetails" : { }
  }, {
    "@type" : "TRANSLATION_DETAILS",
    "language" : {
      "terminologyId" : {
        "value" : "ISO_639-1"
      },
      "codeString" : "nb"
    },
    "author" : { },
    "otherDetails" : { }
  }, {
    "@type" : "TRANSLATION_DETAILS",
    "language" : {
      "terminologyId" : {
        "value" : "ISO_639-1"
      },
      "codeString" : "pt-br"
    },
    "author" : { },
    "otherDetails" : { }
  }, {
    "@type" : "TRANSLATION_DETAILS",
    "language" : {
      "terminologyId" : {
        "value" : "ISO_639-1"
      },
      "codeString" : "sl"
    },
    "author" : { },
    "otherDetails" : { }
  }, {
    "@type" : "TRANSLATION_DETAILS",
    "language" : {
      "terminologyId" : {
        "value" : "ISO_639-1"
      },
      "codeString" : "it"
    },
    "author" : { },
    "otherDetails" : { }
  }, {
    "@type" : "TRANSLATION_DETAILS",
    "language" : {
      "terminologyId" : {
        "value" : "ISO_639-1"
      },
      "codeString" : "fr"
    },
    "author" : { },
    "otherDetails" : { }
  } ]
}