{
  "@type" : "TEMPLATE",
  "uid" : "40954796-a0f0-4565-ae28-77d6ba6d6688",
  "description" : {
    "@type" : "RESOURCE_DESCRIPTION",
    "originalAuthor" : {
      "date" : "2022-11-19"
    },
    "otherContributors" : [ ],
    "lifecycleState" : {
      "codeString" : "unmanaged"
    },
    "ipAcknowledgements" : { },
    "references" : { },
    "conversionDetails" : { },
    "otherDetails" : {
      "licence" : "This work is licensed under the Creative Commons Attribution-ShareAlike 4.0 International License. To view a copy of this license, visit http://creativecommons.org/licenses/by-sa/4.0/.",
      "custodian_organisation" : "openEHR Foundation",
      "original_namespace" : "org.openehr",
      "original_publisher" : "openEHR Foundation",
      "custodian_namespace" : "org.openehr",
      "MD5-CAM-1.0.1" : "eea90c24f0716275afce2d4366c1ee34",
      "sem_ver" : "2.0.0",
      "build_uid" : "81a7033d-d247-4df1-a1e9-9661db525e3f"
    },
    "details" : {
      "de" : {
        "@type" : "RESOURCE_DESCRIPTION_ITEM",
        "language" : {
          "terminologyId" : {
            "value" : "ISO_639-1"
          },
          "codeString" : "de"
        },
        "keywords" : [ ],
        "originalResourceUri" : { },
        "otherDetails" : { }
      },
      "sv" : {
        "@type" : "RESOURCE_DESCRIPTION_ITEM",
        "language" : {
          "terminologyId" : {
            "value" : "ISO_639-1"
          },
          "codeString" : "sv"
        },
        "keywords" : [ ],
        "originalResourceUri" : { },
        "otherDetails" : { }
      },
      "ru" : {
        "@type" : "RESOURCE_DESCRIPTION_ITEM",
        "language" : {
          "terminologyId" : {
            "value" : "ISO_639-1"
          },
          "codeString" : "ru"
        },
        "keywords" : [ ],
        "originalResourceUri" : { },
        "otherDetails" : { }
      },
      "nb" : {
        "@type" : "RESOURCE_DESCRIPTION_ITEM",
        "language" : {
          "terminologyId" : {
            "value" : "ISO_639-1"
          },
          "codeString" : "nb"
        },
        "keywords" : [ ],
        "originalResourceUri" : { },
        "otherDetails" : { }
      },
      "es-ar" : {
        "@type" : "RESOURCE_DESCRIPTION_ITEM",
        "language" : {
          "terminologyId" : {
            "value" : "ISO_639-1"
          },
          "codeString" : "es-ar"
        },
        "keywords" : [ ],
        "originalResourceUri" : { },
        "otherDetails" : { }
      },
      "pt-br" : {
        "@type" : "RESOURCE_DESCRIPTION_ITEM",
        "language" : {
          "terminologyId" : {
            "value" : "ISO_639-1"
          },
          "codeString" : "pt-br"
        },
        "keywords" : [ ],
        "originalResourceUri" : { },
        "otherDetails" : { }
      },
      "en" : {
        "@type" : "RESOURCE_DESCRIPTION_ITEM",
        "language" : {
          "terminologyId" : {
            "value" : "ISO_639-1"
          },
          "codeString" : "en"
        },
        "keywords" : [ ],
        "originalResourceUri" : { },
        "otherDetails" : { }
      },
      "sl" : {
        "@type" : "RESOURCE_DESCRIPTION_ITEM",
        "language" : {
          "terminologyId" : {
            "value" : "ISO_639-1"
          },
          "codeString" : "sl"
        },
        "keywords" : [ ],
        "originalResourceUri" : { },
        "otherDetails" : { }
      },
      "it" : {
        "@type" : "RESOURCE_DESCRIPTION_ITEM",
        "language" : {
          "terminologyId" : {
            "value" : "ISO_639-1"
          },
          "codeString" : "it"
        },
        "keywords" : [ ],
        "originalResourceUri" : { },
        "otherDetails" : { }
      },
      "fr" : {
        "@type" : "RESOURCE_DESCRIPTION_ITEM",
        "language" : {
          "terminologyId" : {
            "value" : "ISO_639-1"
          },
          "codeString" : "fr"
        },
        "keywords" : [ ],
        "originalResourceUri" : { },
        "otherDetails" : { }
      }
    }
  },
  "parentArchetypeId" : "openEHR-EHR-SECTION.adhoc.v1",
  "differential" : true,
  "archetypeId" : {
    "@type" : "ARCHETYPE_HRID",
    "value" : "openEHR-EHR-SECTION.indeksfungsi_seksual_perempuan.v1"
  },
  "definition" : {
    "@type" : "C_COMPLEX_OBJECT",
    "rmTypeName" : "SECTION",
    "nodeId" : "at0000.1",
    "attributes" : [ {
      "@type" : "C_ATTRIBUTE",
      "rmAttributeName" : "items",
      "existence" : "0..1",
      "cardinality" : {
        "@type" : "CARDINALITY",
        "interval" : "1..*",
        "ordered" : false,
        "unique" : false
      },
      "children" : [ {
        "@type" : "C_ARCHETYPE_ROOT",
        "rmTypeName" : "OBSERVATION",
        "occurrences" : "0..1",
        "nodeId" : "at0.1",
        "attributes" : [ ],
        "attributeTuples" : [ ],
        "archetypeRef" : "openEHR-EHR-OBSERVATION.ovl-problem_screening-005.v1",
        "referenceType" : "archetypeOverlay"
      } ]
    } ],
    "attributeTuples" : [ ]
  },
  "terminology" : {
    "@type" : "ARCHETYPE_TERMINOLOGY",
    "conceptCode" : "at0000",
    "termDefinitions" : {
      "en" : {
        "at0000.1" : {
          "@type" : "ARCHETYPE_TERM",
          "code" : "at0000.1",
          "text" : "Indeks Fungsi Seksual Perempuan",
          "description" : "A generic section header which should be renamed in a template to suit a specific clinical context."
        }
      },
      "ru" : {
        "at0000.1" : {
          "@type" : "ARCHETYPE_TERM",
          "code" : "at0000.1",
          "text" : "заготовка заголовка (3)",
          "description" : "Образец заголовка раздела"
        }
      },
      "es-ar" : {
        "at0000.1" : {
          "@type" : "ARCHETYPE_TERM",
          "code" : "at0000.1",
          "text" : "Encabezado ad hoc (3)",
          "description" : "Un encabezado de sección de tipo genérico que será renombrado en una plantilla para su empleo en un contexto clínico específico."
        }
      },
      "sl" : {
        "at0000.1" : {
          "@type" : "ARCHETYPE_TERM",
          "code" : "at0000.1",
          "text" : "Naslov sekcije (3)",
          "description" : "Naslov sekcije"
        }
      },
      "nb" : {
        "at0000.1" : {
          "@type" : "ARCHETYPE_TERM",
          "code" : "at0000.1",
          "text" : "Templat-overskrift (3)",
          "description" : "En generisk seksjonsoverskrift som skal gis nytt navn i en templat for å passe i en gitt klinisk kontekst."
        }
      },
      "pt-br" : {
        "at0000.1" : {
          "@type" : "ARCHETYPE_TERM",
          "code" : "at0000.1",
          "text" : "Cabeçalho Ad hoc (3)",
          "description" : "Um cabeçalho de sessão genérico que deve ser renomeado no template para adequar-se a um contexto clínico específico."
        }
      },
      "sv" : {
        "at0000.1" : {
          "@type" : "ARCHETYPE_TERM",
          "code" : "at0000.1",
          "text" : "Rubrik (3)",
          "description" : "En allmän avsnittsrubrik som döps om i en openEHR-mall för att passa in i en specifik klinisk kontext."
        }
      },
      "de" : {
        "at0000.1" : {
          "@type" : "ARCHETYPE_TERM",
          "code" : "at0000.1",
          "text" : "Ad hoc Überschrift (3)",
          "description" : "Eine generische Abschnittsüberschrift eines Templates, welche entsprechend dem spezifischen klinischen Kontext umbenannt werden sollte."
        }
      },
      "it" : {
        "at0000.1" : {
          "@type" : "ARCHETYPE_TERM",
          "code" : "at0000.1",
          "text" : "Intestazione di sezione ad hoc (3)",
          "description" : "Un'intestazione di sezione generica che dovrebbe essere rinominata in un template per adattarsi ad uno specifico contesto clinico."
        }
      },
      "fr" : {
        "at0000.1" : {
          "@type" : "ARCHETYPE_TERM",
          "code" : "at0000.1",
          "text" : "Rubrique ad hoc (3)",
          "description" : "Un en-tête de section générique qui doit être renommé dans un modèle pour s'adapter à un contexte clinique spécifique."
        }
      }
    },
    "termBindings" : { },
    "terminologyExtracts" : { },
    "valueSets" : { }
  },
  "adlVersion" : "1.4",
  "buildUid" : "ae2929a1-bdfe-3a66-aeb1-1dfaba7e6808",
  "rmName" : "openehr",
  "rmRelease" : "1.1.0",
  "generated" : true,
  "templateId" : "DM-IndeksFungsiSeksualPerempuan",
  "otherMetaData" : { },
  "templateOverlays" : [ {
    "@type" : "TEMPLATE_OVERLAY",
    "uid" : "a1deb5c5-716e-4581-a681-0da84142b62f",
    "description" : {
      "@type" : "RESOURCE_DESCRIPTION",
      "originalAuthor" : { },
      "otherContributors" : [ ],
      "ipAcknowledgements" : { },
      "references" : { },
      "conversionDetails" : { },
      "otherDetails" : { },
      "details" : {
        "de" : {
          "@type" : "RESOURCE_DESCRIPTION_ITEM",
          "language" : {
            "terminologyId" : {
              "value" : "ISO_639-1"
            },
            "codeString" : "de"
          },
          "purpose" : "*To create a framework for recording answers about problems or diagnoses, to the questions of a pre-defined screening questionnaire. (en)",
          "keywords" : [ "*Condition, state, illness, syndrome, questionnaire, screening, issue (en)" ],
          "use" : "*Use to create a framework for recording answers to pre-defined screening questions about issues, problems or diagnoses. \r\nThis archeype has deliberately been loosely modelled to be inclusive of the broadest range of issues and problems, as well as diagnoses.\r\n\r\nCommon use cases include, but are not limited to:\r\n- Systematic questioning in any consultation, for example:\r\n--- Diagnosed with cancer? Yes, No, Unknown.\r\n--- Diagnosed with COVID 19 or Influenza in the past twelve months? Yes, No, Unknown.\r\n--- Do you have any worries or concerns? Yes, No, Unknown.\r\n- Specific questioning related to disease surveillance.\r\n\r\nThe semantics of this archetype are intentionally loose, and querying this archetype would normally only be useful or safe within the context of each specific template. In a template, each data element would usually be renamed to the specific question asked. Where value sets have been proposed for common use cases, these can be adapted for local use by using the 'text' choice to match each specific use case.\r\n\r\nThe EVENT structure from the reference model can be used to specify whether the questions relate to point in time or over a period of time. Use a separate instance of this archetype to distinguish between a questionnaire recording information about a procedure that has been performed at any time in the past and information about a procedure performed within a specified time interval - for example the difference between \"Do you have influenza?\" compared to \"Have you had influenza in the past 4 weeks?\"\r\n\r\nThe source of the information in a questionnaire response may vary in different contexts but can be specifically identified using the 'Information provider' element in the Reference Model.\r\n\r\nThis archetype has been designed to be used as a screening tool or to record simple questionnaire-format data for use in situations such as a disease registry. If the screening questionnaire identifies the presence of a problem or diagnosis, it is recommended that clinical system record and persist the specific details about the problem or diagnosis (such as the date of clinical recognition) using the EVALUATION.problem_diagnosis archetype. (en)",
          "misuse" : "*Not to be used to record details about the presence or absence of a problem or diagnosis, outside of a screening context. Use EVALUATION.problem_diagnosis or EVALUATION.exclusion_specific for these purposes.\r\n\r\nNot to be used to to create a framework for recording answers to pre-defined screening questions about procedures that has been carried out in the past. Use the OBSERVATION.procedure_screening for this purpose.\r\n\r\nNot to be used to to create a framework for recording answers to pre-defined screening questions about adverse reactions, use an appropriate archetype for this purpose.\r\n\r\nNot to be used to record details about a simple selection list where a question may be recorded as either \"present\" or \"indeterminate\". Use OBSERVATION.selection_list for this purpose. (en)",
          "originalResourceUri" : { },
          "otherDetails" : { }
        },
        "nb" : {
          "@type" : "RESOURCE_DESCRIPTION_ITEM",
          "language" : {
            "terminologyId" : {
              "value" : "ISO_639-1"
            },
            "codeString" : "nb"
          },
          "purpose" : "For å lage et rammeverk for registrering av svar på forhåndsdefinerte spørsmål om bekymringer, plager, problemer eller diagnoser.",
          "keywords" : [ "tilstand, sykdom, syndrom, spørreskjema, kartlegging, bekymring, plage" ],
          "use" : "Brukes for å lage et rammeverk for registrering av svar på forhåndsdefinerte spørsmål om bekymringer, plager, problemer eller diagnoser.\r\nArketypen er løst modellert for å inkludere det bredeste spekteret av bekymringer, plager og problemer, samt diagnoser.\r\n\r\nVanlige bruksområder inkluderer, men er ikke begrenset til:\r\n- Systematiske spørsmål ved konsultasjoner, for eksempel:\r\n--- Diagnostisert med kreft? Ja, Nei, Ukjent.\r\n--- Diagnostisert med Covid 19 eller influensa de siste tolv månedene? Ja, Nei, Ukjent.\r\n- Spesifikke spørsmål relatert til overvåkning av sykdommer.\r\n\r\nSemantikken til denne arketypen er med vilje løst definert, og spørringer etter data i denne arketypen vil normalt bare være hensiktsmessig eller sikkert i konteksten av det spesifikke templatet. I et templat vil hvert dataelement vanligvis døpes om til det (spesifikke) spørsmålet man ønsker svar på. Flere steder er det foreslått verdisett som passer til de vanligste bruksområder, men det er allikevel mulig å tilpasse/endre verdisett for lokal bruk ved å benytte de alternative datatypene DV_TEXT eller DV_BOOLEAN for å harmonere verdisettet til hvert enkelt brukstilfelle.\r\n\r\nEVENT-strukturen fra arketypens referansemodell kan brukes for å spesifisere om spørsmålene relateres til et tidspunkt eller til et tidsintervall.\r\nBruk egne instanser av denne arketypen for å skille mellom spørsmål om prosedyrer som er gjennomførte på et hvilket som helst tidspunkt og spørsmål om prosedyrer som er gjennomført i et tidsintervall. For eksempel; \"Har du influensa?\" sammenlignet med \"Har du hatt influensa de siste 4 ukene?\".\r\n\r\nKilden til informasjonen i et spørreskjema kan variere i ulike kontekster, men kan identifiseres spesifikt ved å benytte \"Information provider\" elementet i openEHR referansemodellen.\r\n\r\nDenne arketypen er laget for å bli brukt i et spørreskjema eller for å registrere enkle strukturerte data til for eksempel et sykdomsregister. Dersom det i kartleggingen identifiseres at et problem eller en diagnose er tilstede, anbefales det at spesifikke detaljer om problemet eller diagnosen (som for eksempel diagnosedato) registreres og lagres i pasientjournalen i arketypen EVALUATION.problem_diagnosis (Problem/diagnose).",
          "misuse" : "\t\r\nBrukes ikke for å registrere detaljer om tilstedeværelse eller fravær av et problem eller en diagnose utenfor konteksten av kartleggingen. Bruk arketypen EVALUATION.problem_diagnosis eller EVALUATION.exclusion_specific for dette formålet.\r\n\r\nBrukes ikke for å lage et rammeverk for registrering av svar på forhåndsdefinerte spørsmål om gjennomførte prosedyrer, bruk arketypen OBSERVATION.procedure_screening for dette formålet.\r\n\r\nBrukes ikke for å lage et rammeverk for registrering av svar på forhåndsdefinerte spørsmål om overfølsomhetsreaksjoner, bruk arketypen OBSERVATION.adverse_reaction_screening for dette formålet.\r\n\r\nBrukes ikke for å registrere detaljer om en enkel utvalgsliste der et spørsmål kan registreres som enten \"Tilstede\" eller \"Ubestemt\". Bruk arketypen OBSERVATION.selection_list for dette formålet.",
          "originalResourceUri" : { },
          "otherDetails" : { }
        },
        "en" : {
          "@type" : "RESOURCE_DESCRIPTION_ITEM",
          "language" : {
            "terminologyId" : {
              "value" : "ISO_639-1"
            },
            "codeString" : "en"
          },
          "purpose" : "To create a framework for recording answers to pre-defined screening questions about issues, problems or diagnoses.",
          "keywords" : [ "Condition, state, illness, syndrome, questionnaire, screening, issue" ],
          "use" : "Use to create a framework for recording answers to pre-defined screening questions about issues, problems or diagnoses. \r\nThis archeype has deliberately been loosely modelled to be inclusive of the broadest range of issues and problems, as well as diagnoses.\r\n\r\nCommon use cases include, but are not limited to:\r\n- Systematic questioning in any consultation, for example:\r\n--- Diagnosed with cancer? Yes, No, Unknown.\r\n--- Diagnosed with COVID 19 or Influenza in the past twelve months? Yes, No, Unknown.\r\n--- Do you have any worries or concerns? Yes, No, Unknown.\r\n- Specific questioning related to disease surveillance.\r\n\r\nThe semantics of this archetype are intentionally loose, and querying this archetype would normally only be useful or safe within the context of each specific template. In a template, each data element would usually be renamed to the specific question asked. Where value sets have been proposed for common use cases, these can be adapted for local use by using the DV_TEXT or the DV_BOOLEAN datatypes choice to match each specific use case.\r\n\r\nThe EVENT structure from the reference model can be used to specify whether the questions relate to point in time or over a period of time. Use a separate instance of this archetype to distinguish between a questionnaire recording information about a procedure that has been performed at any time in the past and information about a procedure performed within a specified time interval - for example the difference between \"Do you have influenza?\" compared to \"Have you had influenza in the past 4 weeks?\"\r\n\r\nThe source of the information in a questionnaire response may vary in different contexts but can be specifically identified using the 'Information provider' element in the Reference Model.\r\n\r\nThis archetype has been designed to be used as a screening tool or to record simple questionnaire-format data for use in situations such as a disease registry. If the screening questionnaire identifies the presence of a problem or diagnosis, it is recommended that clinical system record and persist the specific details about the problem or diagnosis (such as the date of clinical recognition) using the EVALUATION.problem_diagnosis archetype.",
          "misuse" : "Not to be used to record details about the presence or absence of a problem or diagnosis, outside of a screening context. Use EVALUATION.problem_diagnosis or EVALUATION.exclusion_specific for these purposes.\r\n\r\nNot to be used to to create a framework for recording answers to pre-defined screening questions about procedures that has been carried out in the past. Use the OBSERVATION.procedure_screening for this purpose.\r\n\r\nNot to be used to to create a framework for recording answers to pre-defined screening questions about adverse reactions, use an appropriate archetype for this purpose.\r\n\r\nNot to be used to record details about a simple selection list where a question may be recorded as either \"present\" or \"indeterminate\". Use OBSERVATION.selection_list for this purpose.",
          "originalResourceUri" : { },
          "otherDetails" : { }
        },
        "nl" : {
          "@type" : "RESOURCE_DESCRIPTION_ITEM",
          "language" : {
            "terminologyId" : {
              "value" : "ISO_639-1"
            },
            "codeString" : "nl"
          },
          "purpose" : "*To create a framework for recording answers to pre-defined screening questions about problems or diagnoses.(en)",
          "keywords" : [ "*Condition, state, illness, syndrome, questionnaire, screening, issue (en)" ],
          "use" : "*Use to create a framework for recording answers to pre-defined screening questions about issues, problems or diagnoses. \r\nThis archeype has deliberately been loosely modelled to be inclusive of the broadest range of issues and problems, as well as diagnoses.\r\n\r\nCommon use cases include, but are not limited to:\r\n- Systematic questioning in any consultation, for example:\r\n--- Diagnosed with cancer? Yes, No, Unknown.\r\n--- Diagnosed with COVID 19 or Influenza in the past twelve months? Yes, No, Unknown.\r\n--- Do you have any worries or concerns? Yes, No, Unknown.\r\n- Specific questioning related to disease surveillance.\r\n\r\nThe semantics of this archetype are intentionally loose, and querying this archetype would normally only be useful or safe within the context of each specific template. In a template, each data element would usually be renamed to the specific question asked. Where value sets have been proposed for common use cases, these can be adapted for local use by using the 'text' choice to match each specific use case.\r\n\r\nThe EVENT structure from the reference model can be used to specify whether the questions relate to point in time or over a period of time. Use a separate instance of this archetype to distinguish between a questionnaire recording information about a procedure that has been performed at any time in the past and information about a procedure performed within a specified time interval - for example the difference between \"Do you have influenza?\" compared to \"Have you had influenza in the past 4 weeks?\"\r\n\r\nThe source of the information in a questionnaire response may vary in different contexts but can be specifically identified using the 'Information provider' element in the Reference Model.\r\n\r\nThis archetype has been designed to be used as a screening tool or to record simple questionnaire-format data for use in situations such as a disease registry. If the screening questionnaire identifies the presence of a problem or diagnosis, it is recommended that clinical system record and persist the specific details about the problem or diagnosis (such as the date of clinical recognition) using the EVALUATION.problem_diagnosis archetype. (en)",
          "misuse" : "*Not to be used to record details about the presence or absence of a problem or diagnosis, outside of a screening context. Use EVALUATION.problem_diagnosis or EVALUATION.exclusion_specific for these purposes.\r\n\r\nNot to be used to to create a framework for recording answers to pre-defined screening questions about procedures that has been carried out in the past. Use the OBSERVATION.procedure_screening for this purpose.\r\n\r\nNot to be used to to create a framework for recording answers to pre-defined screening questions about adverse reactions, use an appropriate archetype for this purpose.\r\n\r\nNot to be used to record details about a simple selection list where a question may be recorded as either \"present\" or \"indeterminate\". Use OBSERVATION.selection_list for this purpose. (en)",
          "originalResourceUri" : { },
          "otherDetails" : { }
        }
      }
    },
    "parentArchetypeId" : "openEHR-EHR-OBSERVATION.problem_screening.v1",
    "differential" : true,
    "archetypeId" : {
      "@type" : "ARCHETYPE_HRID",
      "value" : "openEHR-EHR-OBSERVATION.ovl-problem_screening-005.v1"
    },
    "definition" : {
      "@type" : "C_COMPLEX_OBJECT",
      "rmTypeName" : "OBSERVATION",
      "nodeId" : "at0000.1",
      "attributes" : [ {
        "@type" : "C_ATTRIBUTE",
        "rmAttributeName" : "data",
        "children" : [ {
          "@type" : "C_COMPLEX_OBJECT",
          "rmTypeName" : "HISTORY",
          "nodeId" : "at0001",
          "attributes" : [ {
            "@type" : "C_ATTRIBUTE",
            "rmAttributeName" : "events",
            "children" : [ {
              "@type" : "C_COMPLEX_OBJECT",
              "rmTypeName" : "EVENT",
              "nodeId" : "at0002",
              "attributes" : [ {
                "@type" : "C_ATTRIBUTE",
                "rmAttributeName" : "data",
                "children" : [ {
                  "@type" : "C_COMPLEX_OBJECT",
                  "rmTypeName" : "ITEM_TREE",
                  "nodeId" : "at0003",
                  "attributes" : [ {
                    "@type" : "C_ATTRIBUTE",
                    "rmAttributeName" : "items",
                    "children" : [ {
                      "@type" : "C_COMPLEX_OBJECT",
                      "rmTypeName" : "ELEMENT",
                      "occurrences" : "0..0",
                      "nodeId" : "at0034.1",
                      "attributes" : [ ],
                      "attributeTuples" : [ ]
                    }, {
                      "@type" : "C_COMPLEX_OBJECT",
                      "rmTypeName" : "ELEMENT",
                      "occurrences" : "0..0",
                      "nodeId" : "at0028.1",
                      "attributes" : [ {
                        "@type" : "C_ATTRIBUTE",
                        "rmAttributeName" : "value",
                        "children" : [ {
                          "@type" : "C_COMPLEX_OBJECT",
                          "rmTypeName" : "DV_CODED_TEXT",
                          "attributes" : [ {
                            "@type" : "C_ATTRIBUTE",
                            "rmAttributeName" : "defining_code",
                            "children" : [ {
                              "@type" : "C_TERMINOLOGY_CODE",
                              "rmTypeName" : "CODE_PHRASE",
                              "occurrences" : "1..1",
                              "terminologyId" : {
                                "value" : "local"
                              },
                              "constraint" : [ "at0031", "at0032", "at0033" ]
                            } ]
                          } ],
                          "attributeTuples" : [ ]
                        }, {
                          "@type" : "C_COMPLEX_OBJECT",
                          "rmTypeName" : "DV_TEXT",
                          "attributes" : [ ],
                          "attributeTuples" : [ ]
                        }, {
                          "@type" : "C_COMPLEX_OBJECT",
                          "rmTypeName" : "DV_BOOLEAN",
                          "attributes" : [ ],
                          "attributeTuples" : [ ]
                        } ]
                      } ],
                      "attributeTuples" : [ ]
                    }, {
                      "@type" : "C_COMPLEX_OBJECT",
                      "rmTypeName" : "ELEMENT",
                      "occurrences" : "0..0",
                      "nodeId" : "at0043.1",
                      "attributes" : [ ],
                      "attributeTuples" : [ ]
                    }, {
                      "@type" : "C_COMPLEX_OBJECT",
                      "rmTypeName" : "CLUSTER",
                      "nodeId" : "at0022.1",
                      "attributes" : [ {
                        "@type" : "C_ATTRIBUTE",
                        "rmAttributeName" : "items",
                        "children" : [ {
                          "@type" : "C_COMPLEX_OBJECT",
                          "rmTypeName" : "ELEMENT",
                          "nodeId" : "at0004.1",
                          "attributes" : [ {
                            "@type" : "C_ATTRIBUTE",
                            "rmAttributeName" : "value",
                            "children" : [ {
                              "@type" : "C_COMPLEX_OBJECT",
                              "rmTypeName" : "DV_CODED_TEXT",
                              "occurrences" : "1..1",
                              "attributes" : [ {
                                "@type" : "C_ATTRIBUTE",
                                "rmAttributeName" : "defining_code",
                                "children" : [ {
                                  "@type" : "C_TERMINOLOGY_CODE",
                                  "rmTypeName" : "TERMINOLOGY_CODE",
                                  "occurrences" : "0..1",
                                  "terminologyId" : {
                                    "value" : "local_termsSP"
                                  },
                                  "constraint" : [ ],
                                  "selectedTerminologies" : [ "local_termsSP" ],
                                  "includedExternalTerminologyCodes" : [ {
                                    "terminologyId" : "local_termsSP",
                                    "code" : "0",
                                    "value" : "Sangat Tinggi"
                                  }, {
                                    "terminologyId" : "local_termsSP",
                                    "code" : "1",
                                    "value" : "Tinggi"
                                  }, {
                                    "terminologyId" : "local_termsSP",
                                    "code" : "2",
                                    "value" : "Cukup Tinggi"
                                  }, {
                                    "terminologyId" : "local_termsSP",
                                    "code" : "3",
                                    "value" : "Rendah"
                                  }, {
                                    "terminologyId" : "local_termsSP",
                                    "code" : "4",
                                    "value" : "Sangat rendah atau tidak ada sama sekali"
                                  } ]
                                } ]
                              } ],
                              "attributeTuples" : [ ]
                            } ]
                          } ],
                          "attributeTuples" : [ ]
                        }, {
                          "@type" : "C_COMPLEX_OBJECT",
                          "rmTypeName" : "ELEMENT",
                          "occurrences" : "0..0",
                          "nodeId" : "at0005.1",
                          "attributes" : [ {
                            "@type" : "C_ATTRIBUTE",
                            "rmAttributeName" : "value",
                            "children" : [ {
                              "@type" : "C_COMPLEX_OBJECT",
                              "rmTypeName" : "DV_CODED_TEXT",
                              "attributes" : [ {
                                "@type" : "C_ATTRIBUTE",
                                "rmAttributeName" : "defining_code",
                                "children" : [ {
                                  "@type" : "C_TERMINOLOGY_CODE",
                                  "rmTypeName" : "CODE_PHRASE",
                                  "occurrences" : "1..1",
                                  "terminologyId" : {
                                    "value" : "local"
                                  },
                                  "constraint" : [ "at0023", "at0024", "at0027" ]
                                } ]
                              } ],
                              "attributeTuples" : [ ]
                            }, {
                              "@type" : "C_COMPLEX_OBJECT",
                              "rmTypeName" : "DV_TEXT",
                              "attributes" : [ ],
                              "attributeTuples" : [ ]
                            }, {
                              "@type" : "C_COMPLEX_OBJECT",
                              "rmTypeName" : "DV_BOOLEAN",
                              "attributes" : [ ],
                              "attributeTuples" : [ ]
                            } ]
                          } ],
                          "attributeTuples" : [ ]
                        }, {
                          "@type" : "C_COMPLEX_OBJECT",
                          "rmTypeName" : "ELEMENT",
                          "occurrences" : "0..0",
                          "nodeId" : "at0040.1",
                          "attributes" : [ {
                            "@type" : "C_ATTRIBUTE",
                            "rmAttributeName" : "value",
                            "children" : [ {
                              "@type" : "C_COMPLEX_OBJECT",
                              "rmTypeName" : "DV_TEXT",
                              "attributes" : [ ],
                              "attributeTuples" : [ ]
                            }, {
                              "@type" : "C_COMPLEX_OBJECT",
                              "rmTypeName" : "DV_INTERVAL<DV_DURATION>",
                              "attributes" : [ ],
                              "attributeTuples" : [ ]
                            }, {
                              "@type" : "C_COMPLEX_OBJECT",
                              "rmTypeName" : "DV_DURATION",
                              "attributes" : [ ],
                              "attributeTuples" : [ ]
                            }, {
                              "@type" : "C_COMPLEX_OBJECT",
                              "rmTypeName" : "DV_DATE_TIME",
                              "attributes" : [ ],
                              "attributeTuples" : [ ]
                            }, {
                              "@type" : "C_COMPLEX_OBJECT",
                              "rmTypeName" : "DV_INTERVAL<DV_DATE_TIME>",
                              "attributes" : [ ],
                              "attributeTuples" : [ ]
                            } ]
                          } ],
                          "attributeTuples" : [ ]
                        }, {
                          "@type" : "C_COMPLEX_OBJECT",
                          "rmTypeName" : "ELEMENT",
                          "occurrences" : "0..0",
                          "nodeId" : "at0025.1",
                          "attributes" : [ ],
                          "attributeTuples" : [ ]
                        } ]
                      } ],
                      "attributeTuples" : [ ]
                    }, {
                      "@type" : "C_COMPLEX_OBJECT",
                      "rmTypeName" : "CLUSTER",
                      "nodeId" : "at0022.2",
                      "attributes" : [ {
                        "@type" : "C_ATTRIBUTE",
                        "rmAttributeName" : "items",
                        "children" : [ {
                          "@type" : "C_COMPLEX_OBJECT",
                          "rmTypeName" : "ELEMENT",
                          "nodeId" : "at0004.2",
                          "attributes" : [ {
                            "@type" : "C_ATTRIBUTE",
                            "rmAttributeName" : "value",
                            "children" : [ {
                              "@type" : "C_COMPLEX_OBJECT",
                              "rmTypeName" : "DV_CODED_TEXT",
                              "occurrences" : "1..1",
                              "attributes" : [ {
                                "@type" : "C_ATTRIBUTE",
                                "rmAttributeName" : "defining_code",
                                "children" : [ {
                                  "@type" : "C_TERMINOLOGY_CODE",
                                  "rmTypeName" : "TERMINOLOGY_CODE",
                                  "occurrences" : "0..1",
                                  "terminologyId" : {
                                    "value" : "local_termsTerangsang"
                                  },
                                  "constraint" : [ ],
                                  "selectedTerminologies" : [ "local_termsTerangsang" ],
                                  "includedExternalTerminologyCodes" : [ {
                                    "terminologyId" : "local_termsTerangsang",
                                    "code" : "0",
                                    "value" : "Tidak ada aktivitas seksual"
                                  }, {
                                    "terminologyId" : "local_termsTerangsang",
                                    "code" : "1",
                                    "value" : "Sangat tinggi"
                                  }, {
                                    "terminologyId" : "local_termsTerangsang",
                                    "code" : "2",
                                    "value" : "Tinggi"
                                  }, {
                                    "terminologyId" : "local_termsTerangsang",
                                    "code" : "3",
                                    "value" : "Cukup"
                                  }, {
                                    "terminologyId" : "local_termsTerangsang",
                                    "code" : "4",
                                    "value" : "Rendah"
                                  }, {
                                    "terminologyId" : "local_termsTerangsang",
                                    "code" : "5",
                                    "value" : "Sangat rendah atau tidak ada sama sekali"
                                  } ]
                                } ]
                              } ],
                              "attributeTuples" : [ ]
                            } ]
                          } ],
                          "attributeTuples" : [ ]
                        }, {
                          "@type" : "C_COMPLEX_OBJECT",
                          "rmTypeName" : "ELEMENT",
                          "occurrences" : "0..0",
                          "nodeId" : "at0005.2",
                          "attributes" : [ {
                            "@type" : "C_ATTRIBUTE",
                            "rmAttributeName" : "value",
                            "children" : [ {
                              "@type" : "C_COMPLEX_OBJECT",
                              "rmTypeName" : "DV_CODED_TEXT",
                              "attributes" : [ {
                                "@type" : "C_ATTRIBUTE",
                                "rmAttributeName" : "defining_code",
                                "children" : [ {
                                  "@type" : "C_TERMINOLOGY_CODE",
                                  "rmTypeName" : "CODE_PHRASE",
                                  "occurrences" : "1..1",
                                  "terminologyId" : {
                                    "value" : "local"
                                  },
                                  "constraint" : [ "at0023", "at0024", "at0027" ]
                                } ]
                              } ],
                              "attributeTuples" : [ ]
                            }, {
                              "@type" : "C_COMPLEX_OBJECT",
                              "rmTypeName" : "DV_TEXT",
                              "attributes" : [ ],
                              "attributeTuples" : [ ]
                            }, {
                              "@type" : "C_COMPLEX_OBJECT",
                              "rmTypeName" : "DV_BOOLEAN",
                              "attributes" : [ ],
                              "attributeTuples" : [ ]
                            } ]
                          } ],
                          "attributeTuples" : [ ]
                        }, {
                          "@type" : "C_COMPLEX_OBJECT",
                          "rmTypeName" : "ELEMENT",
                          "occurrences" : "0..0",
                          "nodeId" : "at0040.2",
                          "attributes" : [ {
                            "@type" : "C_ATTRIBUTE",
                            "rmAttributeName" : "value",
                            "children" : [ {
                              "@type" : "C_COMPLEX_OBJECT",
                              "rmTypeName" : "DV_TEXT",
                              "attributes" : [ ],
                              "attributeTuples" : [ ]
                            }, {
                              "@type" : "C_COMPLEX_OBJECT",
                              "rmTypeName" : "DV_INTERVAL<DV_DURATION>",
                              "attributes" : [ ],
                              "attributeTuples" : [ ]
                            }, {
                              "@type" : "C_COMPLEX_OBJECT",
                              "rmTypeName" : "DV_DURATION",
                              "attributes" : [ ],
                              "attributeTuples" : [ ]
                            }, {
                              "@type" : "C_COMPLEX_OBJECT",
                              "rmTypeName" : "DV_DATE_TIME",
                              "attributes" : [ ],
                              "attributeTuples" : [ ]
                            }, {
                              "@type" : "C_COMPLEX_OBJECT",
                              "rmTypeName" : "DV_INTERVAL<DV_DATE_TIME>",
                              "attributes" : [ ],
                              "attributeTuples" : [ ]
                            } ]
                          } ],
                          "attributeTuples" : [ ]
                        }, {
                          "@type" : "C_COMPLEX_OBJECT",
                          "rmTypeName" : "ELEMENT",
                          "occurrences" : "0..0",
                          "nodeId" : "at0025.2",
                          "attributes" : [ ],
                          "attributeTuples" : [ ]
                        } ]
                      } ],
                      "attributeTuples" : [ ]
                    }, {
                      "@type" : "C_COMPLEX_OBJECT",
                      "rmTypeName" : "CLUSTER",
                      "nodeId" : "at0022.3",
                      "attributes" : [ {
                        "@type" : "C_ATTRIBUTE",
                        "rmAttributeName" : "items",
                        "children" : [ {
                          "@type" : "C_COMPLEX_OBJECT",
                          "rmTypeName" : "ELEMENT",
                          "nodeId" : "at0004.3",
                          "attributes" : [ {
                            "@type" : "C_ATTRIBUTE",
                            "rmAttributeName" : "value",
                            "children" : [ {
                              "@type" : "C_COMPLEX_OBJECT",
                              "rmTypeName" : "DV_CODED_TEXT",
                              "occurrences" : "1..1",
                              "attributes" : [ {
                                "@type" : "C_ATTRIBUTE",
                                "rmAttributeName" : "defining_code",
                                "children" : [ {
                                  "@type" : "C_TERMINOLOGY_CODE",
                                  "rmTypeName" : "TERMINOLOGY_CODE",
                                  "occurrences" : "0..1",
                                  "terminologyId" : {
                                    "value" : "local_termsTer"
                                  },
                                  "constraint" : [ ],
                                  "selectedTerminologies" : [ "local_termsTer" ],
                                  "includedExternalTerminologyCodes" : [ {
                                    "terminologyId" : "local_termsTer",
                                    "code" : "0",
                                    "value" : "Tidak ada aktivitas seksual"
                                  }, {
                                    "terminologyId" : "local_termsTer",
                                    "code" : "1",
                                    "value" : "Hampir selalu atau selalu"
                                  }, {
                                    "terminologyId" : "local_termsTer",
                                    "code" : "2",
                                    "value" : "Sebagian besar waktu"
                                  }, {
                                    "terminologyId" : "local_termsTer",
                                    "code" : "3",
                                    "value" : "Kadang – kadang"
                                  }, {
                                    "terminologyId" : "local_termsTer",
                                    "code" : "4",
                                    "value" : "Hanya beberapa kali"
                                  }, {
                                    "terminologyId" : "local_termsTer",
                                    "code" : "5",
                                    "value" : "Hampir tidak pernah atau tidak pernah"
                                  } ]
                                } ]
                              } ],
                              "attributeTuples" : [ ]
                            } ]
                          } ],
                          "attributeTuples" : [ ]
                        }, {
                          "@type" : "C_COMPLEX_OBJECT",
                          "rmTypeName" : "ELEMENT",
                          "occurrences" : "0..0",
                          "nodeId" : "at0005.3",
                          "attributes" : [ {
                            "@type" : "C_ATTRIBUTE",
                            "rmAttributeName" : "value",
                            "children" : [ {
                              "@type" : "C_COMPLEX_OBJECT",
                              "rmTypeName" : "DV_CODED_TEXT",
                              "attributes" : [ {
                                "@type" : "C_ATTRIBUTE",
                                "rmAttributeName" : "defining_code",
                                "children" : [ {
                                  "@type" : "C_TERMINOLOGY_CODE",
                                  "rmTypeName" : "CODE_PHRASE",
                                  "occurrences" : "1..1",
                                  "terminologyId" : {
                                    "value" : "local"
                                  },
                                  "constraint" : [ "at0023", "at0024", "at0027" ]
                                } ]
                              } ],
                              "attributeTuples" : [ ]
                            }, {
                              "@type" : "C_COMPLEX_OBJECT",
                              "rmTypeName" : "DV_TEXT",
                              "attributes" : [ ],
                              "attributeTuples" : [ ]
                            }, {
                              "@type" : "C_COMPLEX_OBJECT",
                              "rmTypeName" : "DV_BOOLEAN",
                              "attributes" : [ ],
                              "attributeTuples" : [ ]
                            } ]
                          } ],
                          "attributeTuples" : [ ]
                        }, {
                          "@type" : "C_COMPLEX_OBJECT",
                          "rmTypeName" : "ELEMENT",
                          "occurrences" : "0..0",
                          "nodeId" : "at0040.3",
                          "attributes" : [ {
                            "@type" : "C_ATTRIBUTE",
                            "rmAttributeName" : "value",
                            "children" : [ {
                              "@type" : "C_COMPLEX_OBJECT",
                              "rmTypeName" : "DV_TEXT",
                              "attributes" : [ ],
                              "attributeTuples" : [ ]
                            }, {
                              "@type" : "C_COMPLEX_OBJECT",
                              "rmTypeName" : "DV_INTERVAL<DV_DURATION>",
                              "attributes" : [ ],
                              "attributeTuples" : [ ]
                            }, {
                              "@type" : "C_COMPLEX_OBJECT",
                              "rmTypeName" : "DV_DURATION",
                              "attributes" : [ ],
                              "attributeTuples" : [ ]
                            }, {
                              "@type" : "C_COMPLEX_OBJECT",
                              "rmTypeName" : "DV_DATE_TIME",
                              "attributes" : [ ],
                              "attributeTuples" : [ ]
                            }, {
                              "@type" : "C_COMPLEX_OBJECT",
                              "rmTypeName" : "DV_INTERVAL<DV_DATE_TIME>",
                              "attributes" : [ ],
                              "attributeTuples" : [ ]
                            } ]
                          } ],
                          "attributeTuples" : [ ]
                        }, {
                          "@type" : "C_COMPLEX_OBJECT",
                          "rmTypeName" : "ELEMENT",
                          "occurrences" : "0..0",
                          "nodeId" : "at0025.3",
                          "attributes" : [ ],
                          "attributeTuples" : [ ]
                        } ]
                      } ],
                      "attributeTuples" : [ ]
                    }, {
                      "@type" : "C_COMPLEX_OBJECT",
                      "rmTypeName" : "CLUSTER",
                      "nodeId" : "at0022.4",
                      "attributes" : [ {
                        "@type" : "C_ATTRIBUTE",
                        "rmAttributeName" : "items",
                        "children" : [ {
                          "@type" : "C_COMPLEX_OBJECT",
                          "rmTypeName" : "ELEMENT",
                          "nodeId" : "at0004.4",
                          "attributes" : [ {
                            "@type" : "C_ATTRIBUTE",
                            "rmAttributeName" : "value",
                            "children" : [ {
                              "@type" : "C_COMPLEX_OBJECT",
                              "rmTypeName" : "DV_CODED_TEXT",
                              "occurrences" : "1..1",
                              "attributes" : [ {
                                "@type" : "C_ATTRIBUTE",
                                "rmAttributeName" : "defining_code",
                                "children" : [ {
                                  "@type" : "C_TERMINOLOGY_CODE",
                                  "rmTypeName" : "TERMINOLOGY_CODE",
                                  "occurrences" : "0..1",
                                  "terminologyId" : {
                                    "value" : "local_termsOrgasme"
                                  },
                                  "constraint" : [ ],
                                  "selectedTerminologies" : [ "local_termsOrgasme" ],
                                  "includedExternalTerminologyCodes" : [ {
                                    "terminologyId" : "local_termsOrgasme",
                                    "code" : "0",
                                    "value" : "Tidak ada aktivitas seksual"
                                  }, {
                                    "terminologyId" : "local_termsOrgasme",
                                    "code" : "1",
                                    "value" : "Hampir selalu atau selalu"
                                  }, {
                                    "terminologyId" : "local_termsOrgasme",
                                    "code" : "2",
                                    "value" : "Sebagian besar waktu"
                                  }, {
                                    "terminologyId" : "local_termsOrgasme",
                                    "code" : "3",
                                    "value" : "Kadang – kadang"
                                  }, {
                                    "terminologyId" : "local_termsOrgasme",
                                    "code" : "4",
                                    "value" : "Hanya beberapa kali"
                                  }, {
                                    "terminologyId" : "local_termsOrgasme",
                                    "code" : "5",
                                    "value" : "Hampir tidak pernah atau tidak pernah"
                                  } ]
                                } ]
                              } ],
                              "attributeTuples" : [ ]
                            } ]
                          } ],
                          "attributeTuples" : [ ]
                        }, {
                          "@type" : "C_COMPLEX_OBJECT",
                          "rmTypeName" : "ELEMENT",
                          "occurrences" : "0..0",
                          "nodeId" : "at0005.4",
                          "attributes" : [ {
                            "@type" : "C_ATTRIBUTE",
                            "rmAttributeName" : "value",
                            "children" : [ {
                              "@type" : "C_COMPLEX_OBJECT",
                              "rmTypeName" : "DV_CODED_TEXT",
                              "attributes" : [ {
                                "@type" : "C_ATTRIBUTE",
                                "rmAttributeName" : "defining_code",
                                "children" : [ {
                                  "@type" : "C_TERMINOLOGY_CODE",
                                  "rmTypeName" : "CODE_PHRASE",
                                  "occurrences" : "1..1",
                                  "terminologyId" : {
                                    "value" : "local"
                                  },
                                  "constraint" : [ "at0023", "at0024", "at0027" ]
                                } ]
                              } ],
                              "attributeTuples" : [ ]
                            }, {
                              "@type" : "C_COMPLEX_OBJECT",
                              "rmTypeName" : "DV_TEXT",
                              "attributes" : [ ],
                              "attributeTuples" : [ ]
                            }, {
                              "@type" : "C_COMPLEX_OBJECT",
                              "rmTypeName" : "DV_BOOLEAN",
                              "attributes" : [ ],
                              "attributeTuples" : [ ]
                            } ]
                          } ],
                          "attributeTuples" : [ ]
                        }, {
                          "@type" : "C_COMPLEX_OBJECT",
                          "rmTypeName" : "ELEMENT",
                          "occurrences" : "0..0",
                          "nodeId" : "at0040.4",
                          "attributes" : [ {
                            "@type" : "C_ATTRIBUTE",
                            "rmAttributeName" : "value",
                            "children" : [ {
                              "@type" : "C_COMPLEX_OBJECT",
                              "rmTypeName" : "DV_TEXT",
                              "attributes" : [ ],
                              "attributeTuples" : [ ]
                            }, {
                              "@type" : "C_COMPLEX_OBJECT",
                              "rmTypeName" : "DV_INTERVAL<DV_DURATION>",
                              "attributes" : [ ],
                              "attributeTuples" : [ ]
                            }, {
                              "@type" : "C_COMPLEX_OBJECT",
                              "rmTypeName" : "DV_DURATION",
                              "attributes" : [ ],
                              "attributeTuples" : [ ]
                            }, {
                              "@type" : "C_COMPLEX_OBJECT",
                              "rmTypeName" : "DV_DATE_TIME",
                              "attributes" : [ ],
                              "attributeTuples" : [ ]
                            }, {
                              "@type" : "C_COMPLEX_OBJECT",
                              "rmTypeName" : "DV_INTERVAL<DV_DATE_TIME>",
                              "attributes" : [ ],
                              "attributeTuples" : [ ]
                            } ]
                          } ],
                          "attributeTuples" : [ ]
                        }, {
                          "@type" : "C_COMPLEX_OBJECT",
                          "rmTypeName" : "ELEMENT",
                          "occurrences" : "0..0",
                          "nodeId" : "at0025.4",
                          "attributes" : [ ],
                          "attributeTuples" : [ ]
                        } ]
                      } ],
                      "attributeTuples" : [ ]
                    }, {
                      "@type" : "C_COMPLEX_OBJECT",
                      "rmTypeName" : "CLUSTER",
                      "occurrences" : "0..0",
                      "nodeId" : "at0022.7",
                      "attributes" : [ {
                        "@type" : "C_ATTRIBUTE",
                        "rmAttributeName" : "items",
                        "children" : [ {
                          "@type" : "C_COMPLEX_OBJECT",
                          "rmTypeName" : "ELEMENT",
                          "nodeId" : "at0004.7",
                          "attributes" : [ {
                            "@type" : "C_ATTRIBUTE",
                            "rmAttributeName" : "value",
                            "children" : [ {
                              "@type" : "C_COMPLEX_OBJECT",
                              "rmTypeName" : "DV_CODED_TEXT",
                              "occurrences" : "1..1",
                              "attributes" : [ {
                                "@type" : "C_ATTRIBUTE",
                                "rmAttributeName" : "defining_code",
                                "children" : [ {
                                  "@type" : "C_TERMINOLOGY_CODE",
                                  "rmTypeName" : "TERMINOLOGY_CODE",
                                  "occurrences" : "0..1",
                                  "terminologyId" : {
                                    "value" : "local_termsSP2"
                                  },
                                  "constraint" : [ ],
                                  "selectedTerminologies" : [ "local_termsSP2" ],
                                  "includedExternalTerminologyCodes" : [ {
                                    "terminologyId" : "local_termsSP2",
                                    "code" : "0",
                                    "value" : "Hanya beberapa kali"
                                  }, {
                                    "terminologyId" : "local_termsSP2",
                                    "code" : "1",
                                    "value" : "Hampir tidak pernah atau tidak pernah"
                                  } ]
                                } ]
                              } ],
                              "attributeTuples" : [ ]
                            } ]
                          } ],
                          "attributeTuples" : [ ]
                        }, {
                          "@type" : "C_COMPLEX_OBJECT",
                          "rmTypeName" : "ELEMENT",
                          "occurrences" : "0..0",
                          "nodeId" : "at0005.7",
                          "attributes" : [ {
                            "@type" : "C_ATTRIBUTE",
                            "rmAttributeName" : "value",
                            "children" : [ {
                              "@type" : "C_COMPLEX_OBJECT",
                              "rmTypeName" : "DV_CODED_TEXT",
                              "attributes" : [ {
                                "@type" : "C_ATTRIBUTE",
                                "rmAttributeName" : "defining_code",
                                "children" : [ {
                                  "@type" : "C_TERMINOLOGY_CODE",
                                  "rmTypeName" : "CODE_PHRASE",
                                  "occurrences" : "1..1",
                                  "terminologyId" : {
                                    "value" : "local"
                                  },
                                  "constraint" : [ "at0023", "at0024", "at0027" ]
                                } ]
                              } ],
                              "attributeTuples" : [ ]
                            }, {
                              "@type" : "C_COMPLEX_OBJECT",
                              "rmTypeName" : "DV_TEXT",
                              "attributes" : [ ],
                              "attributeTuples" : [ ]
                            }, {
                              "@type" : "C_COMPLEX_OBJECT",
                              "rmTypeName" : "DV_BOOLEAN",
                              "attributes" : [ ],
                              "attributeTuples" : [ ]
                            } ]
                          } ],
                          "attributeTuples" : [ ]
                        }, {
                          "@type" : "C_COMPLEX_OBJECT",
                          "rmTypeName" : "ELEMENT",
                          "occurrences" : "0..0",
                          "nodeId" : "at0040.7",
                          "attributes" : [ {
                            "@type" : "C_ATTRIBUTE",
                            "rmAttributeName" : "value",
                            "children" : [ {
                              "@type" : "C_COMPLEX_OBJECT",
                              "rmTypeName" : "DV_TEXT",
                              "attributes" : [ ],
                              "attributeTuples" : [ ]
                            }, {
                              "@type" : "C_COMPLEX_OBJECT",
                              "rmTypeName" : "DV_INTERVAL<DV_DURATION>",
                              "attributes" : [ ],
                              "attributeTuples" : [ ]
                            }, {
                              "@type" : "C_COMPLEX_OBJECT",
                              "rmTypeName" : "DV_DURATION",
                              "attributes" : [ ],
                              "attributeTuples" : [ ]
                            }, {
                              "@type" : "C_COMPLEX_OBJECT",
                              "rmTypeName" : "DV_DATE_TIME",
                              "attributes" : [ ],
                              "attributeTuples" : [ ]
                            }, {
                              "@type" : "C_COMPLEX_OBJECT",
                              "rmTypeName" : "DV_INTERVAL<DV_DATE_TIME>",
                              "attributes" : [ ],
                              "attributeTuples" : [ ]
                            } ]
                          } ],
                          "attributeTuples" : [ ]
                        }, {
                          "@type" : "C_COMPLEX_OBJECT",
                          "rmTypeName" : "ELEMENT",
                          "occurrences" : "0..0",
                          "nodeId" : "at0025.7",
                          "attributes" : [ ],
                          "attributeTuples" : [ ]
                        } ]
                      } ],
                      "attributeTuples" : [ ]
                    }, {
                      "@type" : "C_COMPLEX_OBJECT",
                      "rmTypeName" : "CLUSTER",
                      "nodeId" : "at0022.5",
                      "attributes" : [ {
                        "@type" : "C_ATTRIBUTE",
                        "rmAttributeName" : "items",
                        "children" : [ {
                          "@type" : "C_COMPLEX_OBJECT",
                          "rmTypeName" : "ELEMENT",
                          "nodeId" : "at0004.5",
                          "attributes" : [ {
                            "@type" : "C_ATTRIBUTE",
                            "rmAttributeName" : "value",
                            "children" : [ {
                              "@type" : "C_COMPLEX_OBJECT",
                              "rmTypeName" : "DV_CODED_TEXT",
                              "occurrences" : "1..1",
                              "attributes" : [ {
                                "@type" : "C_ATTRIBUTE",
                                "rmAttributeName" : "defining_code",
                                "children" : [ {
                                  "@type" : "C_TERMINOLOGY_CODE",
                                  "rmTypeName" : "TERMINOLOGY_CODE",
                                  "occurrences" : "0..1",
                                  "terminologyId" : {
                                    "value" : "local_termsKSeks"
                                  },
                                  "constraint" : [ ],
                                  "selectedTerminologies" : [ "local_termsKSeks" ],
                                  "includedExternalTerminologyCodes" : [ {
                                    "terminologyId" : "local_termsKSeks",
                                    "code" : "0",
                                    "value" : "Sangat puas"
                                  }, {
                                    "terminologyId" : "local_termsKSeks",
                                    "code" : "1",
                                    "value" : "Puas"
                                  }, {
                                    "terminologyId" : "local_termsKSeks",
                                    "code" : "2",
                                    "value" : "Seimbang puas dan tidak puas"
                                  }, {
                                    "terminologyId" : "local_termsKSeks",
                                    "code" : "3",
                                    "value" : "Tidak puas"
                                  }, {
                                    "terminologyId" : "local_termsKSeks",
                                    "code" : "4",
                                    "value" : "Sangat tidak puas"
                                  } ]
                                } ]
                              } ],
                              "attributeTuples" : [ ]
                            } ]
                          } ],
                          "attributeTuples" : [ ]
                        }, {
                          "@type" : "C_COMPLEX_OBJECT",
                          "rmTypeName" : "ELEMENT",
                          "occurrences" : "0..0",
                          "nodeId" : "at0005.5",
                          "attributes" : [ {
                            "@type" : "C_ATTRIBUTE",
                            "rmAttributeName" : "value",
                            "children" : [ {
                              "@type" : "C_COMPLEX_OBJECT",
                              "rmTypeName" : "DV_CODED_TEXT",
                              "attributes" : [ {
                                "@type" : "C_ATTRIBUTE",
                                "rmAttributeName" : "defining_code",
                                "children" : [ {
                                  "@type" : "C_TERMINOLOGY_CODE",
                                  "rmTypeName" : "CODE_PHRASE",
                                  "occurrences" : "1..1",
                                  "terminologyId" : {
                                    "value" : "local"
                                  },
                                  "constraint" : [ "at0023", "at0024", "at0027" ]
                                } ]
                              } ],
                              "attributeTuples" : [ ]
                            }, {
                              "@type" : "C_COMPLEX_OBJECT",
                              "rmTypeName" : "DV_TEXT",
                              "attributes" : [ ],
                              "attributeTuples" : [ ]
                            }, {
                              "@type" : "C_COMPLEX_OBJECT",
                              "rmTypeName" : "DV_BOOLEAN",
                              "attributes" : [ ],
                              "attributeTuples" : [ ]
                            } ]
                          } ],
                          "attributeTuples" : [ ]
                        }, {
                          "@type" : "C_COMPLEX_OBJECT",
                          "rmTypeName" : "ELEMENT",
                          "occurrences" : "0..0",
                          "nodeId" : "at0040.5",
                          "attributes" : [ {
                            "@type" : "C_ATTRIBUTE",
                            "rmAttributeName" : "value",
                            "children" : [ {
                              "@type" : "C_COMPLEX_OBJECT",
                              "rmTypeName" : "DV_TEXT",
                              "attributes" : [ ],
                              "attributeTuples" : [ ]
                            }, {
                              "@type" : "C_COMPLEX_OBJECT",
                              "rmTypeName" : "DV_INTERVAL<DV_DURATION>",
                              "attributes" : [ ],
                              "attributeTuples" : [ ]
                            }, {
                              "@type" : "C_COMPLEX_OBJECT",
                              "rmTypeName" : "DV_DURATION",
                              "attributes" : [ ],
                              "attributeTuples" : [ ]
                            }, {
                              "@type" : "C_COMPLEX_OBJECT",
                              "rmTypeName" : "DV_DATE_TIME",
                              "attributes" : [ ],
                              "attributeTuples" : [ ]
                            }, {
                              "@type" : "C_COMPLEX_OBJECT",
                              "rmTypeName" : "DV_INTERVAL<DV_DATE_TIME>",
                              "attributes" : [ ],
                              "attributeTuples" : [ ]
                            } ]
                          } ],
                          "attributeTuples" : [ ]
                        }, {
                          "@type" : "C_COMPLEX_OBJECT",
                          "rmTypeName" : "ELEMENT",
                          "occurrences" : "0..0",
                          "nodeId" : "at0025.5",
                          "attributes" : [ ],
                          "attributeTuples" : [ ]
                        } ]
                      } ],
                      "attributeTuples" : [ ]
                    }, {
                      "@type" : "C_COMPLEX_OBJECT",
                      "rmTypeName" : "CLUSTER",
                      "nodeId" : "at0022.6",
                      "attributes" : [ {
                        "@type" : "C_ATTRIBUTE",
                        "rmAttributeName" : "items",
                        "children" : [ {
                          "@type" : "C_COMPLEX_OBJECT",
                          "rmTypeName" : "ELEMENT",
                          "nodeId" : "at0004.6",
                          "attributes" : [ {
                            "@type" : "C_ATTRIBUTE",
                            "rmAttributeName" : "value",
                            "children" : [ {
                              "@type" : "C_COMPLEX_OBJECT",
                              "rmTypeName" : "DV_CODED_TEXT",
                              "occurrences" : "1..1",
                              "attributes" : [ {
                                "@type" : "C_ATTRIBUTE",
                                "rmAttributeName" : "defining_code",
                                "children" : [ {
                                  "@type" : "C_TERMINOLOGY_CODE",
                                  "rmTypeName" : "TERMINOLOGY_CODE",
                                  "occurrences" : "0..1",
                                  "terminologyId" : {
                                    "value" : "local_termsTer1"
                                  },
                                  "constraint" : [ ],
                                  "selectedTerminologies" : [ "local_termsTer1" ],
                                  "includedExternalTerminologyCodes" : [ {
                                    "terminologyId" : "local_termsTer1",
                                    "code" : "0",
                                    "value" : "Tidak mencoba hubungan seksual"
                                  }, {
                                    "terminologyId" : "local_termsTer1",
                                    "code" : "1",
                                    "value" : "Hampir selalu atau selalu"
                                  }, {
                                    "terminologyId" : "local_termsTer1",
                                    "code" : "2",
                                    "value" : "Sebagian besar waktu"
                                  }, {
                                    "terminologyId" : "local_termsTer1",
                                    "code" : "3",
                                    "value" : "Kadang – kadang"
                                  }, {
                                    "terminologyId" : "local_termsTer1",
                                    "code" : "4",
                                    "value" : "Hanya beberapa kali"
                                  }, {
                                    "terminologyId" : "local_termsTer1",
                                    "code" : "5",
                                    "value" : "Hampir tidak pernah atau tidak pernah"
                                  } ]
                                } ]
                              } ],
                              "attributeTuples" : [ ]
                            } ]
                          } ],
                          "attributeTuples" : [ ]
                        }, {
                          "@type" : "C_COMPLEX_OBJECT",
                          "rmTypeName" : "ELEMENT",
                          "occurrences" : "0..0",
                          "nodeId" : "at0005.6",
                          "attributes" : [ {
                            "@type" : "C_ATTRIBUTE",
                            "rmAttributeName" : "value",
                            "children" : [ {
                              "@type" : "C_COMPLEX_OBJECT",
                              "rmTypeName" : "DV_CODED_TEXT",
                              "attributes" : [ {
                                "@type" : "C_ATTRIBUTE",
                                "rmAttributeName" : "defining_code",
                                "children" : [ {
                                  "@type" : "C_TERMINOLOGY_CODE",
                                  "rmTypeName" : "CODE_PHRASE",
                                  "occurrences" : "1..1",
                                  "terminologyId" : {
                                    "value" : "local"
                                  },
                                  "constraint" : [ "at0023", "at0024", "at0027" ]
                                } ]
                              } ],
                              "attributeTuples" : [ ]
                            }, {
                              "@type" : "C_COMPLEX_OBJECT",
                              "rmTypeName" : "DV_TEXT",
                              "attributes" : [ ],
                              "attributeTuples" : [ ]
                            }, {
                              "@type" : "C_COMPLEX_OBJECT",
                              "rmTypeName" : "DV_BOOLEAN",
                              "attributes" : [ ],
                              "attributeTuples" : [ ]
                            } ]
                          } ],
                          "attributeTuples" : [ ]
                        }, {
                          "@type" : "C_COMPLEX_OBJECT",
                          "rmTypeName" : "ELEMENT",
                          "occurrences" : "0..0",
                          "nodeId" : "at0040.6",
                          "attributes" : [ {
                            "@type" : "C_ATTRIBUTE",
                            "rmAttributeName" : "value",
                            "children" : [ {
                              "@type" : "C_COMPLEX_OBJECT",
                              "rmTypeName" : "DV_TEXT",
                              "attributes" : [ ],
                              "attributeTuples" : [ ]
                            }, {
                              "@type" : "C_COMPLEX_OBJECT",
                              "rmTypeName" : "DV_INTERVAL<DV_DURATION>",
                              "attributes" : [ ],
                              "attributeTuples" : [ ]
                            }, {
                              "@type" : "C_COMPLEX_OBJECT",
                              "rmTypeName" : "DV_DURATION",
                              "attributes" : [ ],
                              "attributeTuples" : [ ]
                            }, {
                              "@type" : "C_COMPLEX_OBJECT",
                              "rmTypeName" : "DV_DATE_TIME",
                              "attributes" : [ ],
                              "attributeTuples" : [ ]
                            }, {
                              "@type" : "C_COMPLEX_OBJECT",
                              "rmTypeName" : "DV_INTERVAL<DV_DATE_TIME>",
                              "attributes" : [ ],
                              "attributeTuples" : [ ]
                            } ]
                          } ],
                          "attributeTuples" : [ ]
                        }, {
                          "@type" : "C_COMPLEX_OBJECT",
                          "rmTypeName" : "ELEMENT",
                          "occurrences" : "0..0",
                          "nodeId" : "at0025.6",
                          "attributes" : [ ],
                          "attributeTuples" : [ ]
                        } ]
                      } ],
                      "attributeTuples" : [ ]
                    } ]
                  } ],
                  "attributeTuples" : [ ]
                } ]
              } ],
              "attributeTuples" : [ ]
            } ]
          } ],
          "attributeTuples" : [ ]
        } ]
      } ],
      "attributeTuples" : [ ]
    },
    "terminology" : {
      "@type" : "ARCHETYPE_TERMINOLOGY",
      "conceptCode" : "at0000",
      "termDefinitions" : {
        "en" : {
          "at0000.1" : {
            "@type" : "ARCHETYPE_TERM",
            "code" : "at0000.1",
            "text" : "Indeks Fungsi Seksual Perempuan",
            "description" : "Series of questions and associated answers used to screen for issues, problems or diagnoses.",
            "comment" : "The answers may be self-reported."
          },
          "at0022.1" : {
            "@type" : "ARCHETYPE_TERM",
            "code" : "at0022.1",
            "text" : "Hasrat",
            "description" : "Details about a specific issue, problem or diagnosis or grouping of problems or diagnoses relevant for the screening purpose."
          },
          "at0004.1" : {
            "@type" : "ARCHETYPE_TERM",
            "code" : "at0004.1",
            "text" : "Bagaimana Anda mengukur hasrat/minat seksual Anda?",
            "description" : "Identification of an issue, problem or diagnosis, or grouping of issues, problems or diagnoses, by name.",
            "comment" : "Coding of the 'Problem/diagnosis name' with a terminology is preferred, where possible."
          },
          "at0022.2" : {
            "@type" : "ARCHETYPE_TERM",
            "code" : "at0022.2",
            "text" : "Terangsang",
            "description" : "Details about a specific issue, problem or diagnosis or grouping of problems or diagnoses relevant for the screening purpose."
          },
          "at0004.2" : {
            "@type" : "ARCHETYPE_TERM",
            "code" : "at0004.2",
            "text" : "Seberapa sering Anda merasa terangsang selama aktivitas seksual/senggama? Contoh: keluar cairan vagina, putting mengeras, dll",
            "description" : "Identification of an issue, problem or diagnosis, or grouping of issues, problems or diagnoses, by name.",
            "comment" : "Coding of the 'Problem/diagnosis name' with a terminology is preferred, where possible."
          },
          "at0022.3" : {
            "@type" : "ARCHETYPE_TERM",
            "code" : "at0022.3",
            "text" : "Basah Vagina",
            "description" : "Details about a specific issue, problem or diagnosis or grouping of problems or diagnoses relevant for the screening purpose."
          },
          "at0004.3" : {
            "@type" : "ARCHETYPE_TERM",
            "code" : "at0004.3",
            "text" : "Seberapa sering Anda merasa basah di daerah vagina selama aktivitas seksual/senggama?",
            "description" : "Identification of an issue, problem or diagnosis, or grouping of issues, problems or diagnoses, by name.",
            "comment" : "Coding of the 'Problem/diagnosis name' with a terminology is preferred, where possible."
          },
          "at0022.5" : {
            "@type" : "ARCHETYPE_TERM",
            "code" : "at0022.5",
            "text" : "Kepuasan Seks",
            "description" : "Details about a specific issue, problem or diagnosis or grouping of problems or diagnoses relevant for the screening purpose."
          },
          "at0004.5" : {
            "@type" : "ARCHETYPE_TERM",
            "code" : "at0004.5",
            "text" : "Seberapa puas Anda dengan kehidupan seksual Anda secara keseluruhan?",
            "description" : "Identification of an issue, problem or diagnosis, or grouping of issues, problems or diagnoses, by name.",
            "comment" : "Coding of the 'Problem/diagnosis name' with a terminology is preferred, where possible."
          },
          "at0022.4" : {
            "@type" : "ARCHETYPE_TERM",
            "code" : "at0022.4",
            "text" : "Orgasme",
            "description" : "Details about a specific issue, problem or diagnosis or grouping of problems or diagnoses relevant for the screening purpose."
          },
          "at0004.4" : {
            "@type" : "ARCHETYPE_TERM",
            "code" : "at0004.4",
            "text" : "Seberapa sering Anda mengalami orgasme (klimaks) selama aktivitas seksual/senggama?",
            "description" : "Identification of an issue, problem or diagnosis, or grouping of issues, problems or diagnoses, by name.",
            "comment" : "Coding of the 'Problem/diagnosis name' with a terminology is preferred, where possible."
          },
          "at0022.7" : {
            "@type" : "ARCHETYPE_TERM",
            "code" : "at0022.7",
            "text" : "xx",
            "description" : "Details about a specific issue, problem or diagnosis or grouping of problems or diagnoses relevant for the screening purpose."
          },
          "at0004.7" : {
            "@type" : "ARCHETYPE_TERM",
            "code" : "at0004.7",
            "text" : "xx",
            "description" : "Identification of an issue, problem or diagnosis, or grouping of issues, problems or diagnoses, by name.",
            "comment" : "Coding of the 'Problem/diagnosis name' with a terminology is preferred, where possible."
          },
          "at0022.6" : {
            "@type" : "ARCHETYPE_TERM",
            "code" : "at0022.6",
            "text" : "Tidak Nyaman",
            "description" : "Details about a specific issue, problem or diagnosis or grouping of problems or diagnoses relevant for the screening purpose."
          },
          "at0004.6" : {
            "@type" : "ARCHETYPE_TERM",
            "code" : "at0004.6",
            "text" : "Seberapa sering Anda mengalami nyeri/rasa tidak nyaman selama senggama/penetrasi vagina?",
            "description" : "Identification of an issue, problem or diagnosis, or grouping of issues, problems or diagnoses, by name.",
            "comment" : "Coding of the 'Problem/diagnosis name' with a terminology is preferred, where possible."
          }
        },
        "nb" : {
          "at0000.1" : {
            "@type" : "ARCHETYPE_TERM",
            "code" : "at0000.1",
            "text" : "Kartleggingsspørsmål om problemer eller diagnoser (5)",
            "description" : "Spørsmål og tilhørende svar som brukes til å kartlegge bekymringer, plager, problemer eller diagnoser.",
            "comment" : "Svarene kan være selvrapporterte."
          },
          "at0022.2" : {
            "@type" : "ARCHETYPE_TERM",
            "code" : "at0022.1",
            "text" : "Spesifikt problem eller diagnose (2)",
            "description" : "Detaljer om en spesifikt bekymring, plage, problem eller diagnose eller gruppe av bekymringer, plager, problemer eller diagnoser som er innenfor kartleggingsformålet."
          },
          "at0022.3" : {
            "@type" : "ARCHETYPE_TERM",
            "code" : "at0022.1",
            "text" : "Spesifikt problem eller diagnose (3)",
            "description" : "Detaljer om en spesifikt bekymring, plage, problem eller diagnose eller gruppe av bekymringer, plager, problemer eller diagnoser som er innenfor kartleggingsformålet."
          },
          "at0022.5" : {
            "@type" : "ARCHETYPE_TERM",
            "code" : "at0022.1",
            "text" : "Spesifikt problem eller diagnose (5)",
            "description" : "Detaljer om en spesifikt bekymring, plage, problem eller diagnose eller gruppe av bekymringer, plager, problemer eller diagnoser som er innenfor kartleggingsformålet."
          },
          "at0022.4" : {
            "@type" : "ARCHETYPE_TERM",
            "code" : "at0022.1",
            "text" : "Spesifikt problem eller diagnose (4)",
            "description" : "Detaljer om en spesifikt bekymring, plage, problem eller diagnose eller gruppe av bekymringer, plager, problemer eller diagnoser som er innenfor kartleggingsformålet."
          },
          "at0022.7" : {
            "@type" : "ARCHETYPE_TERM",
            "code" : "at0022.1",
            "text" : "Spesifikt problem eller diagnose (7)",
            "description" : "Detaljer om en spesifikt bekymring, plage, problem eller diagnose eller gruppe av bekymringer, plager, problemer eller diagnoser som er innenfor kartleggingsformålet."
          },
          "at0022.6" : {
            "@type" : "ARCHETYPE_TERM",
            "code" : "at0022.1",
            "text" : "Spesifikt problem eller diagnose (6)",
            "description" : "Detaljer om en spesifikt bekymring, plage, problem eller diagnose eller gruppe av bekymringer, plager, problemer eller diagnoser som er innenfor kartleggingsformålet."
          }
        },
        "de" : {
          "at0000.1" : {
            "@type" : "ARCHETYPE_TERM",
            "code" : "at0000.1",
            "text" : "*Problem/Diagnosis screening questionnaire (en) (5)",
            "description" : "*Series of questions and associated answers used to screen for issues, problems or diagnoses. (en)",
            "comment" : "*The answers may be self-reported. (en)"
          },
          "at0022.2" : {
            "@type" : "ARCHETYPE_TERM",
            "code" : "at0022.1",
            "text" : "Bestimmter Zustand (2)",
            "description" : "*Details about a specific issue, problem or diagnosis or grouping of problems or diagnoses relevant for the screening purpose. (en)"
          },
          "at0022.3" : {
            "@type" : "ARCHETYPE_TERM",
            "code" : "at0022.1",
            "text" : "Bestimmter Zustand (3)",
            "description" : "*Details about a specific issue, problem or diagnosis or grouping of problems or diagnoses relevant for the screening purpose. (en)"
          },
          "at0022.5" : {
            "@type" : "ARCHETYPE_TERM",
            "code" : "at0022.1",
            "text" : "Bestimmter Zustand (5)",
            "description" : "*Details about a specific issue, problem or diagnosis or grouping of problems or diagnoses relevant for the screening purpose. (en)"
          },
          "at0022.4" : {
            "@type" : "ARCHETYPE_TERM",
            "code" : "at0022.1",
            "text" : "Bestimmter Zustand (4)",
            "description" : "*Details about a specific issue, problem or diagnosis or grouping of problems or diagnoses relevant for the screening purpose. (en)"
          },
          "at0022.7" : {
            "@type" : "ARCHETYPE_TERM",
            "code" : "at0022.1",
            "text" : "Bestimmter Zustand (7)",
            "description" : "*Details about a specific issue, problem or diagnosis or grouping of problems or diagnoses relevant for the screening purpose. (en)"
          },
          "at0022.6" : {
            "@type" : "ARCHETYPE_TERM",
            "code" : "at0022.1",
            "text" : "Bestimmter Zustand (6)",
            "description" : "*Details about a specific issue, problem or diagnosis or grouping of problems or diagnoses relevant for the screening purpose. (en)"
          }
        },
        "nl" : {
          "at0000.1" : {
            "@type" : "ARCHETYPE_TERM",
            "code" : "at0000.1",
            "text" : "*Problem/Diagnosis screening questionnaire (en) (5)",
            "description" : "*Series of questions and associated answers used to screen for issues, problems or diagnoses. (en)",
            "comment" : "*The answers may be self-reported.(en)"
          },
          "at0022.2" : {
            "@type" : "ARCHETYPE_TERM",
            "code" : "at0022.1",
            "text" : "*Specifieke aandoening (2)",
            "description" : "*Details about a specific issue, problem or diagnosis or grouping of problems or diagnoses relevant for the screening purpose. (en)"
          },
          "at0022.3" : {
            "@type" : "ARCHETYPE_TERM",
            "code" : "at0022.1",
            "text" : "*Specifieke aandoening (3)",
            "description" : "*Details about a specific issue, problem or diagnosis or grouping of problems or diagnoses relevant for the screening purpose. (en)"
          },
          "at0022.5" : {
            "@type" : "ARCHETYPE_TERM",
            "code" : "at0022.1",
            "text" : "*Specifieke aandoening (5)",
            "description" : "*Details about a specific issue, problem or diagnosis or grouping of problems or diagnoses relevant for the screening purpose. (en)"
          },
          "at0022.4" : {
            "@type" : "ARCHETYPE_TERM",
            "code" : "at0022.1",
            "text" : "*Specifieke aandoening (4)",
            "description" : "*Details about a specific issue, problem or diagnosis or grouping of problems or diagnoses relevant for the screening purpose. (en)"
          },
          "at0022.7" : {
            "@type" : "ARCHETYPE_TERM",
            "code" : "at0022.1",
            "text" : "*Specifieke aandoening (7)",
            "description" : "*Details about a specific issue, problem or diagnosis or grouping of problems or diagnoses relevant for the screening purpose. (en)"
          },
          "at0022.6" : {
            "@type" : "ARCHETYPE_TERM",
            "code" : "at0022.1",
            "text" : "*Specifieke aandoening (6)",
            "description" : "*Details about a specific issue, problem or diagnosis or grouping of problems or diagnoses relevant for the screening purpose. (en)"
          }
        }
      },
      "termBindings" : { },
      "terminologyExtracts" : { },
      "valueSets" : { }
    },
    "adlVersion" : "1.4",
    "buildUid" : "df0ef912-a426-44ac-891d-b3e2f9222ef7",
    "rmName" : "openehr",
    "rmRelease" : "1.1.0",
    "generated" : true,
    "otherMetaData" : { },
    "originalLanguage" : {
      "terminologyId" : {
        "value" : "ISO_639-1"
      },
      "codeString" : "en"
    },
    "translations" : [ {
      "@type" : "TRANSLATION_DETAILS",
      "language" : {
        "terminologyId" : {
          "value" : "ISO_639-1"
        },
        "codeString" : "de"
      },
      "author" : {
        "name" : "Natalia Strauch",
        "organisation" : "Medizinische Hochschule Hannover",
        "email" : "Strauch.Natalia@mh-hannover.de"
      },
      "otherDetails" : { }
    }, {
      "@type" : "TRANSLATION_DETAILS",
      "language" : {
        "terminologyId" : {
          "value" : "ISO_639-1"
        },
        "codeString" : "nb"
      },
      "author" : {
        "name" : "Marit Alice Venheim, Silje Ljosland Bakke, John Tore Valand",
        "organisation" : "Helse Vest IKT, Helse Vest IKT AS, Helse Bergen",
        "email" : "marit.alice.venheim@helse-vest-ikt.no, silje.ljosland.bakke@helse-vest-ikt.no, john.tore.valand@helse-bergen.no, john.tore.valand@helse-vest-ikt.no"
      },
      "otherDetails" : { }
    }, {
      "@type" : "TRANSLATION_DETAILS",
      "language" : {
        "terminologyId" : {
          "value" : "ISO_639-1"
        },
        "codeString" : "nl"
      },
      "author" : {
        "name" : "Martijn van Eenennaam",
        "organisation" : "Nedap Healthcare",
        "email" : "martijn.vaneenennaam@nedap.com"
      },
      "otherDetails" : { }
    } ]
  } ],
  "originalLanguage" : {
    "terminologyId" : {
      "value" : "ISO_639-1"
    },
    "codeString" : "en"
  },
  "translations" : [ {
    "@type" : "TRANSLATION_DETAILS",
    "language" : {
      "terminologyId" : {
        "value" : "ISO_639-1"
      },
      "codeString" : "de"
    },
    "author" : { },
    "otherDetails" : { }
  }, {
    "@type" : "TRANSLATION_DETAILS",
    "language" : {
      "terminologyId" : {
        "value" : "ISO_639-1"
      },
      "codeString" : "ru"
    },
    "author" : { },
    "otherDetails" : { }
  }, {
    "@type" : "TRANSLATION_DETAILS",
    "language" : {
      "terminologyId" : {
        "value" : "ISO_639-1"
      },
      "codeString" : "sv"
    },
    "author" : { },
    "otherDetails" : { }
  }, {
    "@type" : "TRANSLATION_DETAILS",
    "language" : {
      "terminologyId" : {
        "value" : "ISO_639-1"
      },
      "codeString" : "es-ar"
    },
    "author" : { },
    "otherDetails" : { }
  }, {
    "@type" : "TRANSLATION_DETAILS",
    "language" : {
      "terminologyId" : {
        "value" : "ISO_639-1"
      },
      "codeString" : "nb"
    },
    "author" : { },
    "otherDetails" : { }
  }, {
    "@type" : "TRANSLATION_DETAILS",
    "language" : {
      "terminologyId" : {
        "value" : "ISO_639-1"
      },
      "codeString" : "pt-br"
    },
    "author" : { },
    "otherDetails" : { }
  }, {
    "@type" : "TRANSLATION_DETAILS",
    "language" : {
      "terminologyId" : {
        "value" : "ISO_639-1"
      },
      "codeString" : "sl"
    },
    "author" : { },
    "otherDetails" : { }
  }, {
    "@type" : "TRANSLATION_DETAILS",
    "language" : {
      "terminologyId" : {
        "value" : "ISO_639-1"
      },
      "codeString" : "it"
    },
    "author" : { },
    "otherDetails" : { }
  }, {
    "@type" : "TRANSLATION_DETAILS",
    "language" : {
      "terminologyId" : {
        "value" : "ISO_639-1"
      },
      "codeString" : "fr"
    },
    "author" : { },
    "otherDetails" : { }
  } ]
}