{
  "@type" : "TEMPLATE",
  "uid" : "712c9b1f-ca17-42ff-acbc-1b62eec1d711",
  "description" : {
    "@type" : "RESOURCE_DESCRIPTION",
    "originalAuthor" : {
      "date" : "2022-11-18"
    },
    "otherContributors" : [ ],
    "lifecycleState" : {
      "codeString" : "unmanaged"
    },
    "ipAcknowledgements" : { },
    "references" : { },
    "conversionDetails" : { },
    "otherDetails" : {
      "licence" : "This work is licensed under the Creative Commons Attribution-ShareAlike 4.0 International License. To view a copy of this license, visit http://creativecommons.org/licenses/by-sa/4.0/.",
      "custodian_organisation" : "openEHR Foundation",
      "original_namespace" : "org.openehr",
      "original_publisher" : "openEHR Foundation",
      "custodian_namespace" : "org.openehr",
      "MD5-CAM-1.0.1" : "dec47288ba2a87c5e4dc72f6804e3060",
      "PARENT:MD5-CAM-1.0.1" : "8FE80F3E80C594AAF99D3BA540A53D73",
      "sem_ver" : "2.0.0",
      "build_uid" : "f4893cc5-ae7c-4456-ac30-8162d2e4e6d0"
    },
    "details" : {
      "de" : {
        "@type" : "RESOURCE_DESCRIPTION_ITEM",
        "language" : {
          "terminologyId" : {
            "value" : "ISO_639-1"
          },
          "codeString" : "de"
        },
        "keywords" : [ ],
        "originalResourceUri" : { },
        "otherDetails" : { }
      },
      "sv" : {
        "@type" : "RESOURCE_DESCRIPTION_ITEM",
        "language" : {
          "terminologyId" : {
            "value" : "ISO_639-1"
          },
          "codeString" : "sv"
        },
        "keywords" : [ ],
        "originalResourceUri" : { },
        "otherDetails" : { }
      },
      "ru" : {
        "@type" : "RESOURCE_DESCRIPTION_ITEM",
        "language" : {
          "terminologyId" : {
            "value" : "ISO_639-1"
          },
          "codeString" : "ru"
        },
        "keywords" : [ ],
        "originalResourceUri" : { },
        "otherDetails" : { }
      },
      "nb" : {
        "@type" : "RESOURCE_DESCRIPTION_ITEM",
        "language" : {
          "terminologyId" : {
            "value" : "ISO_639-1"
          },
          "codeString" : "nb"
        },
        "keywords" : [ ],
        "originalResourceUri" : { },
        "otherDetails" : { }
      },
      "es-ar" : {
        "@type" : "RESOURCE_DESCRIPTION_ITEM",
        "language" : {
          "terminologyId" : {
            "value" : "ISO_639-1"
          },
          "codeString" : "es-ar"
        },
        "keywords" : [ ],
        "originalResourceUri" : { },
        "otherDetails" : { }
      },
      "pt-br" : {
        "@type" : "RESOURCE_DESCRIPTION_ITEM",
        "language" : {
          "terminologyId" : {
            "value" : "ISO_639-1"
          },
          "codeString" : "pt-br"
        },
        "keywords" : [ ],
        "originalResourceUri" : { },
        "otherDetails" : { }
      },
      "en" : {
        "@type" : "RESOURCE_DESCRIPTION_ITEM",
        "language" : {
          "terminologyId" : {
            "value" : "ISO_639-1"
          },
          "codeString" : "en"
        },
        "keywords" : [ ],
        "originalResourceUri" : { },
        "otherDetails" : { }
      },
      "sl" : {
        "@type" : "RESOURCE_DESCRIPTION_ITEM",
        "language" : {
          "terminologyId" : {
            "value" : "ISO_639-1"
          },
          "codeString" : "sl"
        },
        "keywords" : [ ],
        "originalResourceUri" : { },
        "otherDetails" : { }
      },
      "it" : {
        "@type" : "RESOURCE_DESCRIPTION_ITEM",
        "language" : {
          "terminologyId" : {
            "value" : "ISO_639-1"
          },
          "codeString" : "it"
        },
        "keywords" : [ ],
        "originalResourceUri" : { },
        "otherDetails" : { }
      },
      "fr" : {
        "@type" : "RESOURCE_DESCRIPTION_ITEM",
        "language" : {
          "terminologyId" : {
            "value" : "ISO_639-1"
          },
          "codeString" : "fr"
        },
        "keywords" : [ ],
        "originalResourceUri" : { },
        "otherDetails" : { }
      }
    }
  },
  "parentArchetypeId" : "openEHR-EHR-SECTION.adhoc.v1",
  "differential" : true,
  "archetypeId" : {
    "@type" : "ARCHETYPE_HRID",
    "value" : "openEHR-EHR-SECTION.pemeriksaanvisus_dan_nct.v1"
  },
  "definition" : {
    "@type" : "C_COMPLEX_OBJECT",
    "rmTypeName" : "SECTION",
    "nodeId" : "at0000.1",
    "attributes" : [ {
      "@type" : "C_ATTRIBUTE",
      "rmAttributeName" : "items",
      "existence" : "0..1",
      "cardinality" : {
        "@type" : "CARDINALITY",
        "interval" : "1..*",
        "ordered" : false,
        "unique" : false
      },
      "children" : [ {
        "@type" : "C_ARCHETYPE_ROOT",
        "rmTypeName" : "OBSERVATION",
        "occurrences" : "0..1",
        "nodeId" : "at0.8",
        "attributes" : [ ],
        "attributeTuples" : [ ],
        "archetypeRef" : "openEHR-EHR-OBSERVATION.ovl-problem_screening-012.v1",
        "referenceType" : "archetypeOverlay"
      }, {
        "@type" : "C_ARCHETYPE_ROOT",
        "rmTypeName" : "OBSERVATION",
        "occurrences" : "0..1",
        "nodeId" : "at0.10",
        "attributes" : [ ],
        "attributeTuples" : [ ],
        "archetypeRef" : "openEHR-EHR-OBSERVATION.ovl-problem_screening-013.v1",
        "referenceType" : "archetypeOverlay"
      } ]
    } ],
    "attributeTuples" : [ ]
  },
  "terminology" : {
    "@type" : "ARCHETYPE_TERMINOLOGY",
    "conceptCode" : "at0000",
    "termDefinitions" : {
      "en" : {
        "at0000.1" : {
          "@type" : "ARCHETYPE_TERM",
          "code" : "at0000.1",
          "text" : "Pemeriksaan Visus dan NCT",
          "description" : "A generic section header which should be renamed in a template to suit a specific clinical context."
        }
      },
      "ru" : {
        "at0000.1" : {
          "@type" : "ARCHETYPE_TERM",
          "code" : "at0000.1",
          "text" : "заготовка заголовка (7)",
          "description" : "Образец заголовка раздела"
        }
      },
      "es-ar" : {
        "at0000.1" : {
          "@type" : "ARCHETYPE_TERM",
          "code" : "at0000.1",
          "text" : "Encabezado ad hoc (7)",
          "description" : "Un encabezado de sección de tipo genérico que será renombrado en una plantilla para su empleo en un contexto clínico específico."
        }
      },
      "sl" : {
        "at0000.1" : {
          "@type" : "ARCHETYPE_TERM",
          "code" : "at0000.1",
          "text" : "Naslov sekcije (7)",
          "description" : "Naslov sekcije"
        }
      },
      "nb" : {
        "at0000.1" : {
          "@type" : "ARCHETYPE_TERM",
          "code" : "at0000.1",
          "text" : "Templat-overskrift (7)",
          "description" : "En generisk seksjonsoverskrift som skal gis nytt navn i en templat for å passe i en gitt klinisk kontekst."
        }
      },
      "pt-br" : {
        "at0000.1" : {
          "@type" : "ARCHETYPE_TERM",
          "code" : "at0000.1",
          "text" : "Cabeçalho Ad hoc (7)",
          "description" : "Um cabeçalho de sessão genérico que deve ser renomeado no template para adequar-se a um contexto clínico específico."
        }
      },
      "sv" : {
        "at0000.1" : {
          "@type" : "ARCHETYPE_TERM",
          "code" : "at0000.1",
          "text" : "Rubrik (7)",
          "description" : "En allmän avsnittsrubrik som döps om i en openEHR-mall för att passa in i en specifik klinisk kontext."
        }
      },
      "de" : {
        "at0000.1" : {
          "@type" : "ARCHETYPE_TERM",
          "code" : "at0000.1",
          "text" : "Ad hoc Überschrift (7)",
          "description" : "Eine generische Abschnittsüberschrift eines Templates, welche entsprechend dem spezifischen klinischen Kontext umbenannt werden sollte."
        }
      },
      "it" : {
        "at0000.1" : {
          "@type" : "ARCHETYPE_TERM",
          "code" : "at0000.1",
          "text" : "Intestazione di sezione ad hoc (7)",
          "description" : "Un'intestazione di sezione generica che dovrebbe essere rinominata in un template per adattarsi ad uno specifico contesto clinico."
        }
      },
      "fr" : {
        "at0000.1" : {
          "@type" : "ARCHETYPE_TERM",
          "code" : "at0000.1",
          "text" : "Rubrique ad hoc (7)",
          "description" : "Un en-tête de section générique qui doit être renommé dans un modèle pour s'adapter à un contexte clinique spécifique."
        }
      }
    },
    "termBindings" : { },
    "terminologyExtracts" : { },
    "valueSets" : { }
  },
  "adlVersion" : "1.4",
  "buildUid" : "297f7b7c-9d9d-3050-95f8-0fbeccc4cc53",
  "rmName" : "openehr",
  "rmRelease" : "1.1.0",
  "generated" : true,
  "templateId" : "DM-PxMata-PemeriksaanVisusdanNCT",
  "otherMetaData" : { },
  "templateOverlays" : [ {
    "@type" : "TEMPLATE_OVERLAY",
    "uid" : "2770a58d-ace9-45d1-8d92-d3522d4ba7b8",
    "description" : {
      "@type" : "RESOURCE_DESCRIPTION",
      "originalAuthor" : { },
      "otherContributors" : [ ],
      "ipAcknowledgements" : { },
      "references" : { },
      "conversionDetails" : { },
      "otherDetails" : {
        "PARENT:MD5-CAM-1.0.1" : "235CEC5164F346AEFA23E18FE6D401AF"
      },
      "details" : {
        "de" : {
          "@type" : "RESOURCE_DESCRIPTION_ITEM",
          "language" : {
            "terminologyId" : {
              "value" : "ISO_639-1"
            },
            "codeString" : "de"
          },
          "purpose" : "*To create a framework for recording answers about problems or diagnoses, to the questions of a pre-defined screening questionnaire. (en)",
          "keywords" : [ "*Condition, state, illness, syndrome, questionnaire, screening, issue (en)" ],
          "use" : "*Use to create a framework for recording answers to pre-defined screening questions about issues, problems or diagnoses. \r\nThis archeype has deliberately been loosely modelled to be inclusive of the broadest range of issues and problems, as well as diagnoses.\r\n\r\nCommon use cases include, but are not limited to:\r\n- Systematic questioning in any consultation, for example:\r\n--- Diagnosed with cancer? Yes, No, Unknown.\r\n--- Diagnosed with COVID 19 or Influenza in the past twelve months? Yes, No, Unknown.\r\n--- Do you have any worries or concerns? Yes, No, Unknown.\r\n- Specific questioning related to disease surveillance.\r\n\r\nThe semantics of this archetype are intentionally loose, and querying this archetype would normally only be useful or safe within the context of each specific template. In a template, each data element would usually be renamed to the specific question asked. Where value sets have been proposed for common use cases, these can be adapted for local use by using the 'text' choice to match each specific use case.\r\n\r\nThe EVENT structure from the reference model can be used to specify whether the questions relate to point in time or over a period of time. Use a separate instance of this archetype to distinguish between a questionnaire recording information about a procedure that has been performed at any time in the past and information about a procedure performed within a specified time interval - for example the difference between \"Do you have influenza?\" compared to \"Have you had influenza in the past 4 weeks?\"\r\n\r\nThe source of the information in a questionnaire response may vary in different contexts but can be specifically identified using the 'Information provider' element in the Reference Model.\r\n\r\nThis archetype has been designed to be used as a screening tool or to record simple questionnaire-format data for use in situations such as a disease registry. If the screening questionnaire identifies the presence of a problem or diagnosis, it is recommended that clinical system record and persist the specific details about the problem or diagnosis (such as the date of clinical recognition) using the EVALUATION.problem_diagnosis archetype. (en)",
          "misuse" : "*Not to be used to record details about the presence or absence of a problem or diagnosis, outside of a screening context. Use EVALUATION.problem_diagnosis or EVALUATION.exclusion_specific for these purposes.\r\n\r\nNot to be used to to create a framework for recording answers to pre-defined screening questions about procedures that has been carried out in the past. Use the OBSERVATION.procedure_screening for this purpose.\r\n\r\nNot to be used to to create a framework for recording answers to pre-defined screening questions about adverse reactions, use an appropriate archetype for this purpose.\r\n\r\nNot to be used to record details about a simple selection list where a question may be recorded as either \"present\" or \"indeterminate\". Use OBSERVATION.selection_list for this purpose. (en)",
          "originalResourceUri" : { },
          "otherDetails" : { }
        },
        "nb" : {
          "@type" : "RESOURCE_DESCRIPTION_ITEM",
          "language" : {
            "terminologyId" : {
              "value" : "ISO_639-1"
            },
            "codeString" : "nb"
          },
          "purpose" : "For å lage et rammeverk for registrering av svar på forhåndsdefinerte spørsmål om bekymringer, plager, problemer eller diagnoser.",
          "keywords" : [ "tilstand, sykdom, syndrom, spørreskjema, kartlegging, bekymring, plage" ],
          "use" : "Brukes for å lage et rammeverk for registrering av svar på forhåndsdefinerte spørsmål om bekymringer, plager, problemer eller diagnoser.\r\nArketypen er løst modellert for å inkludere det bredeste spekteret av bekymringer, plager og problemer, samt diagnoser.\r\n\r\nVanlige bruksområder inkluderer, men er ikke begrenset til:\r\n- Systematiske spørsmål ved konsultasjoner, for eksempel:\r\n--- Diagnostisert med kreft? Ja, Nei, Ukjent.\r\n--- Diagnostisert med Covid 19 eller influensa de siste tolv månedene? Ja, Nei, Ukjent.\r\n- Spesifikke spørsmål relatert til overvåkning av sykdommer.\r\n\r\nSemantikken til denne arketypen er med vilje løst definert, og spørringer etter data i denne arketypen vil normalt bare være hensiktsmessig eller sikkert i konteksten av det spesifikke templatet. I et templat vil hvert dataelement vanligvis døpes om til det (spesifikke) spørsmålet man ønsker svar på. Flere steder er det foreslått verdisett som passer til de vanligste bruksområder, men det er allikevel mulig å tilpasse/endre verdisett for lokal bruk ved å benytte de alternative datatypene DV_TEXT eller DV_BOOLEAN for å harmonere verdisettet til hvert enkelt brukstilfelle.\r\n\r\nEVENT-strukturen fra arketypens referansemodell kan brukes for å spesifisere om spørsmålene relateres til et tidspunkt eller til et tidsintervall.\r\nBruk egne instanser av denne arketypen for å skille mellom spørsmål om prosedyrer som er gjennomførte på et hvilket som helst tidspunkt og spørsmål om prosedyrer som er gjennomført i et tidsintervall. For eksempel; \"Har du influensa?\" sammenlignet med \"Har du hatt influensa de siste 4 ukene?\".\r\n\r\nKilden til informasjonen i et spørreskjema kan variere i ulike kontekster, men kan identifiseres spesifikt ved å benytte \"Information provider\" elementet i openEHR referansemodellen.\r\n\r\nDenne arketypen er laget for å bli brukt i et spørreskjema eller for å registrere enkle strukturerte data til for eksempel et sykdomsregister. Dersom det i kartleggingen identifiseres at et problem eller en diagnose er tilstede, anbefales det at spesifikke detaljer om problemet eller diagnosen (som for eksempel diagnosedato) registreres og lagres i pasientjournalen i arketypen EVALUATION.problem_diagnosis (Problem/diagnose).",
          "misuse" : "\t\r\nBrukes ikke for å registrere detaljer om tilstedeværelse eller fravær av et problem eller en diagnose utenfor konteksten av kartleggingen. Bruk arketypen EVALUATION.problem_diagnosis eller EVALUATION.exclusion_specific for dette formålet.\r\n\r\nBrukes ikke for å lage et rammeverk for registrering av svar på forhåndsdefinerte spørsmål om gjennomførte prosedyrer, bruk arketypen OBSERVATION.procedure_screening for dette formålet.\r\n\r\nBrukes ikke for å lage et rammeverk for registrering av svar på forhåndsdefinerte spørsmål om overfølsomhetsreaksjoner, bruk arketypen OBSERVATION.adverse_reaction_screening for dette formålet.\r\n\r\nBrukes ikke for å registrere detaljer om en enkel utvalgsliste der et spørsmål kan registreres som enten \"Tilstede\" eller \"Ubestemt\". Bruk arketypen OBSERVATION.selection_list for dette formålet.",
          "originalResourceUri" : { },
          "otherDetails" : { }
        },
        "en" : {
          "@type" : "RESOURCE_DESCRIPTION_ITEM",
          "language" : {
            "terminologyId" : {
              "value" : "ISO_639-1"
            },
            "codeString" : "en"
          },
          "purpose" : "To create a framework for recording answers to pre-defined screening questions about issues, problems or diagnoses.",
          "keywords" : [ "Condition, state, illness, syndrome, questionnaire, screening, issue" ],
          "use" : "Use to create a framework for recording answers to pre-defined screening questions about issues, problems or diagnoses. \r\nThis archeype has deliberately been loosely modelled to be inclusive of the broadest range of issues and problems, as well as diagnoses.\r\n\r\nCommon use cases include, but are not limited to:\r\n- Systematic questioning in any consultation, for example:\r\n--- Diagnosed with cancer? Yes, No, Unknown.\r\n--- Diagnosed with COVID 19 or Influenza in the past twelve months? Yes, No, Unknown.\r\n--- Do you have any worries or concerns? Yes, No, Unknown.\r\n- Specific questioning related to disease surveillance.\r\n\r\nThe semantics of this archetype are intentionally loose, and querying this archetype would normally only be useful or safe within the context of each specific template. In a template, each data element would usually be renamed to the specific question asked. Where value sets have been proposed for common use cases, these can be adapted for local use by using the DV_TEXT or the DV_BOOLEAN datatypes choice to match each specific use case.\r\n\r\nThe EVENT structure from the reference model can be used to specify whether the questions relate to point in time or over a period of time. Use a separate instance of this archetype to distinguish between a questionnaire recording information about a procedure that has been performed at any time in the past and information about a procedure performed within a specified time interval - for example the difference between \"Do you have influenza?\" compared to \"Have you had influenza in the past 4 weeks?\"\r\n\r\nThe source of the information in a questionnaire response may vary in different contexts but can be specifically identified using the 'Information provider' element in the Reference Model.\r\n\r\nThis archetype has been designed to be used as a screening tool or to record simple questionnaire-format data for use in situations such as a disease registry. If the screening questionnaire identifies the presence of a problem or diagnosis, it is recommended that clinical system record and persist the specific details about the problem or diagnosis (such as the date of clinical recognition) using the EVALUATION.problem_diagnosis archetype.",
          "misuse" : "Not to be used to record details about the presence or absence of a problem or diagnosis, outside of a screening context. Use EVALUATION.problem_diagnosis or EVALUATION.exclusion_specific for these purposes.\r\n\r\nNot to be used to to create a framework for recording answers to pre-defined screening questions about procedures that has been carried out in the past. Use the OBSERVATION.procedure_screening for this purpose.\r\n\r\nNot to be used to to create a framework for recording answers to pre-defined screening questions about adverse reactions, use an appropriate archetype for this purpose.\r\n\r\nNot to be used to record details about a simple selection list where a question may be recorded as either \"present\" or \"indeterminate\". Use OBSERVATION.selection_list for this purpose.",
          "originalResourceUri" : { },
          "otherDetails" : { }
        },
        "nl" : {
          "@type" : "RESOURCE_DESCRIPTION_ITEM",
          "language" : {
            "terminologyId" : {
              "value" : "ISO_639-1"
            },
            "codeString" : "nl"
          },
          "purpose" : "*To create a framework for recording answers to pre-defined screening questions about problems or diagnoses.(en)",
          "keywords" : [ "*Condition, state, illness, syndrome, questionnaire, screening, issue (en)" ],
          "use" : "*Use to create a framework for recording answers to pre-defined screening questions about issues, problems or diagnoses. \r\nThis archeype has deliberately been loosely modelled to be inclusive of the broadest range of issues and problems, as well as diagnoses.\r\n\r\nCommon use cases include, but are not limited to:\r\n- Systematic questioning in any consultation, for example:\r\n--- Diagnosed with cancer? Yes, No, Unknown.\r\n--- Diagnosed with COVID 19 or Influenza in the past twelve months? Yes, No, Unknown.\r\n--- Do you have any worries or concerns? Yes, No, Unknown.\r\n- Specific questioning related to disease surveillance.\r\n\r\nThe semantics of this archetype are intentionally loose, and querying this archetype would normally only be useful or safe within the context of each specific template. In a template, each data element would usually be renamed to the specific question asked. Where value sets have been proposed for common use cases, these can be adapted for local use by using the 'text' choice to match each specific use case.\r\n\r\nThe EVENT structure from the reference model can be used to specify whether the questions relate to point in time or over a period of time. Use a separate instance of this archetype to distinguish between a questionnaire recording information about a procedure that has been performed at any time in the past and information about a procedure performed within a specified time interval - for example the difference between \"Do you have influenza?\" compared to \"Have you had influenza in the past 4 weeks?\"\r\n\r\nThe source of the information in a questionnaire response may vary in different contexts but can be specifically identified using the 'Information provider' element in the Reference Model.\r\n\r\nThis archetype has been designed to be used as a screening tool or to record simple questionnaire-format data for use in situations such as a disease registry. If the screening questionnaire identifies the presence of a problem or diagnosis, it is recommended that clinical system record and persist the specific details about the problem or diagnosis (such as the date of clinical recognition) using the EVALUATION.problem_diagnosis archetype. (en)",
          "misuse" : "*Not to be used to record details about the presence or absence of a problem or diagnosis, outside of a screening context. Use EVALUATION.problem_diagnosis or EVALUATION.exclusion_specific for these purposes.\r\n\r\nNot to be used to to create a framework for recording answers to pre-defined screening questions about procedures that has been carried out in the past. Use the OBSERVATION.procedure_screening for this purpose.\r\n\r\nNot to be used to to create a framework for recording answers to pre-defined screening questions about adverse reactions, use an appropriate archetype for this purpose.\r\n\r\nNot to be used to record details about a simple selection list where a question may be recorded as either \"present\" or \"indeterminate\". Use OBSERVATION.selection_list for this purpose. (en)",
          "originalResourceUri" : { },
          "otherDetails" : { }
        }
      }
    },
    "parentArchetypeId" : "openEHR-EHR-OBSERVATION.problem_screening.v1",
    "differential" : true,
    "archetypeId" : {
      "@type" : "ARCHETYPE_HRID",
      "value" : "openEHR-EHR-OBSERVATION.ovl-problem_screening-012.v1"
    },
    "definition" : {
      "@type" : "C_COMPLEX_OBJECT",
      "rmTypeName" : "OBSERVATION",
      "nodeId" : "at0000.1",
      "attributes" : [ {
        "@type" : "C_ATTRIBUTE",
        "rmAttributeName" : "data",
        "children" : [ {
          "@type" : "C_COMPLEX_OBJECT",
          "rmTypeName" : "HISTORY",
          "nodeId" : "at0001",
          "attributes" : [ {
            "@type" : "C_ATTRIBUTE",
            "rmAttributeName" : "events",
            "children" : [ {
              "@type" : "C_COMPLEX_OBJECT",
              "rmTypeName" : "EVENT",
              "nodeId" : "at0002",
              "attributes" : [ {
                "@type" : "C_ATTRIBUTE",
                "rmAttributeName" : "data",
                "children" : [ {
                  "@type" : "C_COMPLEX_OBJECT",
                  "rmTypeName" : "ITEM_TREE",
                  "nodeId" : "at0003",
                  "attributes" : [ {
                    "@type" : "C_ATTRIBUTE",
                    "rmAttributeName" : "items",
                    "children" : [ {
                      "@type" : "C_COMPLEX_OBJECT",
                      "rmTypeName" : "ELEMENT",
                      "occurrences" : "0..0",
                      "nodeId" : "at0034.1",
                      "attributes" : [ ],
                      "attributeTuples" : [ ]
                    }, {
                      "@type" : "C_COMPLEX_OBJECT",
                      "rmTypeName" : "ELEMENT",
                      "occurrences" : "1..1",
                      "nodeId" : "at0028.1",
                      "attributes" : [ {
                        "@type" : "C_ATTRIBUTE",
                        "rmAttributeName" : "value",
                        "children" : [ {
                          "@type" : "C_COMPLEX_OBJECT",
                          "rmTypeName" : "DV_TEXT",
                          "attributes" : [ ],
                          "attributeTuples" : [ ]
                        } ]
                      } ],
                      "attributeTuples" : [ ]
                    }, {
                      "@type" : "C_COMPLEX_OBJECT",
                      "rmTypeName" : "ELEMENT",
                      "occurrences" : "1..1",
                      "nodeId" : "at0028.2",
                      "attributes" : [ {
                        "@type" : "C_ATTRIBUTE",
                        "rmAttributeName" : "value",
                        "children" : [ {
                          "@type" : "C_COMPLEX_OBJECT",
                          "rmTypeName" : "DV_TEXT",
                          "attributes" : [ ],
                          "attributeTuples" : [ ]
                        } ]
                      } ],
                      "attributeTuples" : [ ]
                    }, {
                      "@type" : "C_COMPLEX_OBJECT",
                      "rmTypeName" : "ELEMENT",
                      "occurrences" : "1..1",
                      "nodeId" : "at0028.3",
                      "attributes" : [ {
                        "@type" : "C_ATTRIBUTE",
                        "rmAttributeName" : "value",
                        "children" : [ {
                          "@type" : "C_COMPLEX_OBJECT",
                          "rmTypeName" : "DV_CODED_TEXT",
                          "attributes" : [ {
                            "@type" : "C_ATTRIBUTE",
                            "rmAttributeName" : "defining_code",
                            "children" : [ {
                              "@type" : "C_TERMINOLOGY_CODE",
                              "rmTypeName" : "TERMINOLOGY_CODE",
                              "occurrences" : "1..1",
                              "terminologyId" : {
                                "value" : "SNOMEDCT"
                              },
                              "constraint" : [ ],
                              "selectedTerminologies" : [ "SNOMEDCT" ],
                              "includedExternalTerminologyCodes" : [ {
                                "terminologyId" : "SNOMEDCT",
                                "code" : "31874001",
                                "value" : "Ya"
                              }, {
                                "terminologyId" : "SNOMEDCT",
                                "code" : "64100000",
                                "value" : "Tidak"
                              } ]
                            } ]
                          } ],
                          "attributeTuples" : [ ]
                        } ]
                      } ],
                      "attributeTuples" : [ ]
                    }, {
                      "@type" : "C_COMPLEX_OBJECT",
                      "rmTypeName" : "ELEMENT",
                      "occurrences" : "0..0",
                      "nodeId" : "at0043.1",
                      "attributes" : [ ],
                      "attributeTuples" : [ ]
                    }, {
                      "@type" : "C_COMPLEX_OBJECT",
                      "rmTypeName" : "CLUSTER",
                      "occurrences" : "0..0",
                      "nodeId" : "at0022.1",
                      "attributes" : [ {
                        "@type" : "C_ATTRIBUTE",
                        "rmAttributeName" : "items",
                        "children" : [ {
                          "@type" : "C_COMPLEX_OBJECT",
                          "rmTypeName" : "ELEMENT",
                          "nodeId" : "at0004.1",
                          "attributes" : [ ],
                          "attributeTuples" : [ ]
                        }, {
                          "@type" : "C_COMPLEX_OBJECT",
                          "rmTypeName" : "ELEMENT",
                          "occurrences" : "0..0",
                          "nodeId" : "at0005.1",
                          "attributes" : [ {
                            "@type" : "C_ATTRIBUTE",
                            "rmAttributeName" : "value",
                            "children" : [ {
                              "@type" : "C_COMPLEX_OBJECT",
                              "rmTypeName" : "DV_CODED_TEXT",
                              "attributes" : [ {
                                "@type" : "C_ATTRIBUTE",
                                "rmAttributeName" : "defining_code",
                                "children" : [ {
                                  "@type" : "C_TERMINOLOGY_CODE",
                                  "rmTypeName" : "CODE_PHRASE",
                                  "occurrences" : "1..1",
                                  "terminologyId" : {
                                    "value" : "local"
                                  },
                                  "constraint" : [ "at0023", "at0024", "at0027" ]
                                } ]
                              } ],
                              "attributeTuples" : [ ]
                            }, {
                              "@type" : "C_COMPLEX_OBJECT",
                              "rmTypeName" : "DV_TEXT",
                              "attributes" : [ ],
                              "attributeTuples" : [ ]
                            }, {
                              "@type" : "C_COMPLEX_OBJECT",
                              "rmTypeName" : "DV_BOOLEAN",
                              "attributes" : [ ],
                              "attributeTuples" : [ ]
                            } ]
                          } ],
                          "attributeTuples" : [ ]
                        }, {
                          "@type" : "C_COMPLEX_OBJECT",
                          "rmTypeName" : "ELEMENT",
                          "occurrences" : "0..0",
                          "nodeId" : "at0040.1",
                          "attributes" : [ {
                            "@type" : "C_ATTRIBUTE",
                            "rmAttributeName" : "value",
                            "children" : [ {
                              "@type" : "C_COMPLEX_OBJECT",
                              "rmTypeName" : "DV_TEXT",
                              "attributes" : [ ],
                              "attributeTuples" : [ ]
                            }, {
                              "@type" : "C_COMPLEX_OBJECT",
                              "rmTypeName" : "DV_INTERVAL<DV_DURATION>",
                              "attributes" : [ ],
                              "attributeTuples" : [ ]
                            }, {
                              "@type" : "C_COMPLEX_OBJECT",
                              "rmTypeName" : "DV_DURATION",
                              "attributes" : [ ],
                              "attributeTuples" : [ ]
                            }, {
                              "@type" : "C_COMPLEX_OBJECT",
                              "rmTypeName" : "DV_DATE_TIME",
                              "attributes" : [ ],
                              "attributeTuples" : [ ]
                            }, {
                              "@type" : "C_COMPLEX_OBJECT",
                              "rmTypeName" : "DV_INTERVAL<DV_DATE_TIME>",
                              "attributes" : [ ],
                              "attributeTuples" : [ ]
                            } ]
                          } ],
                          "attributeTuples" : [ ]
                        }, {
                          "@type" : "C_COMPLEX_OBJECT",
                          "rmTypeName" : "ELEMENT",
                          "occurrences" : "0..0",
                          "nodeId" : "at0025.1",
                          "attributes" : [ ],
                          "attributeTuples" : [ ]
                        } ]
                      } ],
                      "attributeTuples" : [ ]
                    } ]
                  } ],
                  "attributeTuples" : [ ]
                } ]
              } ],
              "attributeTuples" : [ ]
            } ]
          } ],
          "attributeTuples" : [ ]
        } ]
      } ],
      "attributeTuples" : [ ]
    },
    "terminology" : {
      "@type" : "ARCHETYPE_TERMINOLOGY",
      "conceptCode" : "at0000",
      "termDefinitions" : {
        "en" : {
          "at0000.1" : {
            "@type" : "ARCHETYPE_TERM",
            "code" : "at0000.1",
            "text" : "Mata Kanan",
            "description" : "Series of questions and associated answers used to screen for issues, problems or diagnoses.",
            "comment" : "The answers may be self-reported."
          },
          "at0028.1" : {
            "@type" : "ARCHETYPE_TERM",
            "code" : "at0028.1",
            "text" : "Visus Kanan",
            "description" : "Is there a history of any issues, problems or diagnoses relevant for the screening purpose?",
            "comment" : "In a template, the data element would usually be renamed to the specific question asked. The proposed value set can be adapted for local use by using the DV_TEXT or the DV_BOOLEAN datatypes choice to match each specific use case."
          },
          "at0028.2" : {
            "@type" : "ARCHETYPE_TERM",
            "code" : "at0028.2",
            "text" : "Non-contact tonometry kanan",
            "description" : "Is there a history of any issues, problems or diagnoses relevant for the screening purpose?",
            "comment" : "In a template, the data element would usually be renamed to the specific question asked. The proposed value set can be adapted for local use by using the DV_TEXT or the DV_BOOLEAN datatypes choice to match each specific use case."
          },
          "at0028.3" : {
            "@type" : "ARCHETYPE_TERM",
            "code" : "at0028.3",
            "text" : "Tetes midriatikum kanan",
            "description" : "Is there a history of any issues, problems or diagnoses relevant for the screening purpose?",
            "comment" : "In a template, the data element would usually be renamed to the specific question asked. The proposed value set can be adapted for local use by using the DV_TEXT or the DV_BOOLEAN datatypes choice to match each specific use case."
          }
        },
        "nb" : {
          "at0028.2" : {
            "@type" : "ARCHETYPE_TERM",
            "code" : "at0028.1",
            "text" : "Poblemer eller diagnoser? (2)",
            "description" : "Finnes det noen bekymringer, plager, problemer eller diagnoser. som er innenfor kartleggingsformålet?",
            "comment" : "Navnet på dataelementet kan omformuleres til det spesifikke spørsmålet i et templat eller brukergrensesnitt. Det foreslåtte verdisettet kan tilpasses/endres i det enkelte bruksområde ved å benytte de alternative datatypene DV_TEXT eller DV_BOOLEAN."
          },
          "at0028.3" : {
            "@type" : "ARCHETYPE_TERM",
            "code" : "at0028.1",
            "text" : "Poblemer eller diagnoser? (3)",
            "description" : "Finnes det noen bekymringer, plager, problemer eller diagnoser. som er innenfor kartleggingsformålet?",
            "comment" : "Navnet på dataelementet kan omformuleres til det spesifikke spørsmålet i et templat eller brukergrensesnitt. Det foreslåtte verdisettet kan tilpasses/endres i det enkelte bruksområde ved å benytte de alternative datatypene DV_TEXT eller DV_BOOLEAN."
          }
        },
        "de" : {
          "at0028.2" : {
            "@type" : "ARCHETYPE_TERM",
            "code" : "at0028.1",
            "text" : "*Any problems or diagnoses? (en) (2)",
            "description" : "*Is there a history of any issues, problems or diagnoses relevant for the screening purpose? (en)",
            "comment" : "*In a template, the data element would usually be renamed to the specific question asked. The proposed value set can be adapted for local use by using the 'text' choice to match each specific use case. (en)"
          },
          "at0028.3" : {
            "@type" : "ARCHETYPE_TERM",
            "code" : "at0028.1",
            "text" : "*Any problems or diagnoses? (en) (3)",
            "description" : "*Is there a history of any issues, problems or diagnoses relevant for the screening purpose? (en)",
            "comment" : "*In a template, the data element would usually be renamed to the specific question asked. The proposed value set can be adapted for local use by using the 'text' choice to match each specific use case. (en)"
          }
        },
        "nl" : {
          "at0028.2" : {
            "@type" : "ARCHETYPE_TERM",
            "code" : "at0028.1",
            "text" : "*Aanwezig? (2)",
            "description" : "*Is there a history of any issues, problems or diagnoses relevant for the screening purpose? (en)",
            "comment" : "*In a template, the data element would usually be renamed to the specific question asked. The proposed value set can be adapted for local use by using the 'text' choice to match each specific use case. (en)"
          },
          "at0028.3" : {
            "@type" : "ARCHETYPE_TERM",
            "code" : "at0028.1",
            "text" : "*Aanwezig? (3)",
            "description" : "*Is there a history of any issues, problems or diagnoses relevant for the screening purpose? (en)",
            "comment" : "*In a template, the data element would usually be renamed to the specific question asked. The proposed value set can be adapted for local use by using the 'text' choice to match each specific use case. (en)"
          }
        }
      },
      "termBindings" : { },
      "terminologyExtracts" : { },
      "valueSets" : {
        "ac0.1" : {
          "@type" : "VALUE_SET",
          "id" : "ac0.1",
          "members" : [ "at0031", "at0032", "at0033" ]
        },
        "ac0.2" : {
          "@type" : "VALUE_SET",
          "id" : "ac0.2",
          "members" : [ "at0031", "at0032", "at0033" ]
        },
        "ac0.3" : {
          "@type" : "VALUE_SET",
          "id" : "ac0.3",
          "members" : [ "at0031", "at0032", "at0033" ]
        },
        "ac0.4" : {
          "@type" : "VALUE_SET",
          "id" : "ac0.4",
          "members" : [ "at0031", "at0032", "at0033" ]
        },
        "ac0.5" : {
          "@type" : "VALUE_SET",
          "id" : "ac0.5",
          "members" : [ "at0031", "at0032", "at0033" ]
        },
        "ac0.6" : {
          "@type" : "VALUE_SET",
          "id" : "ac0.6",
          "members" : [ "at0031", "at0032" ]
        },
        "ac0.7" : {
          "@type" : "VALUE_SET",
          "id" : "ac0.7",
          "members" : [ "at0031", "at0032", "at0033" ]
        },
        "ac0.8" : {
          "@type" : "VALUE_SET",
          "id" : "ac0.8",
          "members" : [ "at0031", "at0032", "at0033" ]
        },
        "ac0.9" : {
          "@type" : "VALUE_SET",
          "id" : "ac0.9",
          "members" : [ "at0031", "at0032", "at0033" ]
        },
        "ac0.10" : {
          "@type" : "VALUE_SET",
          "id" : "ac0.10",
          "members" : [ "at0031", "at0032", "at0033" ]
        },
        "ac0.11" : {
          "@type" : "VALUE_SET",
          "id" : "ac0.11",
          "members" : [ "at0031", "at0032" ]
        },
        "ac0.12" : {
          "@type" : "VALUE_SET",
          "id" : "ac0.12",
          "members" : [ "at0031", "at0032" ]
        },
        "ac0.13" : {
          "@type" : "VALUE_SET",
          "id" : "ac0.13",
          "members" : [ "at0031", "at0032" ]
        },
        "ac0.15" : {
          "@type" : "VALUE_SET",
          "id" : "ac0.15",
          "members" : [ "at0031", "at0032" ]
        },
        "ac0.16" : {
          "@type" : "VALUE_SET",
          "id" : "ac0.16",
          "members" : [ ]
        },
        "ac0.17" : {
          "@type" : "VALUE_SET",
          "id" : "ac0.17",
          "members" : [ ]
        }
      }
    },
    "adlVersion" : "1.4",
    "buildUid" : "df0ef912-a426-44ac-891d-b3e2f9222ef7",
    "rmName" : "openehr",
    "rmRelease" : "1.1.0",
    "generated" : true,
    "otherMetaData" : { },
    "originalLanguage" : {
      "terminologyId" : {
        "value" : "ISO_639-1"
      },
      "codeString" : "en"
    },
    "translations" : [ {
      "@type" : "TRANSLATION_DETAILS",
      "language" : {
        "terminologyId" : {
          "value" : "ISO_639-1"
        },
        "codeString" : "de"
      },
      "author" : {
        "name" : "Natalia Strauch",
        "organisation" : "Medizinische Hochschule Hannover",
        "email" : "Strauch.Natalia@mh-hannover.de"
      },
      "otherDetails" : { }
    }, {
      "@type" : "TRANSLATION_DETAILS",
      "language" : {
        "terminologyId" : {
          "value" : "ISO_639-1"
        },
        "codeString" : "nb"
      },
      "author" : {
        "name" : "Marit Alice Venheim, Silje Ljosland Bakke, John Tore Valand",
        "organisation" : "Helse Vest IKT, Helse Vest IKT AS, Helse Bergen",
        "email" : "marit.alice.venheim@helse-vest-ikt.no, silje.ljosland.bakke@helse-vest-ikt.no, john.tore.valand@helse-bergen.no, john.tore.valand@helse-vest-ikt.no"
      },
      "otherDetails" : { }
    }, {
      "@type" : "TRANSLATION_DETAILS",
      "language" : {
        "terminologyId" : {
          "value" : "ISO_639-1"
        },
        "codeString" : "nl"
      },
      "author" : {
        "name" : "Martijn van Eenennaam",
        "organisation" : "Nedap Healthcare",
        "email" : "martijn.vaneenennaam@nedap.com"
      },
      "otherDetails" : { }
    } ]
  }, {
    "@type" : "TEMPLATE_OVERLAY",
    "uid" : "2770a58d-ace9-45d1-8d92-d3522d4ba7b8",
    "description" : {
      "@type" : "RESOURCE_DESCRIPTION",
      "originalAuthor" : { },
      "otherContributors" : [ ],
      "ipAcknowledgements" : { },
      "references" : { },
      "conversionDetails" : { },
      "otherDetails" : {
        "PARENT:MD5-CAM-1.0.1" : "235CEC5164F346AEFA23E18FE6D401AF"
      },
      "details" : {
        "de" : {
          "@type" : "RESOURCE_DESCRIPTION_ITEM",
          "language" : {
            "terminologyId" : {
              "value" : "ISO_639-1"
            },
            "codeString" : "de"
          },
          "purpose" : "*To create a framework for recording answers about problems or diagnoses, to the questions of a pre-defined screening questionnaire. (en)",
          "keywords" : [ "*Condition, state, illness, syndrome, questionnaire, screening, issue (en)" ],
          "use" : "*Use to create a framework for recording answers to pre-defined screening questions about issues, problems or diagnoses. \r\nThis archeype has deliberately been loosely modelled to be inclusive of the broadest range of issues and problems, as well as diagnoses.\r\n\r\nCommon use cases include, but are not limited to:\r\n- Systematic questioning in any consultation, for example:\r\n--- Diagnosed with cancer? Yes, No, Unknown.\r\n--- Diagnosed with COVID 19 or Influenza in the past twelve months? Yes, No, Unknown.\r\n--- Do you have any worries or concerns? Yes, No, Unknown.\r\n- Specific questioning related to disease surveillance.\r\n\r\nThe semantics of this archetype are intentionally loose, and querying this archetype would normally only be useful or safe within the context of each specific template. In a template, each data element would usually be renamed to the specific question asked. Where value sets have been proposed for common use cases, these can be adapted for local use by using the 'text' choice to match each specific use case.\r\n\r\nThe EVENT structure from the reference model can be used to specify whether the questions relate to point in time or over a period of time. Use a separate instance of this archetype to distinguish between a questionnaire recording information about a procedure that has been performed at any time in the past and information about a procedure performed within a specified time interval - for example the difference between \"Do you have influenza?\" compared to \"Have you had influenza in the past 4 weeks?\"\r\n\r\nThe source of the information in a questionnaire response may vary in different contexts but can be specifically identified using the 'Information provider' element in the Reference Model.\r\n\r\nThis archetype has been designed to be used as a screening tool or to record simple questionnaire-format data for use in situations such as a disease registry. If the screening questionnaire identifies the presence of a problem or diagnosis, it is recommended that clinical system record and persist the specific details about the problem or diagnosis (such as the date of clinical recognition) using the EVALUATION.problem_diagnosis archetype. (en)",
          "misuse" : "*Not to be used to record details about the presence or absence of a problem or diagnosis, outside of a screening context. Use EVALUATION.problem_diagnosis or EVALUATION.exclusion_specific for these purposes.\r\n\r\nNot to be used to to create a framework for recording answers to pre-defined screening questions about procedures that has been carried out in the past. Use the OBSERVATION.procedure_screening for this purpose.\r\n\r\nNot to be used to to create a framework for recording answers to pre-defined screening questions about adverse reactions, use an appropriate archetype for this purpose.\r\n\r\nNot to be used to record details about a simple selection list where a question may be recorded as either \"present\" or \"indeterminate\". Use OBSERVATION.selection_list for this purpose. (en)",
          "originalResourceUri" : { },
          "otherDetails" : { }
        },
        "nb" : {
          "@type" : "RESOURCE_DESCRIPTION_ITEM",
          "language" : {
            "terminologyId" : {
              "value" : "ISO_639-1"
            },
            "codeString" : "nb"
          },
          "purpose" : "For å lage et rammeverk for registrering av svar på forhåndsdefinerte spørsmål om bekymringer, plager, problemer eller diagnoser.",
          "keywords" : [ "tilstand, sykdom, syndrom, spørreskjema, kartlegging, bekymring, plage" ],
          "use" : "Brukes for å lage et rammeverk for registrering av svar på forhåndsdefinerte spørsmål om bekymringer, plager, problemer eller diagnoser.\r\nArketypen er løst modellert for å inkludere det bredeste spekteret av bekymringer, plager og problemer, samt diagnoser.\r\n\r\nVanlige bruksområder inkluderer, men er ikke begrenset til:\r\n- Systematiske spørsmål ved konsultasjoner, for eksempel:\r\n--- Diagnostisert med kreft? Ja, Nei, Ukjent.\r\n--- Diagnostisert med Covid 19 eller influensa de siste tolv månedene? Ja, Nei, Ukjent.\r\n- Spesifikke spørsmål relatert til overvåkning av sykdommer.\r\n\r\nSemantikken til denne arketypen er med vilje løst definert, og spørringer etter data i denne arketypen vil normalt bare være hensiktsmessig eller sikkert i konteksten av det spesifikke templatet. I et templat vil hvert dataelement vanligvis døpes om til det (spesifikke) spørsmålet man ønsker svar på. Flere steder er det foreslått verdisett som passer til de vanligste bruksområder, men det er allikevel mulig å tilpasse/endre verdisett for lokal bruk ved å benytte de alternative datatypene DV_TEXT eller DV_BOOLEAN for å harmonere verdisettet til hvert enkelt brukstilfelle.\r\n\r\nEVENT-strukturen fra arketypens referansemodell kan brukes for å spesifisere om spørsmålene relateres til et tidspunkt eller til et tidsintervall.\r\nBruk egne instanser av denne arketypen for å skille mellom spørsmål om prosedyrer som er gjennomførte på et hvilket som helst tidspunkt og spørsmål om prosedyrer som er gjennomført i et tidsintervall. For eksempel; \"Har du influensa?\" sammenlignet med \"Har du hatt influensa de siste 4 ukene?\".\r\n\r\nKilden til informasjonen i et spørreskjema kan variere i ulike kontekster, men kan identifiseres spesifikt ved å benytte \"Information provider\" elementet i openEHR referansemodellen.\r\n\r\nDenne arketypen er laget for å bli brukt i et spørreskjema eller for å registrere enkle strukturerte data til for eksempel et sykdomsregister. Dersom det i kartleggingen identifiseres at et problem eller en diagnose er tilstede, anbefales det at spesifikke detaljer om problemet eller diagnosen (som for eksempel diagnosedato) registreres og lagres i pasientjournalen i arketypen EVALUATION.problem_diagnosis (Problem/diagnose).",
          "misuse" : "\t\r\nBrukes ikke for å registrere detaljer om tilstedeværelse eller fravær av et problem eller en diagnose utenfor konteksten av kartleggingen. Bruk arketypen EVALUATION.problem_diagnosis eller EVALUATION.exclusion_specific for dette formålet.\r\n\r\nBrukes ikke for å lage et rammeverk for registrering av svar på forhåndsdefinerte spørsmål om gjennomførte prosedyrer, bruk arketypen OBSERVATION.procedure_screening for dette formålet.\r\n\r\nBrukes ikke for å lage et rammeverk for registrering av svar på forhåndsdefinerte spørsmål om overfølsomhetsreaksjoner, bruk arketypen OBSERVATION.adverse_reaction_screening for dette formålet.\r\n\r\nBrukes ikke for å registrere detaljer om en enkel utvalgsliste der et spørsmål kan registreres som enten \"Tilstede\" eller \"Ubestemt\". Bruk arketypen OBSERVATION.selection_list for dette formålet.",
          "originalResourceUri" : { },
          "otherDetails" : { }
        },
        "en" : {
          "@type" : "RESOURCE_DESCRIPTION_ITEM",
          "language" : {
            "terminologyId" : {
              "value" : "ISO_639-1"
            },
            "codeString" : "en"
          },
          "purpose" : "To create a framework for recording answers to pre-defined screening questions about issues, problems or diagnoses.",
          "keywords" : [ "Condition, state, illness, syndrome, questionnaire, screening, issue" ],
          "use" : "Use to create a framework for recording answers to pre-defined screening questions about issues, problems or diagnoses. \r\nThis archeype has deliberately been loosely modelled to be inclusive of the broadest range of issues and problems, as well as diagnoses.\r\n\r\nCommon use cases include, but are not limited to:\r\n- Systematic questioning in any consultation, for example:\r\n--- Diagnosed with cancer? Yes, No, Unknown.\r\n--- Diagnosed with COVID 19 or Influenza in the past twelve months? Yes, No, Unknown.\r\n--- Do you have any worries or concerns? Yes, No, Unknown.\r\n- Specific questioning related to disease surveillance.\r\n\r\nThe semantics of this archetype are intentionally loose, and querying this archetype would normally only be useful or safe within the context of each specific template. In a template, each data element would usually be renamed to the specific question asked. Where value sets have been proposed for common use cases, these can be adapted for local use by using the DV_TEXT or the DV_BOOLEAN datatypes choice to match each specific use case.\r\n\r\nThe EVENT structure from the reference model can be used to specify whether the questions relate to point in time or over a period of time. Use a separate instance of this archetype to distinguish between a questionnaire recording information about a procedure that has been performed at any time in the past and information about a procedure performed within a specified time interval - for example the difference between \"Do you have influenza?\" compared to \"Have you had influenza in the past 4 weeks?\"\r\n\r\nThe source of the information in a questionnaire response may vary in different contexts but can be specifically identified using the 'Information provider' element in the Reference Model.\r\n\r\nThis archetype has been designed to be used as a screening tool or to record simple questionnaire-format data for use in situations such as a disease registry. If the screening questionnaire identifies the presence of a problem or diagnosis, it is recommended that clinical system record and persist the specific details about the problem or diagnosis (such as the date of clinical recognition) using the EVALUATION.problem_diagnosis archetype.",
          "misuse" : "Not to be used to record details about the presence or absence of a problem or diagnosis, outside of a screening context. Use EVALUATION.problem_diagnosis or EVALUATION.exclusion_specific for these purposes.\r\n\r\nNot to be used to to create a framework for recording answers to pre-defined screening questions about procedures that has been carried out in the past. Use the OBSERVATION.procedure_screening for this purpose.\r\n\r\nNot to be used to to create a framework for recording answers to pre-defined screening questions about adverse reactions, use an appropriate archetype for this purpose.\r\n\r\nNot to be used to record details about a simple selection list where a question may be recorded as either \"present\" or \"indeterminate\". Use OBSERVATION.selection_list for this purpose.",
          "originalResourceUri" : { },
          "otherDetails" : { }
        },
        "nl" : {
          "@type" : "RESOURCE_DESCRIPTION_ITEM",
          "language" : {
            "terminologyId" : {
              "value" : "ISO_639-1"
            },
            "codeString" : "nl"
          },
          "purpose" : "*To create a framework for recording answers to pre-defined screening questions about problems or diagnoses.(en)",
          "keywords" : [ "*Condition, state, illness, syndrome, questionnaire, screening, issue (en)" ],
          "use" : "*Use to create a framework for recording answers to pre-defined screening questions about issues, problems or diagnoses. \r\nThis archeype has deliberately been loosely modelled to be inclusive of the broadest range of issues and problems, as well as diagnoses.\r\n\r\nCommon use cases include, but are not limited to:\r\n- Systematic questioning in any consultation, for example:\r\n--- Diagnosed with cancer? Yes, No, Unknown.\r\n--- Diagnosed with COVID 19 or Influenza in the past twelve months? Yes, No, Unknown.\r\n--- Do you have any worries or concerns? Yes, No, Unknown.\r\n- Specific questioning related to disease surveillance.\r\n\r\nThe semantics of this archetype are intentionally loose, and querying this archetype would normally only be useful or safe within the context of each specific template. In a template, each data element would usually be renamed to the specific question asked. Where value sets have been proposed for common use cases, these can be adapted for local use by using the 'text' choice to match each specific use case.\r\n\r\nThe EVENT structure from the reference model can be used to specify whether the questions relate to point in time or over a period of time. Use a separate instance of this archetype to distinguish between a questionnaire recording information about a procedure that has been performed at any time in the past and information about a procedure performed within a specified time interval - for example the difference between \"Do you have influenza?\" compared to \"Have you had influenza in the past 4 weeks?\"\r\n\r\nThe source of the information in a questionnaire response may vary in different contexts but can be specifically identified using the 'Information provider' element in the Reference Model.\r\n\r\nThis archetype has been designed to be used as a screening tool or to record simple questionnaire-format data for use in situations such as a disease registry. If the screening questionnaire identifies the presence of a problem or diagnosis, it is recommended that clinical system record and persist the specific details about the problem or diagnosis (such as the date of clinical recognition) using the EVALUATION.problem_diagnosis archetype. (en)",
          "misuse" : "*Not to be used to record details about the presence or absence of a problem or diagnosis, outside of a screening context. Use EVALUATION.problem_diagnosis or EVALUATION.exclusion_specific for these purposes.\r\n\r\nNot to be used to to create a framework for recording answers to pre-defined screening questions about procedures that has been carried out in the past. Use the OBSERVATION.procedure_screening for this purpose.\r\n\r\nNot to be used to to create a framework for recording answers to pre-defined screening questions about adverse reactions, use an appropriate archetype for this purpose.\r\n\r\nNot to be used to record details about a simple selection list where a question may be recorded as either \"present\" or \"indeterminate\". Use OBSERVATION.selection_list for this purpose. (en)",
          "originalResourceUri" : { },
          "otherDetails" : { }
        }
      }
    },
    "parentArchetypeId" : "openEHR-EHR-OBSERVATION.problem_screening.v1",
    "differential" : true,
    "archetypeId" : {
      "@type" : "ARCHETYPE_HRID",
      "value" : "openEHR-EHR-OBSERVATION.ovl-problem_screening-013.v1"
    },
    "definition" : {
      "@type" : "C_COMPLEX_OBJECT",
      "rmTypeName" : "OBSERVATION",
      "nodeId" : "at0000.1",
      "attributes" : [ {
        "@type" : "C_ATTRIBUTE",
        "rmAttributeName" : "data",
        "children" : [ {
          "@type" : "C_COMPLEX_OBJECT",
          "rmTypeName" : "HISTORY",
          "nodeId" : "at0001",
          "attributes" : [ {
            "@type" : "C_ATTRIBUTE",
            "rmAttributeName" : "events",
            "children" : [ {
              "@type" : "C_COMPLEX_OBJECT",
              "rmTypeName" : "EVENT",
              "nodeId" : "at0002",
              "attributes" : [ {
                "@type" : "C_ATTRIBUTE",
                "rmAttributeName" : "data",
                "children" : [ {
                  "@type" : "C_COMPLEX_OBJECT",
                  "rmTypeName" : "ITEM_TREE",
                  "nodeId" : "at0003",
                  "attributes" : [ {
                    "@type" : "C_ATTRIBUTE",
                    "rmAttributeName" : "items",
                    "children" : [ {
                      "@type" : "C_COMPLEX_OBJECT",
                      "rmTypeName" : "ELEMENT",
                      "occurrences" : "0..0",
                      "nodeId" : "at0034.1",
                      "attributes" : [ ],
                      "attributeTuples" : [ ]
                    }, {
                      "@type" : "C_COMPLEX_OBJECT",
                      "rmTypeName" : "ELEMENT",
                      "occurrences" : "1..1",
                      "nodeId" : "at0028.1",
                      "attributes" : [ {
                        "@type" : "C_ATTRIBUTE",
                        "rmAttributeName" : "value",
                        "children" : [ {
                          "@type" : "C_COMPLEX_OBJECT",
                          "rmTypeName" : "DV_TEXT",
                          "attributes" : [ ],
                          "attributeTuples" : [ ]
                        } ]
                      } ],
                      "attributeTuples" : [ ]
                    }, {
                      "@type" : "C_COMPLEX_OBJECT",
                      "rmTypeName" : "ELEMENT",
                      "occurrences" : "1..1",
                      "nodeId" : "at0028.2",
                      "attributes" : [ {
                        "@type" : "C_ATTRIBUTE",
                        "rmAttributeName" : "value",
                        "children" : [ {
                          "@type" : "C_COMPLEX_OBJECT",
                          "rmTypeName" : "DV_TEXT",
                          "attributes" : [ ],
                          "attributeTuples" : [ ]
                        } ]
                      } ],
                      "attributeTuples" : [ ]
                    }, {
                      "@type" : "C_COMPLEX_OBJECT",
                      "rmTypeName" : "ELEMENT",
                      "occurrences" : "1..1",
                      "nodeId" : "at0028.3",
                      "attributes" : [ {
                        "@type" : "C_ATTRIBUTE",
                        "rmAttributeName" : "value",
                        "children" : [ {
                          "@type" : "C_COMPLEX_OBJECT",
                          "rmTypeName" : "DV_CODED_TEXT",
                          "attributes" : [ {
                            "@type" : "C_ATTRIBUTE",
                            "rmAttributeName" : "defining_code",
                            "children" : [ {
                              "@type" : "C_TERMINOLOGY_CODE",
                              "rmTypeName" : "TERMINOLOGY_CODE",
                              "occurrences" : "1..1",
                              "terminologyId" : {
                                "value" : "SNOMEDCT"
                              },
                              "constraint" : [ ],
                              "selectedTerminologies" : [ "SNOMEDCT" ],
                              "includedExternalTerminologyCodes" : [ {
                                "terminologyId" : "SNOMEDCT",
                                "code" : "31874001",
                                "value" : "Ya"
                              }, {
                                "terminologyId" : "SNOMEDCT",
                                "code" : "64100000",
                                "value" : "Tidak"
                              } ]
                            } ]
                          } ],
                          "attributeTuples" : [ ]
                        } ]
                      } ],
                      "attributeTuples" : [ ]
                    }, {
                      "@type" : "C_COMPLEX_OBJECT",
                      "rmTypeName" : "ELEMENT",
                      "occurrences" : "0..0",
                      "nodeId" : "at0043.1",
                      "attributes" : [ ],
                      "attributeTuples" : [ ]
                    }, {
                      "@type" : "C_COMPLEX_OBJECT",
                      "rmTypeName" : "CLUSTER",
                      "occurrences" : "0..0",
                      "nodeId" : "at0022.1",
                      "attributes" : [ {
                        "@type" : "C_ATTRIBUTE",
                        "rmAttributeName" : "items",
                        "children" : [ {
                          "@type" : "C_COMPLEX_OBJECT",
                          "rmTypeName" : "ELEMENT",
                          "nodeId" : "at0004.1",
                          "attributes" : [ ],
                          "attributeTuples" : [ ]
                        }, {
                          "@type" : "C_COMPLEX_OBJECT",
                          "rmTypeName" : "ELEMENT",
                          "occurrences" : "0..0",
                          "nodeId" : "at0005.1",
                          "attributes" : [ {
                            "@type" : "C_ATTRIBUTE",
                            "rmAttributeName" : "value",
                            "children" : [ {
                              "@type" : "C_COMPLEX_OBJECT",
                              "rmTypeName" : "DV_CODED_TEXT",
                              "attributes" : [ {
                                "@type" : "C_ATTRIBUTE",
                                "rmAttributeName" : "defining_code",
                                "children" : [ {
                                  "@type" : "C_TERMINOLOGY_CODE",
                                  "rmTypeName" : "CODE_PHRASE",
                                  "occurrences" : "1..1",
                                  "terminologyId" : {
                                    "value" : "local"
                                  },
                                  "constraint" : [ "at0023", "at0024", "at0027" ]
                                } ]
                              } ],
                              "attributeTuples" : [ ]
                            }, {
                              "@type" : "C_COMPLEX_OBJECT",
                              "rmTypeName" : "DV_TEXT",
                              "attributes" : [ ],
                              "attributeTuples" : [ ]
                            }, {
                              "@type" : "C_COMPLEX_OBJECT",
                              "rmTypeName" : "DV_BOOLEAN",
                              "attributes" : [ ],
                              "attributeTuples" : [ ]
                            } ]
                          } ],
                          "attributeTuples" : [ ]
                        }, {
                          "@type" : "C_COMPLEX_OBJECT",
                          "rmTypeName" : "ELEMENT",
                          "occurrences" : "0..0",
                          "nodeId" : "at0040.1",
                          "attributes" : [ {
                            "@type" : "C_ATTRIBUTE",
                            "rmAttributeName" : "value",
                            "children" : [ {
                              "@type" : "C_COMPLEX_OBJECT",
                              "rmTypeName" : "DV_TEXT",
                              "attributes" : [ ],
                              "attributeTuples" : [ ]
                            }, {
                              "@type" : "C_COMPLEX_OBJECT",
                              "rmTypeName" : "DV_INTERVAL<DV_DURATION>",
                              "attributes" : [ ],
                              "attributeTuples" : [ ]
                            }, {
                              "@type" : "C_COMPLEX_OBJECT",
                              "rmTypeName" : "DV_DURATION",
                              "attributes" : [ ],
                              "attributeTuples" : [ ]
                            }, {
                              "@type" : "C_COMPLEX_OBJECT",
                              "rmTypeName" : "DV_DATE_TIME",
                              "attributes" : [ ],
                              "attributeTuples" : [ ]
                            }, {
                              "@type" : "C_COMPLEX_OBJECT",
                              "rmTypeName" : "DV_INTERVAL<DV_DATE_TIME>",
                              "attributes" : [ ],
                              "attributeTuples" : [ ]
                            } ]
                          } ],
                          "attributeTuples" : [ ]
                        }, {
                          "@type" : "C_COMPLEX_OBJECT",
                          "rmTypeName" : "ELEMENT",
                          "occurrences" : "0..0",
                          "nodeId" : "at0025.1",
                          "attributes" : [ ],
                          "attributeTuples" : [ ]
                        } ]
                      } ],
                      "attributeTuples" : [ ]
                    } ]
                  } ],
                  "attributeTuples" : [ ]
                } ]
              } ],
              "attributeTuples" : [ ]
            } ]
          } ],
          "attributeTuples" : [ ]
        } ]
      } ],
      "attributeTuples" : [ ]
    },
    "terminology" : {
      "@type" : "ARCHETYPE_TERMINOLOGY",
      "conceptCode" : "at0000",
      "termDefinitions" : {
        "en" : {
          "at0000.1" : {
            "@type" : "ARCHETYPE_TERM",
            "code" : "at0000.1",
            "text" : "Mata Kiri",
            "description" : "Series of questions and associated answers used to screen for issues, problems or diagnoses.",
            "comment" : "The answers may be self-reported."
          },
          "at0028.1" : {
            "@type" : "ARCHETYPE_TERM",
            "code" : "at0028.1",
            "text" : "Visus Kiri",
            "description" : "Is there a history of any issues, problems or diagnoses relevant for the screening purpose?",
            "comment" : "In a template, the data element would usually be renamed to the specific question asked. The proposed value set can be adapted for local use by using the DV_TEXT or the DV_BOOLEAN datatypes choice to match each specific use case."
          },
          "at0028.2" : {
            "@type" : "ARCHETYPE_TERM",
            "code" : "at0028.2",
            "text" : "Non-contact tonometry kiri",
            "description" : "Is there a history of any issues, problems or diagnoses relevant for the screening purpose?",
            "comment" : "In a template, the data element would usually be renamed to the specific question asked. The proposed value set can be adapted for local use by using the DV_TEXT or the DV_BOOLEAN datatypes choice to match each specific use case."
          },
          "at0028.3" : {
            "@type" : "ARCHETYPE_TERM",
            "code" : "at0028.3",
            "text" : "Tetes midriatikum kiri",
            "description" : "Is there a history of any issues, problems or diagnoses relevant for the screening purpose?",
            "comment" : "In a template, the data element would usually be renamed to the specific question asked. The proposed value set can be adapted for local use by using the DV_TEXT or the DV_BOOLEAN datatypes choice to match each specific use case."
          }
        },
        "nb" : {
          "at0000.1" : {
            "@type" : "ARCHETYPE_TERM",
            "code" : "at0000.1",
            "text" : "Kartleggingsspørsmål om problemer eller diagnoser (2)",
            "description" : "Spørsmål og tilhørende svar som brukes til å kartlegge bekymringer, plager, problemer eller diagnoser.",
            "comment" : "Svarene kan være selvrapporterte."
          },
          "at0028.2" : {
            "@type" : "ARCHETYPE_TERM",
            "code" : "at0028.1",
            "text" : "Poblemer eller diagnoser? (2)",
            "description" : "Finnes det noen bekymringer, plager, problemer eller diagnoser. som er innenfor kartleggingsformålet?",
            "comment" : "Navnet på dataelementet kan omformuleres til det spesifikke spørsmålet i et templat eller brukergrensesnitt. Det foreslåtte verdisettet kan tilpasses/endres i det enkelte bruksområde ved å benytte de alternative datatypene DV_TEXT eller DV_BOOLEAN."
          },
          "at0028.3" : {
            "@type" : "ARCHETYPE_TERM",
            "code" : "at0028.1",
            "text" : "Poblemer eller diagnoser? (3)",
            "description" : "Finnes det noen bekymringer, plager, problemer eller diagnoser. som er innenfor kartleggingsformålet?",
            "comment" : "Navnet på dataelementet kan omformuleres til det spesifikke spørsmålet i et templat eller brukergrensesnitt. Det foreslåtte verdisettet kan tilpasses/endres i det enkelte bruksområde ved å benytte de alternative datatypene DV_TEXT eller DV_BOOLEAN."
          }
        },
        "de" : {
          "at0000.1" : {
            "@type" : "ARCHETYPE_TERM",
            "code" : "at0000.1",
            "text" : "*Problem/Diagnosis screening questionnaire (en) (2)",
            "description" : "*Series of questions and associated answers used to screen for issues, problems or diagnoses. (en)",
            "comment" : "*The answers may be self-reported. (en)"
          },
          "at0028.2" : {
            "@type" : "ARCHETYPE_TERM",
            "code" : "at0028.1",
            "text" : "*Any problems or diagnoses? (en) (2)",
            "description" : "*Is there a history of any issues, problems or diagnoses relevant for the screening purpose? (en)",
            "comment" : "*In a template, the data element would usually be renamed to the specific question asked. The proposed value set can be adapted for local use by using the 'text' choice to match each specific use case. (en)"
          },
          "at0028.3" : {
            "@type" : "ARCHETYPE_TERM",
            "code" : "at0028.1",
            "text" : "*Any problems or diagnoses? (en) (3)",
            "description" : "*Is there a history of any issues, problems or diagnoses relevant for the screening purpose? (en)",
            "comment" : "*In a template, the data element would usually be renamed to the specific question asked. The proposed value set can be adapted for local use by using the 'text' choice to match each specific use case. (en)"
          }
        },
        "nl" : {
          "at0000.1" : {
            "@type" : "ARCHETYPE_TERM",
            "code" : "at0000.1",
            "text" : "*Problem/Diagnosis screening questionnaire (en) (2)",
            "description" : "*Series of questions and associated answers used to screen for issues, problems or diagnoses. (en)",
            "comment" : "*The answers may be self-reported.(en)"
          },
          "at0028.2" : {
            "@type" : "ARCHETYPE_TERM",
            "code" : "at0028.1",
            "text" : "*Aanwezig? (2)",
            "description" : "*Is there a history of any issues, problems or diagnoses relevant for the screening purpose? (en)",
            "comment" : "*In a template, the data element would usually be renamed to the specific question asked. The proposed value set can be adapted for local use by using the 'text' choice to match each specific use case. (en)"
          },
          "at0028.3" : {
            "@type" : "ARCHETYPE_TERM",
            "code" : "at0028.1",
            "text" : "*Aanwezig? (3)",
            "description" : "*Is there a history of any issues, problems or diagnoses relevant for the screening purpose? (en)",
            "comment" : "*In a template, the data element would usually be renamed to the specific question asked. The proposed value set can be adapted for local use by using the 'text' choice to match each specific use case. (en)"
          }
        }
      },
      "termBindings" : { },
      "terminologyExtracts" : { },
      "valueSets" : {
        "ac0.1" : {
          "@type" : "VALUE_SET",
          "id" : "ac0.1",
          "members" : [ "at0031", "at0032", "at0033" ]
        },
        "ac0.2" : {
          "@type" : "VALUE_SET",
          "id" : "ac0.2",
          "members" : [ "at0031", "at0032", "at0033" ]
        },
        "ac0.3" : {
          "@type" : "VALUE_SET",
          "id" : "ac0.3",
          "members" : [ "at0031", "at0032", "at0033" ]
        },
        "ac0.4" : {
          "@type" : "VALUE_SET",
          "id" : "ac0.4",
          "members" : [ "at0031", "at0032", "at0033" ]
        },
        "ac0.5" : {
          "@type" : "VALUE_SET",
          "id" : "ac0.5",
          "members" : [ "at0031", "at0032", "at0033" ]
        },
        "ac0.6" : {
          "@type" : "VALUE_SET",
          "id" : "ac0.6",
          "members" : [ "at0031", "at0032" ]
        },
        "ac0.7" : {
          "@type" : "VALUE_SET",
          "id" : "ac0.7",
          "members" : [ "at0031", "at0032", "at0033" ]
        },
        "ac0.8" : {
          "@type" : "VALUE_SET",
          "id" : "ac0.8",
          "members" : [ "at0031", "at0032", "at0033" ]
        },
        "ac0.9" : {
          "@type" : "VALUE_SET",
          "id" : "ac0.9",
          "members" : [ "at0031", "at0032" ]
        },
        "ac0.10" : {
          "@type" : "VALUE_SET",
          "id" : "ac0.10",
          "members" : [ "at0031", "at0032" ]
        },
        "ac0.11" : {
          "@type" : "VALUE_SET",
          "id" : "ac0.11",
          "members" : [ "at0031", "at0032" ]
        },
        "ac0.12" : {
          "@type" : "VALUE_SET",
          "id" : "ac0.12",
          "members" : [ "at0031", "at0032" ]
        },
        "ac0.13" : {
          "@type" : "VALUE_SET",
          "id" : "ac0.13",
          "members" : [ "at0031", "at0032" ]
        },
        "ac0.14" : {
          "@type" : "VALUE_SET",
          "id" : "ac0.14",
          "members" : [ "at0031", "at0032" ]
        },
        "ac0.15" : {
          "@type" : "VALUE_SET",
          "id" : "ac0.15",
          "members" : [ "at0031", "at0032" ]
        },
        "ac0.17" : {
          "@type" : "VALUE_SET",
          "id" : "ac0.17",
          "members" : [ "at0031", "at0032" ]
        },
        "ac0.18" : {
          "@type" : "VALUE_SET",
          "id" : "ac0.18",
          "members" : [ ]
        },
        "ac0.19" : {
          "@type" : "VALUE_SET",
          "id" : "ac0.19",
          "members" : [ ]
        },
        "ac0.20" : {
          "@type" : "VALUE_SET",
          "id" : "ac0.20",
          "members" : [ "ac0.16" ]
        },
        "ac0.21" : {
          "@type" : "VALUE_SET",
          "id" : "ac0.21",
          "members" : [ "ac0.16" ]
        }
      }
    },
    "adlVersion" : "1.4",
    "buildUid" : "df0ef912-a426-44ac-891d-b3e2f9222ef7",
    "rmName" : "openehr",
    "rmRelease" : "1.1.0",
    "generated" : true,
    "otherMetaData" : { },
    "originalLanguage" : {
      "terminologyId" : {
        "value" : "ISO_639-1"
      },
      "codeString" : "en"
    },
    "translations" : [ {
      "@type" : "TRANSLATION_DETAILS",
      "language" : {
        "terminologyId" : {
          "value" : "ISO_639-1"
        },
        "codeString" : "de"
      },
      "author" : {
        "name" : "Natalia Strauch",
        "organisation" : "Medizinische Hochschule Hannover",
        "email" : "Strauch.Natalia@mh-hannover.de"
      },
      "otherDetails" : { }
    }, {
      "@type" : "TRANSLATION_DETAILS",
      "language" : {
        "terminologyId" : {
          "value" : "ISO_639-1"
        },
        "codeString" : "nb"
      },
      "author" : {
        "name" : "Marit Alice Venheim, Silje Ljosland Bakke, John Tore Valand",
        "organisation" : "Helse Vest IKT, Helse Vest IKT AS, Helse Bergen",
        "email" : "marit.alice.venheim@helse-vest-ikt.no, silje.ljosland.bakke@helse-vest-ikt.no, john.tore.valand@helse-bergen.no, john.tore.valand@helse-vest-ikt.no"
      },
      "otherDetails" : { }
    }, {
      "@type" : "TRANSLATION_DETAILS",
      "language" : {
        "terminologyId" : {
          "value" : "ISO_639-1"
        },
        "codeString" : "nl"
      },
      "author" : {
        "name" : "Martijn van Eenennaam",
        "organisation" : "Nedap Healthcare",
        "email" : "martijn.vaneenennaam@nedap.com"
      },
      "otherDetails" : { }
    } ]
  } ],
  "originalLanguage" : {
    "terminologyId" : {
      "value" : "ISO_639-1"
    },
    "codeString" : "en"
  },
  "translations" : [ {
    "@type" : "TRANSLATION_DETAILS",
    "language" : {
      "terminologyId" : {
        "value" : "ISO_639-1"
      },
      "codeString" : "de"
    },
    "author" : { },
    "otherDetails" : { }
  }, {
    "@type" : "TRANSLATION_DETAILS",
    "language" : {
      "terminologyId" : {
        "value" : "ISO_639-1"
      },
      "codeString" : "ru"
    },
    "author" : { },
    "otherDetails" : { }
  }, {
    "@type" : "TRANSLATION_DETAILS",
    "language" : {
      "terminologyId" : {
        "value" : "ISO_639-1"
      },
      "codeString" : "sv"
    },
    "author" : { },
    "otherDetails" : { }
  }, {
    "@type" : "TRANSLATION_DETAILS",
    "language" : {
      "terminologyId" : {
        "value" : "ISO_639-1"
      },
      "codeString" : "es-ar"
    },
    "author" : { },
    "otherDetails" : { }
  }, {
    "@type" : "TRANSLATION_DETAILS",
    "language" : {
      "terminologyId" : {
        "value" : "ISO_639-1"
      },
      "codeString" : "nb"
    },
    "author" : { },
    "otherDetails" : { }
  }, {
    "@type" : "TRANSLATION_DETAILS",
    "language" : {
      "terminologyId" : {
        "value" : "ISO_639-1"
      },
      "codeString" : "pt-br"
    },
    "author" : { },
    "otherDetails" : { }
  }, {
    "@type" : "TRANSLATION_DETAILS",
    "language" : {
      "terminologyId" : {
        "value" : "ISO_639-1"
      },
      "codeString" : "sl"
    },
    "author" : { },
    "otherDetails" : { }
  }, {
    "@type" : "TRANSLATION_DETAILS",
    "language" : {
      "terminologyId" : {
        "value" : "ISO_639-1"
      },
      "codeString" : "it"
    },
    "author" : { },
    "otherDetails" : { }
  }, {
    "@type" : "TRANSLATION_DETAILS",
    "language" : {
      "terminologyId" : {
        "value" : "ISO_639-1"
      },
      "codeString" : "fr"
    },
    "author" : { },
    "otherDetails" : { }
  } ]
}