{
  "@type" : "TEMPLATE",
  "uid" : "9d23509b-52d4-4c2a-b5d4-f32b5ccfa76d",
  "description" : {
    "@type" : "RESOURCE_DESCRIPTION",
    "originalAuthor" : {
      "date" : "2022-11-18"
    },
    "otherContributors" : [ ],
    "lifecycleState" : {
      "codeString" : "unmanaged"
    },
    "ipAcknowledgements" : { },
    "references" : { },
    "conversionDetails" : { },
    "otherDetails" : {
      "licence" : "This work is licensed under the Creative Commons Attribution-ShareAlike 4.0 International License. To view a copy of this license, visit http://creativecommons.org/licenses/by-sa/4.0/.",
      "custodian_organisation" : "openEHR Foundation",
      "original_namespace" : "org.openehr",
      "original_publisher" : "openEHR Foundation",
      "custodian_namespace" : "org.openehr",
      "MD5-CAM-1.0.1" : "8b0c4a8b68dfc837818069676840c08a",
      "sem_ver" : "3.0.0",
      "build_uid" : "0a42f4f3-9512-4978-ae88-d4ebedd976e3"
    },
    "details" : {
      "de" : {
        "@type" : "RESOURCE_DESCRIPTION_ITEM",
        "language" : {
          "terminologyId" : {
            "value" : "ISO_639-1"
          },
          "codeString" : "de"
        },
        "keywords" : [ ],
        "originalResourceUri" : { },
        "otherDetails" : { }
      },
      "sv" : {
        "@type" : "RESOURCE_DESCRIPTION_ITEM",
        "language" : {
          "terminologyId" : {
            "value" : "ISO_639-1"
          },
          "codeString" : "sv"
        },
        "keywords" : [ ],
        "originalResourceUri" : { },
        "otherDetails" : { }
      },
      "ru" : {
        "@type" : "RESOURCE_DESCRIPTION_ITEM",
        "language" : {
          "terminologyId" : {
            "value" : "ISO_639-1"
          },
          "codeString" : "ru"
        },
        "keywords" : [ ],
        "originalResourceUri" : { },
        "otherDetails" : { }
      },
      "nb" : {
        "@type" : "RESOURCE_DESCRIPTION_ITEM",
        "language" : {
          "terminologyId" : {
            "value" : "ISO_639-1"
          },
          "codeString" : "nb"
        },
        "keywords" : [ ],
        "originalResourceUri" : { },
        "otherDetails" : { }
      },
      "es-ar" : {
        "@type" : "RESOURCE_DESCRIPTION_ITEM",
        "language" : {
          "terminologyId" : {
            "value" : "ISO_639-1"
          },
          "codeString" : "es-ar"
        },
        "keywords" : [ ],
        "originalResourceUri" : { },
        "otherDetails" : { }
      },
      "pt-br" : {
        "@type" : "RESOURCE_DESCRIPTION_ITEM",
        "language" : {
          "terminologyId" : {
            "value" : "ISO_639-1"
          },
          "codeString" : "pt-br"
        },
        "keywords" : [ ],
        "originalResourceUri" : { },
        "otherDetails" : { }
      },
      "en" : {
        "@type" : "RESOURCE_DESCRIPTION_ITEM",
        "language" : {
          "terminologyId" : {
            "value" : "ISO_639-1"
          },
          "codeString" : "en"
        },
        "keywords" : [ ],
        "originalResourceUri" : { },
        "otherDetails" : { }
      },
      "sl" : {
        "@type" : "RESOURCE_DESCRIPTION_ITEM",
        "language" : {
          "terminologyId" : {
            "value" : "ISO_639-1"
          },
          "codeString" : "sl"
        },
        "keywords" : [ ],
        "originalResourceUri" : { },
        "otherDetails" : { }
      },
      "it" : {
        "@type" : "RESOURCE_DESCRIPTION_ITEM",
        "language" : {
          "terminologyId" : {
            "value" : "ISO_639-1"
          },
          "codeString" : "it"
        },
        "keywords" : [ ],
        "originalResourceUri" : { },
        "otherDetails" : { }
      },
      "fr" : {
        "@type" : "RESOURCE_DESCRIPTION_ITEM",
        "language" : {
          "terminologyId" : {
            "value" : "ISO_639-1"
          },
          "codeString" : "fr"
        },
        "keywords" : [ ],
        "originalResourceUri" : { },
        "otherDetails" : { }
      }
    }
  },
  "parentArchetypeId" : "openEHR-EHR-SECTION.adhoc.v1",
  "differential" : true,
  "archetypeId" : {
    "@type" : "ARCHETYPE_HRID",
    "value" : "openEHR-EHR-SECTION.kuesionerhambatan_skrining_mata.v1"
  },
  "definition" : {
    "@type" : "C_COMPLEX_OBJECT",
    "rmTypeName" : "SECTION",
    "nodeId" : "at0000.1",
    "attributes" : [ {
      "@type" : "C_ATTRIBUTE",
      "rmAttributeName" : "items",
      "existence" : "0..1",
      "cardinality" : {
        "@type" : "CARDINALITY",
        "interval" : "1..*",
        "ordered" : false,
        "unique" : false
      },
      "children" : [ {
        "@type" : "C_ARCHETYPE_ROOT",
        "rmTypeName" : "OBSERVATION",
        "occurrences" : "0..1",
        "nodeId" : "at0.2",
        "attributes" : [ ],
        "attributeTuples" : [ ],
        "archetypeRef" : "openEHR-EHR-OBSERVATION.ovl-condition_screening-004.v0",
        "referenceType" : "archetypeOverlay"
      } ]
    } ],
    "attributeTuples" : [ ]
  },
  "terminology" : {
    "@type" : "ARCHETYPE_TERMINOLOGY",
    "conceptCode" : "at0000",
    "termDefinitions" : {
      "en" : {
        "at0000.1" : {
          "@type" : "ARCHETYPE_TERM",
          "code" : "at0000.1",
          "text" : "Kuesioner Hambatan Skrining Mata",
          "description" : "A generic section header which should be renamed in a template to suit a specific clinical context."
        }
      },
      "ru" : {
        "at0000.1" : {
          "@type" : "ARCHETYPE_TERM",
          "code" : "at0000.1",
          "text" : "заготовка заголовка (6)",
          "description" : "Образец заголовка раздела"
        }
      },
      "es-ar" : {
        "at0000.1" : {
          "@type" : "ARCHETYPE_TERM",
          "code" : "at0000.1",
          "text" : "Encabezado ad hoc (6)",
          "description" : "Un encabezado de sección de tipo genérico que será renombrado en una plantilla para su empleo en un contexto clínico específico."
        }
      },
      "sl" : {
        "at0000.1" : {
          "@type" : "ARCHETYPE_TERM",
          "code" : "at0000.1",
          "text" : "Naslov sekcije (6)",
          "description" : "Naslov sekcije"
        }
      },
      "nb" : {
        "at0000.1" : {
          "@type" : "ARCHETYPE_TERM",
          "code" : "at0000.1",
          "text" : "Templat-overskrift (6)",
          "description" : "En generisk seksjonsoverskrift som skal gis nytt navn i en templat for å passe i en gitt klinisk kontekst."
        }
      },
      "pt-br" : {
        "at0000.1" : {
          "@type" : "ARCHETYPE_TERM",
          "code" : "at0000.1",
          "text" : "Cabeçalho Ad hoc (6)",
          "description" : "Um cabeçalho de sessão genérico que deve ser renomeado no template para adequar-se a um contexto clínico específico."
        }
      },
      "sv" : {
        "at0000.1" : {
          "@type" : "ARCHETYPE_TERM",
          "code" : "at0000.1",
          "text" : "Rubrik (6)",
          "description" : "En allmän avsnittsrubrik som döps om i en openEHR-mall för att passa in i en specifik klinisk kontext."
        }
      },
      "de" : {
        "at0000.1" : {
          "@type" : "ARCHETYPE_TERM",
          "code" : "at0000.1",
          "text" : "Ad hoc Überschrift (6)",
          "description" : "Eine generische Abschnittsüberschrift eines Templates, welche entsprechend dem spezifischen klinischen Kontext umbenannt werden sollte."
        }
      },
      "it" : {
        "at0000.1" : {
          "@type" : "ARCHETYPE_TERM",
          "code" : "at0000.1",
          "text" : "Intestazione di sezione ad hoc (6)",
          "description" : "Un'intestazione di sezione generica che dovrebbe essere rinominata in un template per adattarsi ad uno specifico contesto clinico."
        }
      },
      "fr" : {
        "at0000.1" : {
          "@type" : "ARCHETYPE_TERM",
          "code" : "at0000.1",
          "text" : "Rubrique ad hoc (6)",
          "description" : "Un en-tête de section générique qui doit être renommé dans un modèle pour s'adapter à un contexte clinique spécifique."
        }
      }
    },
    "termBindings" : { },
    "terminologyExtracts" : { },
    "valueSets" : { }
  },
  "adlVersion" : "1.4",
  "buildUid" : "baeb106d-2407-36ee-ad37-8a436c76b69b",
  "rmName" : "openehr",
  "rmRelease" : "1.1.0",
  "generated" : true,
  "templateId" : "DM-PxMata-KuesionerHambatanSkriningMata",
  "otherMetaData" : { },
  "templateOverlays" : [ {
    "@type" : "TEMPLATE_OVERLAY",
    "uid" : "6a398fe2-228b-449f-999c-4d7fe46d1e71",
    "description" : {
      "@type" : "RESOURCE_DESCRIPTION",
      "originalAuthor" : { },
      "otherContributors" : [ ],
      "ipAcknowledgements" : { },
      "references" : { },
      "conversionDetails" : { },
      "otherDetails" : { },
      "details" : {
        "de" : {
          "@type" : "RESOURCE_DESCRIPTION_ITEM",
          "language" : {
            "terminologyId" : {
              "value" : "ISO_639-1"
            },
            "codeString" : "de"
          },
          "purpose" : "*To create a framework for recording answers about problems or diagnoses, to the questions of a pre-defined screening questionnaire. (en)",
          "keywords" : [ "*Condition, state, illness, syndrome (en)" ],
          "use" : "*Use to create a framework for recording answers to pre-defined screening questions about problems or diagnoses.\r\n\r\nCommon use cases include, but are not limited to:\r\n- Systematic questioning in any consultation, for example:\r\n--- Diagnosed with cancer? Yes, No, Unknown.\r\n--- Diagnosed with COVID 19 or Influenza in the past twelve months? Yes, No, Unknown.\r\n- Specific questioning related to disease surveillance.\r\n\r\nThe semantics of this archetype are intentionally loose, and querying this archetype would normally only be useful or safe within the context of each specific template. In a template, each data element would usually be renamed to the specific question asked. Where value sets have been proposed for common use cases, these can be adapted for local use by using the 'text' choice to match each specific use case.\r\n\r\nIn use cases where it's important to differentiate the time context of a question in the persisted data, the reference model EVENT structure can be used to record this difference. For questions specifically about the point in time of recording, use a point in time EVENT, for example \"Do you have influenza?\". In contrast, for questions specifically about a period of time, use the interval event, for example, \"Have you had influenza in the past 4 weeks?\".\r\n\r\nThe source of the information in a questionnaire response may vary in different contexts but can be specifically identified using the 'Information provider' element in the Reference Model.\r\n\r\nThis archetype has been designed to be used as a screening tool or to record simple questionnaire-format data for use in situations such as a disease registry. If the screening questionnaire identifies the presence of a problem or diagnosis, it is recommended that clinical system record and persist the specific details about the problem or diagnosis (such as the date of clinical recognition) using the EVALUATION.problem_diagnosis archetype. (en)",
          "misuse" : "*Not to be used to record details about the presence or absence of a problem or diagnosis, outside of a screening context. Use EVALUATION.problem_diagnosis or EVALUATION.exclusion_specific for these purposes.\r\n\r\nNot to be used to to create a framework for recording answers to pre-defined screening questions about issues, worries or concerns affecting an individual. Use OBSERVATION.issue_screening for this purpose.\r\n\r\nNot to be used to to create a framework for recording answers to pre-defined screening questions about procedures performed. Use the OBSERVATION.procedure_screening for this purpose.\r\n\r\nNot to be used to to create a framework for recording answers to pre-defined screening questions about adverse reactions, use OBESERVATION.adverse_reaction_screening for this purpose. (en)",
          "originalResourceUri" : { },
          "otherDetails" : { }
        },
        "nb" : {
          "@type" : "RESOURCE_DESCRIPTION_ITEM",
          "language" : {
            "terminologyId" : {
              "value" : "ISO_639-1"
            },
            "codeString" : "nb"
          },
          "purpose" : "For å lage et rammeverk for registrering av svar på forhåndsdefinerte spørsmål om problemer eller diagnoser.",
          "keywords" : [ "tilstand, sykdom, syndrom, spørreskjema" ],
          "use" : "Brukes for å lage et rammeverk for registrering av svar på forhåndsdefinerte spørsmål om problemer eller diagnoser.\r\n\r\nVanlige bruksområder inkluderer, men er ikke begrenset til:\r\n- Systematiske spørsmål ved konsultasjoner, for eksempel:\r\n--- Diagnostisert med kreft? Ja, Nei, Ukjent.\r\n--- Diagnostisert med Covid 19 eller influensa de siste tolv månedene? Ja, Nei, Ukjent.\r\n- Spesifikke spørsmål relatert til overvåkning av sykdommer.\r\n\r\nSemantikken til denne arketypen er med vilje løst definert, og spørringer etter data i denne arketypen vil normalt bare være nyttig eller trygt innenfor konteksten av hvert spesifikke templat. I et templat vil hvert dataelement vanligvis døpes om til det spesifikke spørsmålet. Der det er foreslått verdisett for vanlige brukstilfeller, kan disse tilpasses for lokal bruk ved å bruke 'tekst'-datatypen for å matche hvert enkelt brukstilfelle.\r\n\r\nI tilfeller der det er viktig å skille tid i konteksten av spørsmål i de persisterte dataene, kan referansemodellens EVENT-struktur brukes for å registrere denne variasjonen. For spørsmål som spesifikt handler om tidspunktet ved registrering, bruk tidspunkt (point in time) EVENT. For eksempel: \"Har du influensa?\". Spørsmål som spesifikt omhandler en tidsperiode, bruk et intervall (interval) EVENT. For eksempel: \"Har du hatt influensa de siste 4 ukene?\".\r\n\r\nKilden til informasjonen i et spørreskjema kan variere i ulike kontekster, men kan identifiseres spesifikt ved å benytte \"Information provider\" elementet i openEHR referansemodellen.\r\n\r\nDenne arketypen er laget for å bli brukt i et spørreskjema eller for å registrere enkle strukturerte data til for eksempel et sykdomsregister. Dersom det i spørreskjemaet identifiseres at et problem eller en diagnose er tilstede, anbefales det at det at spesifikke detaljer om problemet eller diagnosen (som for eksempel dato for klinisk bekreftelse) registreres og lagres i pasientjournalen i arketypen Problem/diagnose (EVALUATION.problem_diagnosis).",
          "misuse" : "Brukes ikke for å registrere detaljer om tilstedeværelse eller fravær av et problem eller en diagnose utenfor konteksten av kartleggingen. Bruk arketypen EVALUATION.problem_diagnosis eller EVALUATION.exclusion_specific for dette formålet.\r\n\r\nBrukes ikke for å lage et rammeverk for registrering av svar på forhåndsdefinerte spørsmål om bekymringer eller forhold som gjelder et individ. Bruk arketypen OBSERVATION.issue_screening for dette formålet.\r\n\r\nBrukes ikke for å lage et rammeverk for registrering av svar på forhåndsdefinerte spørsmål om gjennomførte prosedyrer, bruk arketypen OBSERVATION.procedure_screening for dette formålet.\r\n\r\nBrukes ikke for å lage et rammeverk for registrering av svar på forhåndsdefinerte spørsmål om overfølsomhetsreaksjoner, bruk arketypen OBSERVATION.adverse_reaction_screening for dette formålet.",
          "originalResourceUri" : { },
          "otherDetails" : { }
        },
        "en" : {
          "@type" : "RESOURCE_DESCRIPTION_ITEM",
          "language" : {
            "terminologyId" : {
              "value" : "ISO_639-1"
            },
            "codeString" : "en"
          },
          "purpose" : "To create a framework for recording answers to pre-defined screening questions about problems or diagnoses.",
          "keywords" : [ "Condition, state, illness, syndrome" ],
          "use" : "Use to create a framework for recording answers to pre-defined screening questions about problems or diagnoses.\r\n\r\nCommon use cases include, but are not limited to:\r\n- Systematic questioning in any consultation, for example:\r\n--- Diagnosed with cancer? Yes, No, Unknown.\r\n--- Diagnosed with COVID 19 or Influenza in the past twelve months? Yes, No, Unknown.\r\n- Specific questioning related to disease surveillance.\r\n\r\nThe semantics of this archetype are intentionally loose, and querying this archetype would normally only be useful or safe within the context of each specific template. In a template, each data element would usually be renamed to the specific question asked. Where value sets have been proposed for common use cases, these can be adapted for local use by using the 'text' choice to match each specific use case.\r\n\r\nIn use cases where it's important to differentiate the time context of a question in the persisted data, the reference model EVENT structure can be used to record this difference. For questions specifically about the point in time of recording, use a point in time EVENT, for example \"Do you have influenza?\". In contrast, for questions specifically about a period of time, use the interval event, for example, \"Have you had influenza in the past 4 weeks?\".\r\n\r\nThe source of the information in a questionnaire response may vary in different contexts but can be specifically identified using the 'Information provider' element in the Reference Model.\r\n\r\nThis archetype has been designed to be used as a screening tool or to record simple questionnaire-format data for use in situations such as a disease registry. If the screening questionnaire identifies the presence of a problem or diagnosis, it is recommended that clinical system record and persist the specific details about the problem or diagnosis (such as the date of clinical recognition) using the EVALUATION.problem_diagnosis archetype.",
          "misuse" : "Not to be used to record details about the presence or absence of a problem or diagnosis, outside of a screening context. Use EVALUATION.problem_diagnosis or EVALUATION.exclusion_specific for these purposes.\r\n\r\nNot to be used to to create a framework for recording answers to pre-defined screening questions about issues, worries or concerns affecting an individual. Use OBSERVATION.issue_screening for this purpose.\r\n\r\nNot to be used to to create a framework for recording answers to pre-defined screening questions about procedures performed. Use the OBSERVATION.procedure_screening for this purpose.\r\n\r\nNot to be used to to create a framework for recording answers to pre-defined screening questions about adverse reactions, use OBSERVATION.adverse_reaction_screening for this purpose.",
          "originalResourceUri" : { },
          "otherDetails" : { }
        },
        "nl" : {
          "@type" : "RESOURCE_DESCRIPTION_ITEM",
          "language" : {
            "terminologyId" : {
              "value" : "ISO_639-1"
            },
            "codeString" : "nl"
          },
          "purpose" : "*To create a framework for recording answers to pre-defined screening questions about problems or diagnoses.(en)",
          "keywords" : [ "Aandoening, toestand, ziekte, syndroom" ],
          "use" : "*Use to create a framework for recording answers to pre-defined screening questions about problems or diagnoses.\r\n\r\nCommon use cases include, but are not limited to:\r\n- Systematic questioning in any consultation, for example:\r\n--- Diagnosed with cancer? Yes, No, Unknown.\r\n--- Diagnosed with COVID 19 or Influenza in the past twelve months? Yes, No, Unknown.\r\n- Specific questioning related to disease surveillance.\r\n\r\nThe semantics of this archetype are intentionally loose, and querying this archetype would normally only be useful or safe within the context of each specific template. In a template, each data element would usually be renamed to the specific question asked. Where value sets have been proposed for common use cases, these can be adapted for local use by using the 'text' choice to match each specific use case.\r\n\r\nIn use cases where it's important to differentiate the time context of a question in the persisted data, the reference model EVENT structure can be used to record this difference. For questions specifically about the point in time of recording, use a point in time EVENT, for example \"Do you have influenza?\". In contrast, for questions specifically about a period of time, use the interval event, for example, \"Have you had influenza in the past 4 weeks?\".\r\n\r\nThe source of the information in a questionnaire response may vary in different contexts but can be specifically identified using the 'Information provider' element in the Reference Model.\r\n\r\nThis archetype has been designed to be used as a screening tool or to record simple questionnaire-format data for use in situations such as a disease registry. If the screening questionnaire identifies the presence of a problem or diagnosis, it is recommended that clinical system record and persist the specific details about the problem or diagnosis (such as the date of clinical recognition) using the EVALUATION.problem_diagnosis archetype. (en)",
          "misuse" : "*Not to be used to record details about the presence or absence of a problem or diagnosis, outside of a screening context. Use EVALUATION.problem_diagnosis or EVALUATION.exclusion_specific for these purposes.\r\n\r\nNot to be used to to create a framework for recording answers to pre-defined screening questions about issues, worries or concerns affecting an individual. Use OBSERVATION.issue_screening for this purpose.\r\n\r\nNot to be used to to create a framework for recording answers to pre-defined screening questions about procedures performed. Use the OBSERVATION.procedure_screening for this purpose.\r\n\r\nNot to be used to to create a framework for recording answers to pre-defined screening questions about adverse reactions, use OBESERVATION.adverse_reaction_screening for this purpose. (en)",
          "originalResourceUri" : { },
          "otherDetails" : { }
        }
      }
    },
    "parentArchetypeId" : "openEHR-EHR-OBSERVATION.condition_screening.v0",
    "differential" : true,
    "archetypeId" : {
      "@type" : "ARCHETYPE_HRID",
      "value" : "openEHR-EHR-OBSERVATION.ovl-condition_screening-004.v0"
    },
    "definition" : {
      "@type" : "C_COMPLEX_OBJECT",
      "rmTypeName" : "OBSERVATION",
      "nodeId" : "at0000.1",
      "attributes" : [ {
        "@type" : "C_ATTRIBUTE",
        "rmAttributeName" : "data",
        "children" : [ {
          "@type" : "C_COMPLEX_OBJECT",
          "rmTypeName" : "HISTORY",
          "nodeId" : "at0001",
          "attributes" : [ {
            "@type" : "C_ATTRIBUTE",
            "rmAttributeName" : "events",
            "children" : [ {
              "@type" : "C_COMPLEX_OBJECT",
              "rmTypeName" : "EVENT",
              "nodeId" : "at0002",
              "attributes" : [ {
                "@type" : "C_ATTRIBUTE",
                "rmAttributeName" : "data",
                "children" : [ {
                  "@type" : "C_COMPLEX_OBJECT",
                  "rmTypeName" : "ITEM_TREE",
                  "nodeId" : "at0003",
                  "attributes" : [ {
                    "@type" : "C_ATTRIBUTE",
                    "rmAttributeName" : "items",
                    "children" : [ {
                      "@type" : "C_COMPLEX_OBJECT",
                      "rmTypeName" : "ELEMENT",
                      "occurrences" : "1..1",
                      "nodeId" : "at0034.1",
                      "attributes" : [ {
                        "@type" : "C_ATTRIBUTE",
                        "rmAttributeName" : "value",
                        "children" : [ {
                          "@type" : "C_COMPLEX_OBJECT",
                          "rmTypeName" : "DV_CODED_TEXT",
                          "occurrences" : "1..1",
                          "attributes" : [ {
                            "@type" : "C_ATTRIBUTE",
                            "rmAttributeName" : "defining_code",
                            "children" : [ {
                              "@type" : "C_TERMINOLOGY_CODE",
                              "rmTypeName" : "TERMINOLOGY_CODE",
                              "occurrences" : "0..1",
                              "terminologyId" : {
                                "value" : "SNOMEDCT"
                              },
                              "constraint" : [ ],
                              "selectedTerminologies" : [ "SNOMEDCT" ],
                              "includedExternalTerminologyCodes" : [ {
                                "terminologyId" : "SNOMEDCT",
                                "code" : "31874001",
                                "value" : "Ya"
                              }, {
                                "terminologyId" : "SNOMEDCT",
                                "code" : "64100000",
                                "value" : "Tidak"
                              } ]
                            } ]
                          } ],
                          "attributeTuples" : [ ]
                        } ]
                      } ],
                      "attributeTuples" : [ ]
                    }, {
                      "@type" : "C_COMPLEX_OBJECT",
                      "rmTypeName" : "ELEMENT",
                      "occurrences" : "0..1",
                      "nodeId" : "at0028.1",
                      "attributes" : [ {
                        "@type" : "C_ATTRIBUTE",
                        "rmAttributeName" : "value",
                        "children" : [ {
                          "@type" : "C_COMPLEX_OBJECT",
                          "rmTypeName" : "DV_CODED_TEXT",
                          "attributes" : [ {
                            "@type" : "C_ATTRIBUTE",
                            "rmAttributeName" : "defining_code",
                            "children" : [ {
                              "@type" : "C_TERMINOLOGY_CODE",
                              "rmTypeName" : "TERMINOLOGY_CODE",
                              "occurrences" : "1..1",
                              "terminologyId" : {
                                "value" : "local_terms1"
                              },
                              "constraint" : [ ],
                              "selectedTerminologies" : [ "local_terms1" ],
                              "includedExternalTerminologyCodes" : [ {
                                "terminologyId" : "local_terms1",
                                "code" : "0",
                                "value" : "Merasa penglihatan baik, mata tidak perlu diperiksa"
                              }, {
                                "terminologyId" : "local_terms1",
                                "code" : "1",
                                "value" : "Merasa pemeriksaan tidak nyaman"
                              }, {
                                "terminologyId" : "local_terms1",
                                "code" : "2",
                                "value" : "Tidak tahu mata perlu diperiksa rutin"
                              }, {
                                "terminologyId" : "local_terms1",
                                "code" : "3",
                                "value" : "Biaya pemeriksaan mahal"
                              }, {
                                "terminologyId" : "local_terms1",
                                "code" : "4",
                                "value" : "Keterbatasan fisik"
                              }, {
                                "terminologyId" : "local_terms1",
                                "code" : "5",
                                "value" : "Jarak yang jauh ke pusat pelayanan kesehatan"
                              }, {
                                "terminologyId" : "local_terms1",
                                "code" : "6",
                                "value" : "Kurang ajakan dokter"
                              }, {
                                "terminologyId" : "local_terms1",
                                "code" : "7",
                                "value" : "Tidak dirujuk oleh dokter"
                              }, {
                                "terminologyId" : "local_terms1",
                                "code" : "8",
                                "value" : "Sibuk dengan pekerjaan"
                              }, {
                                "terminologyId" : "local_terms1",
                                "code" : "9",
                                "value" : "Lain-lain (free text)"
                              } ]
                            } ]
                          } ],
                          "attributeTuples" : [ ]
                        } ]
                      } ],
                      "attributeTuples" : [ ]
                    }, {
                      "@type" : "C_COMPLEX_OBJECT",
                      "rmTypeName" : "ELEMENT",
                      "nodeId" : "at0028.2",
                      "attributes" : [ {
                        "@type" : "C_ATTRIBUTE",
                        "rmAttributeName" : "value",
                        "children" : [ {
                          "@type" : "C_COMPLEX_OBJECT",
                          "rmTypeName" : "DV_TEXT",
                          "attributes" : [ ],
                          "attributeTuples" : [ ]
                        } ]
                      } ],
                      "attributeTuples" : [ ]
                    }, {
                      "@type" : "C_COMPLEX_OBJECT",
                      "rmTypeName" : "ELEMENT",
                      "occurrences" : "0..0",
                      "nodeId" : "at0043.1",
                      "attributes" : [ ],
                      "attributeTuples" : [ ]
                    }, {
                      "@type" : "C_COMPLEX_OBJECT",
                      "rmTypeName" : "CLUSTER",
                      "occurrences" : "0..0",
                      "nodeId" : "at0022.1",
                      "attributes" : [ {
                        "@type" : "C_ATTRIBUTE",
                        "rmAttributeName" : "items",
                        "children" : [ {
                          "@type" : "C_COMPLEX_OBJECT",
                          "rmTypeName" : "ELEMENT",
                          "occurrences" : "0..0",
                          "nodeId" : "at0005.1",
                          "attributes" : [ {
                            "@type" : "C_ATTRIBUTE",
                            "rmAttributeName" : "value",
                            "children" : [ {
                              "@type" : "C_COMPLEX_OBJECT",
                              "rmTypeName" : "DV_CODED_TEXT",
                              "attributes" : [ {
                                "@type" : "C_ATTRIBUTE",
                                "rmAttributeName" : "defining_code",
                                "children" : [ {
                                  "@type" : "C_TERMINOLOGY_CODE",
                                  "rmTypeName" : "CODE_PHRASE",
                                  "occurrences" : "1..1",
                                  "terminologyId" : {
                                    "value" : "local"
                                  },
                                  "constraint" : [ "at0023", "at0024", "at0027" ]
                                } ]
                              } ],
                              "attributeTuples" : [ ]
                            }, {
                              "@type" : "C_COMPLEX_OBJECT",
                              "rmTypeName" : "DV_TEXT",
                              "attributes" : [ ],
                              "attributeTuples" : [ ]
                            } ]
                          } ],
                          "attributeTuples" : [ ]
                        }, {
                          "@type" : "C_COMPLEX_OBJECT",
                          "rmTypeName" : "ELEMENT",
                          "occurrences" : "0..0",
                          "nodeId" : "at0040.1",
                          "attributes" : [ {
                            "@type" : "C_ATTRIBUTE",
                            "rmAttributeName" : "value",
                            "children" : [ {
                              "@type" : "C_COMPLEX_OBJECT",
                              "rmTypeName" : "DV_TEXT",
                              "attributes" : [ ],
                              "attributeTuples" : [ ]
                            }, {
                              "@type" : "C_COMPLEX_OBJECT",
                              "rmTypeName" : "DV_INTERVAL<DV_DURATION>",
                              "attributes" : [ ],
                              "attributeTuples" : [ ]
                            }, {
                              "@type" : "C_COMPLEX_OBJECT",
                              "rmTypeName" : "DV_DURATION",
                              "attributes" : [ ],
                              "attributeTuples" : [ ]
                            }, {
                              "@type" : "C_COMPLEX_OBJECT",
                              "rmTypeName" : "DV_DATE_TIME",
                              "attributes" : [ ],
                              "attributeTuples" : [ ]
                            }, {
                              "@type" : "C_COMPLEX_OBJECT",
                              "rmTypeName" : "DV_INTERVAL<DV_DATE_TIME>",
                              "attributes" : [ ],
                              "attributeTuples" : [ ]
                            } ]
                          } ],
                          "attributeTuples" : [ ]
                        }, {
                          "@type" : "C_COMPLEX_OBJECT",
                          "rmTypeName" : "ELEMENT",
                          "occurrences" : "0..0",
                          "nodeId" : "at0025.1",
                          "attributes" : [ ],
                          "attributeTuples" : [ ]
                        } ]
                      } ],
                      "attributeTuples" : [ ]
                    } ]
                  } ],
                  "attributeTuples" : [ ]
                } ]
              } ],
              "attributeTuples" : [ ]
            } ]
          } ],
          "attributeTuples" : [ ]
        } ]
      } ],
      "attributeTuples" : [ ]
    },
    "terminology" : {
      "@type" : "ARCHETYPE_TERMINOLOGY",
      "conceptCode" : "at0000",
      "termDefinitions" : {
        "en" : {
          "at0000.1" : {
            "@type" : "ARCHETYPE_TERM",
            "code" : "at0000.1",
            "text" : "Hambatan dalam memeriksakan mata",
            "description" : "Answers to pre-defined screening questions about problems or diagnoses.",
            "comment" : "The answers may be self-reported."
          },
          "at0034.1" : {
            "@type" : "ARCHETYPE_TERM",
            "code" : "at0034.1",
            "text" : "Pernah memeriksakan mata dalam setahun terakhir",
            "description" : "The context or reason for screening.",
            "comment" : "This data element is intended to provide collection context for the question/answer groups when queried at a later date. It is not expected that this data element will be exposed to the individual, but only stored in data.\r\nFor example: pre-admission screening or the name of the actual questionnaire."
          },
          "at0028.1" : {
            "@type" : "ARCHETYPE_TERM",
            "code" : "at0028.1",
            "text" : "Hambatan dalam pemeriksaan mata",
            "description" : "Presence of problems or diagnoses related to the screening purpose."
          },
          "at0028.2" : {
            "@type" : "ARCHETYPE_TERM",
            "code" : "at0028.2",
            "text" : "Hambatan lain - lain dalam pemeriksaan mata",
            "description" : "Presence of problems or diagnoses related to the screening purpose."
          }
        },
        "nb" : {
          "at0028.2" : {
            "@type" : "ARCHETYPE_TERM",
            "code" : "at0028.1",
            "text" : "Tilstedeværelse av problemer eller diagnoser? (2)",
            "description" : "Tilstedeværelse av problemer eller diagnoser relatert til kartleggingsformålet."
          }
        },
        "de" : {
          "at0028.2" : {
            "@type" : "ARCHETYPE_TERM",
            "code" : "at0028.1",
            "text" : "*Any problems or diagnoses? (en) (2)",
            "description" : "*Presence of problems or diagnoses related to the screening purpose. (en)"
          }
        },
        "nl" : {
          "at0028.2" : {
            "@type" : "ARCHETYPE_TERM",
            "code" : "at0028.1",
            "text" : "*Aanwezig? (2)",
            "description" : "Presence of problems or diagnoses related to the screening purpose.(en)"
          }
        }
      },
      "termBindings" : { },
      "terminologyExtracts" : { },
      "valueSets" : {
        "ac0.1" : {
          "@type" : "VALUE_SET",
          "id" : "ac0.1",
          "members" : [ "at0031", "at0032", "at0033" ]
        },
        "ac0.2" : {
          "@type" : "VALUE_SET",
          "id" : "ac0.2",
          "members" : [ "at0031", "at0032", "at0033" ]
        },
        "ac0.4" : {
          "@type" : "VALUE_SET",
          "id" : "ac0.4",
          "members" : [ "at0031", "at0032", "at0033" ]
        },
        "ac0.5" : {
          "@type" : "VALUE_SET",
          "id" : "ac0.5",
          "members" : [ ]
        },
        "ac0.6" : {
          "@type" : "VALUE_SET",
          "id" : "ac0.6",
          "members" : [ ]
        },
        "ac0.7" : {
          "@type" : "VALUE_SET",
          "id" : "ac0.7",
          "members" : [ "at0031", "at0032", "at0033" ]
        },
        "ac0.8" : {
          "@type" : "VALUE_SET",
          "id" : "ac0.8",
          "members" : [ "at0031", "at0032", "at0033" ]
        }
      }
    },
    "adlVersion" : "1.4",
    "buildUid" : "5bd05c16-db3d-47b0-b4a9-1dca42d5bd63",
    "rmName" : "openehr",
    "rmRelease" : "1.1.0",
    "generated" : true,
    "otherMetaData" : { },
    "originalLanguage" : {
      "terminologyId" : {
        "value" : "ISO_639-1"
      },
      "codeString" : "en"
    },
    "translations" : [ {
      "@type" : "TRANSLATION_DETAILS",
      "language" : {
        "terminologyId" : {
          "value" : "ISO_639-1"
        },
        "codeString" : "de"
      },
      "author" : {
        "name" : "Natalia Strauch",
        "organisation" : "Medizinische Hochschule Hannover",
        "email" : "Strauch.Natalia@mh-hannover.de"
      },
      "otherDetails" : { }
    }, {
      "@type" : "TRANSLATION_DETAILS",
      "language" : {
        "terminologyId" : {
          "value" : "ISO_639-1"
        },
        "codeString" : "nb"
      },
      "author" : {
        "name" : "Marit Alice Venheim, Silje Ljosland Bakke, John Tore Valand",
        "organisation" : "Helse Vest IKT, Helse Vest IKT AS, Helse Bergen",
        "email" : "marit.alice.venheim@helse-vest-ikt.no, silje.ljosland.bakke@helse-vest-ikt.no, john.tore.valand@helse-bergen.no, john.tore.valand@helse-vest-ikt.no"
      },
      "otherDetails" : { }
    }, {
      "@type" : "TRANSLATION_DETAILS",
      "language" : {
        "terminologyId" : {
          "value" : "ISO_639-1"
        },
        "codeString" : "nl"
      },
      "author" : {
        "name" : "Martijn van Eenennaam",
        "organisation" : "Nedap Healthcare",
        "email" : "martijn.vaneenennaam@nedap.com"
      },
      "otherDetails" : { }
    } ]
  } ],
  "originalLanguage" : {
    "terminologyId" : {
      "value" : "ISO_639-1"
    },
    "codeString" : "en"
  },
  "translations" : [ {
    "@type" : "TRANSLATION_DETAILS",
    "language" : {
      "terminologyId" : {
        "value" : "ISO_639-1"
      },
      "codeString" : "de"
    },
    "author" : { },
    "otherDetails" : { }
  }, {
    "@type" : "TRANSLATION_DETAILS",
    "language" : {
      "terminologyId" : {
        "value" : "ISO_639-1"
      },
      "codeString" : "ru"
    },
    "author" : { },
    "otherDetails" : { }
  }, {
    "@type" : "TRANSLATION_DETAILS",
    "language" : {
      "terminologyId" : {
        "value" : "ISO_639-1"
      },
      "codeString" : "sv"
    },
    "author" : { },
    "otherDetails" : { }
  }, {
    "@type" : "TRANSLATION_DETAILS",
    "language" : {
      "terminologyId" : {
        "value" : "ISO_639-1"
      },
      "codeString" : "es-ar"
    },
    "author" : { },
    "otherDetails" : { }
  }, {
    "@type" : "TRANSLATION_DETAILS",
    "language" : {
      "terminologyId" : {
        "value" : "ISO_639-1"
      },
      "codeString" : "nb"
    },
    "author" : { },
    "otherDetails" : { }
  }, {
    "@type" : "TRANSLATION_DETAILS",
    "language" : {
      "terminologyId" : {
        "value" : "ISO_639-1"
      },
      "codeString" : "pt-br"
    },
    "author" : { },
    "otherDetails" : { }
  }, {
    "@type" : "TRANSLATION_DETAILS",
    "language" : {
      "terminologyId" : {
        "value" : "ISO_639-1"
      },
      "codeString" : "sl"
    },
    "author" : { },
    "otherDetails" : { }
  }, {
    "@type" : "TRANSLATION_DETAILS",
    "language" : {
      "terminologyId" : {
        "value" : "ISO_639-1"
      },
      "codeString" : "it"
    },
    "author" : { },
    "otherDetails" : { }
  }, {
    "@type" : "TRANSLATION_DETAILS",
    "language" : {
      "terminologyId" : {
        "value" : "ISO_639-1"
      },
      "codeString" : "fr"
    },
    "author" : { },
    "otherDetails" : { }
  } ]
}