{
  "@type" : "TEMPLATE",
  "uid" : "d2db5ce2-4652-4d94-bcb6-7013c7dbb5fd",
  "description" : {
    "@type" : "RESOURCE_DESCRIPTION",
    "originalAuthor" : {
      "name" : "Heather Leslie",
      "organisation" : "Atomica Informatics",
      "email" : "heather.leslie@atomicainformatics.com",
      "date" : "2021-09-13"
    },
    "otherContributors" : [ ],
    "lifecycleState" : {
      "codeString" : "unmanaged"
    },
    "ipAcknowledgements" : { },
    "references" : { },
    "conversionDetails" : { },
    "otherDetails" : {
      "licence" : "",
      "custodian_organisation" : "",
      "original_namespace" : "",
      "original_publisher" : "",
      "custodian_namespace" : "",
      "sem_ver" : "3.0.0",
      "build_uid" : "",
      "MD5-CAM-1.0.1" : "dbef1a19f4b4a5711fd55cdd5bd28e96",
      "PARENT:MD5-CAM-1.0.1" : "E7D810A53CD28FD1CC60DD3A22CA6D46",
      "original_language" : "ISO_639-1::en"
    },
    "details" : {
      "en" : {
        "@type" : "RESOURCE_DESCRIPTION_ITEM",
        "language" : {
          "terminologyId" : {
            "value" : "ISO_639-1"
          },
          "codeString" : "en"
        },
        "purpose" : "",
        "use" : "",
        "misuse" : "",
        "originalResourceUri" : { },
        "otherDetails" : { }
      },
      "de" : {
        "@type" : "RESOURCE_DESCRIPTION_ITEM",
        "language" : {
          "terminologyId" : {
            "value" : "ISO_639-1"
          },
          "codeString" : "de"
        },
        "originalResourceUri" : { },
        "otherDetails" : {
          "notes" : "Generated automatically by Adl Designer"
        }
      },
      "sv" : {
        "@type" : "RESOURCE_DESCRIPTION_ITEM",
        "language" : {
          "terminologyId" : {
            "value" : "ISO_639-1"
          },
          "codeString" : "sv"
        },
        "originalResourceUri" : { },
        "otherDetails" : {
          "notes" : "Generated automatically by Adl Designer"
        }
      },
      "nb" : {
        "@type" : "RESOURCE_DESCRIPTION_ITEM",
        "language" : {
          "terminologyId" : {
            "value" : "ISO_639-1"
          },
          "codeString" : "nb"
        },
        "originalResourceUri" : { },
        "otherDetails" : {
          "notes" : "Generated automatically by Adl Designer"
        }
      },
      "zh" : {
        "@type" : "RESOURCE_DESCRIPTION_ITEM",
        "language" : {
          "terminologyId" : {
            "value" : "ISO_639-1"
          },
          "codeString" : "zh"
        },
        "originalResourceUri" : { },
        "otherDetails" : {
          "notes" : "Generated automatically by Adl Designer"
        }
      }
    }
  },
  "parentArchetypeId" : "openEHR-EHR-CLUSTER.person.v0",
  "differential" : true,
  "archetypeId" : {
    "@type" : "ARCHETYPE_HRID",
    "value" : "openEHR-EHR-CLUSTER.t_person.v0"
  },
  "definition" : {
    "@type" : "C_COMPLEX_OBJECT",
    "rmTypeName" : "CLUSTER",
    "nodeId" : "at0000.1",
    "attributes" : [ {
      "@type" : "C_ATTRIBUTE",
      "rmAttributeName" : "items",
      "children" : [ {
        "@type" : "C_COMPLEX_OBJECT",
        "rmTypeName" : "ELEMENT",
        "occurrences" : "0..0",
        "nodeId" : "at0001.1",
        "attributes" : [ ],
        "attributeTuples" : [ ]
      }, {
        "@type" : "C_COMPLEX_OBJECT",
        "rmTypeName" : "ELEMENT",
        "occurrences" : "0..0",
        "nodeId" : "at0003.1",
        "attributes" : [ {
          "@type" : "C_ATTRIBUTE",
          "rmAttributeName" : "value",
          "children" : [ {
            "@type" : "C_COMPLEX_OBJECT",
            "rmTypeName" : "DV_IDENTIFIER",
            "attributes" : [ ],
            "attributeTuples" : [ ]
          }, {
            "@type" : "C_COMPLEX_OBJECT",
            "rmTypeName" : "DV_TEXT",
            "attributes" : [ ],
            "attributeTuples" : [ ]
          } ]
        } ],
        "attributeTuples" : [ ]
      }, {
        "@type" : "C_COMPLEX_OBJECT",
        "rmTypeName" : "ELEMENT",
        "nodeId" : "at0004.1",
        "attributes" : [ {
          "@type" : "C_ATTRIBUTE",
          "rmAttributeName" : "value",
          "children" : [ {
            "@type" : "C_COMPLEX_OBJECT",
            "rmTypeName" : "DV_TEXT",
            "attributes" : [ {
              "@type" : "C_ATTRIBUTE",
              "rmAttributeName" : "value",
              "existence" : "0..1",
              "children" : [ {
                "@type" : "C_STRING",
                "constraint" : [ "Legal guardian" ]
              } ]
            } ],
            "attributeTuples" : [ ]
          } ]
        } ],
        "attributeTuples" : [ ]
      }, {
        "@type" : "C_ARCHETYPE_ROOT",
        "rmTypeName" : "CLUSTER",
        "occurrences" : "0..1",
        "nodeId" : "at0002.1",
        "attributes" : [ ],
        "attributeTuples" : [ ],
        "archetypeRef" : "openEHR-EHR-CLUSTER.ovl-structured_name-000.v0",
        "referenceType" : "archetypeOverlay"
      }, {
        "@type" : "C_ARCHETYPE_ROOT",
        "rmTypeName" : "CLUSTER",
        "occurrences" : "0..1",
        "nodeId" : "at0005.1",
        "attributes" : [ ],
        "attributeTuples" : [ ],
        "archetypeRef" : "openEHR-EHR-CLUSTER.ovl-address-001.v0",
        "referenceType" : "archetypeOverlay"
      } ]
    } ],
    "attributeTuples" : [ ]
  },
  "terminology" : {
    "@type" : "ARCHETYPE_TERMINOLOGY",
    "conceptCode" : "at0000",
    "termDefinitions" : {
      "en" : {
        "at0000.1" : {
          "@type" : "ARCHETYPE_TERM",
          "code" : "at0000.1",
          "text" : "EHR Person with structured name & address",
          "description" : "An individual human being."
        }
      },
      "nb" : {
        "at0000.1" : {
          "@type" : "ARCHETYPE_TERM",
          "code" : "at0000.1",
          "text" : "EHR Person with structured name & address",
          "description" : "Et identifisert menneske."
        }
      },
      "de" : {
        "at0000.1" : {
          "@type" : "ARCHETYPE_TERM",
          "code" : "at0000.1",
          "text" : "EHR Person with structured name & address",
          "description" : "Ein identifizierter Mensch."
        }
      },
      "zh" : {
        "at0000.1" : {
          "@type" : "ARCHETYPE_TERM",
          "code" : "at0000.1",
          "text" : "EHR Person with structured name & address",
          "description" : "*An individual human being. (en)"
        }
      },
      "sv" : {
        "at0000.1" : {
          "@type" : "ARCHETYPE_TERM",
          "code" : "at0000.1",
          "text" : "EHR Person with structured name & address",
          "description" : "*An individual human being. (en)"
        }
      }
    },
    "termBindings" : { },
    "terminologyExtracts" : { },
    "valueSets" : { }
  },
  "adlVersion" : "1.4",
  "buildUid" : "c47dea24-0057-35e3-b674-6cb3661163e9",
  "rmName" : "openehr",
  "rmRelease" : "1.1.0",
  "generated" : true,
  "templateId" : "EHR Person with structured name and address",
  "otherMetaData" : { },
  "templateOverlays" : [ {
    "@type" : "TEMPLATE_OVERLAY",
    "uid" : "931a54d8-6ec7-414b-9ae8-87ac041079a5",
    "description" : {
      "@type" : "RESOURCE_DESCRIPTION",
      "originalAuthor" : { },
      "otherContributors" : [ ],
      "ipAcknowledgements" : { },
      "references" : { },
      "conversionDetails" : { },
      "otherDetails" : {
        "PARENT:MD5-CAM-1.0.1" : "F22E5188BC742A8C7BB3B29C9C20A2A6"
      },
      "details" : { }
    },
    "parentArchetypeId" : "openEHR-EHR-CLUSTER.structured_name.v0",
    "differential" : true,
    "archetypeId" : {
      "@type" : "ARCHETYPE_HRID",
      "value" : "openEHR-EHR-CLUSTER.ovl-structured_name-000.v0"
    },
    "definition" : {
      "@type" : "C_COMPLEX_OBJECT",
      "rmTypeName" : "CLUSTER",
      "nodeId" : "at0000.1",
      "attributes" : [ {
        "@type" : "C_ATTRIBUTE",
        "rmAttributeName" : "items",
        "children" : [ {
          "@type" : "C_COMPLEX_OBJECT",
          "rmTypeName" : "ELEMENT",
          "occurrences" : "0..0",
          "nodeId" : "at0006.1",
          "attributes" : [ ],
          "attributeTuples" : [ ]
        } ]
      } ],
      "attributeTuples" : [ ]
    },
    "terminology" : {
      "@type" : "ARCHETYPE_TERMINOLOGY",
      "conceptCode" : "at0000",
      "termDefinitions" : {
        "en" : {
          "at0000.1" : {
            "@type" : "ARCHETYPE_TERM",
            "code" : "at0000.1",
            "text" : "Name",
            "description" : "Discrete components of an individual's name."
          }
        },
        "de" : {
          "at0000.1" : {
            "@type" : "ARCHETYPE_TERM",
            "code" : "at0000.1",
            "text" : "Name",
            "description" : "Details zu den einzelnen Komponenten des Namens einer Person zur Verwendung in einer Gesundheitsakte."
          }
        },
        "nb" : {
          "at0000.1" : {
            "@type" : "ARCHETYPE_TERM",
            "code" : "at0000.1",
            "text" : "Name",
            "description" : "Detaljer om de ulike komponentene i en person sitt navn."
          }
        }
      },
      "termBindings" : { },
      "terminologyExtracts" : { },
      "valueSets" : { }
    },
    "adlVersion" : "1.4",
    "buildUid" : "7a154212-d477-4992-93bb-a15cc8b2759f",
    "rmName" : "openehr",
    "rmRelease" : "1.1.0",
    "generated" : true,
    "otherMetaData" : { },
    "originalLanguage" : {
      "terminologyId" : {
        "value" : "ISO_639-1"
      },
      "codeString" : "en"
    },
    "translations" : [ {
      "@type" : "TRANSLATION_DETAILS",
      "language" : {
        "terminologyId" : {
          "value" : "ISO_639-1"
        },
        "codeString" : "de"
      },
      "author" : {
        "name" : "Natalia Strauch, Alina Rehberg",
        "organisation" : "Medizinische Hochschule Hannover",
        "email" : "Strauch.Natalia@mh-hannover.de, rehberg.alina@mh-hannover.de"
      },
      "otherDetails" : { }
    }, {
      "@type" : "TRANSLATION_DETAILS",
      "language" : {
        "terminologyId" : {
          "value" : "ISO_639-1"
        },
        "codeString" : "nb"
      },
      "author" : {
        "name" : "John Tore Valand, Vebjørn Arntzen, Kanika Kuwelker",
        "organisation" : "Helse Vest IKT AS, Helse Bergen, Oslo University Hospital",
        "email" : "john.tore.valand@helse-vest-ikt.no, varntzen@ous-hf.no, kanika.kuwelker@helse-vest-ikt.no"
      },
      "otherDetails" : { }
    } ]
  }, {
    "@type" : "TEMPLATE_OVERLAY",
    "uid" : "2790f093-d7dc-4ee8-8236-881f853ec9b7",
    "description" : {
      "@type" : "RESOURCE_DESCRIPTION",
      "originalAuthor" : { },
      "otherContributors" : [ ],
      "ipAcknowledgements" : { },
      "references" : { },
      "conversionDetails" : { },
      "otherDetails" : {
        "PARENT:MD5-CAM-1.0.1" : "4EA2DB34E08D4F6D9E8F0F3CBDA17119"
      },
      "details" : { }
    },
    "parentArchetypeId" : "openEHR-EHR-CLUSTER.address.v0",
    "differential" : true,
    "archetypeId" : {
      "@type" : "ARCHETYPE_HRID",
      "value" : "openEHR-EHR-CLUSTER.ovl-address-001.v0"
    },
    "definition" : {
      "@type" : "C_COMPLEX_OBJECT",
      "rmTypeName" : "CLUSTER",
      "nodeId" : "at0000.1",
      "attributes" : [ {
        "@type" : "C_ATTRIBUTE",
        "rmAttributeName" : "items",
        "children" : [ {
          "@type" : "C_COMPLEX_OBJECT",
          "rmTypeName" : "ELEMENT",
          "nodeId" : "at0001.1",
          "attributes" : [ ],
          "attributeTuples" : [ ]
        }, {
          "@type" : "C_COMPLEX_OBJECT",
          "rmTypeName" : "ELEMENT",
          "nodeId" : "at0005.1",
          "attributes" : [ ],
          "attributeTuples" : [ ]
        }, {
          "@type" : "C_COMPLEX_OBJECT",
          "rmTypeName" : "ELEMENT",
          "occurrences" : "0..0",
          "nodeId" : "at0009.1",
          "attributes" : [ {
            "@type" : "C_ATTRIBUTE",
            "rmAttributeName" : "value",
            "children" : [ {
              "@type" : "C_COMPLEX_OBJECT",
              "rmTypeName" : "DV_QUANTITY",
              "attributes" : [ {
                "@type" : "C_ATTRIBUTE",
                "rmAttributeName" : "property",
                "children" : [ {
                  "@type" : "C_TERMINOLOGY_CODE",
                  "terminologyId" : {
                    "value" : "openehr"
                  },
                  "constraint" : [ "122" ]
                } ]
              } ],
              "attributeTuples" : [ {
                "@type" : "C_ATTRIBUTE_TUPLE",
                "members" : [ {
                  "@type" : "C_ATTRIBUTE",
                  "rmAttributeName" : "units",
                  "children" : [ ]
                }, {
                  "@type" : "C_ATTRIBUTE",
                  "rmAttributeName" : "precision",
                  "children" : [ ]
                } ],
                "tuples" : [ {
                  "@type" : "C_PRIMITIVE_TUPLE",
                  "members" : [ {
                    "@type" : "C_STRING",
                    "constraint" : [ "m" ]
                  }, {
                    "@type" : "C_INTEGER",
                    "constraint" : [ {
                      "lower" : 2,
                      "upper" : 2,
                      "lowerIncluded" : true,
                      "upperIncluded" : true,
                      "lowerUnbounded" : false,
                      "upperUnbounded" : false
                    } ]
                  } ]
                } ]
              } ]
            } ]
          } ],
          "attributeTuples" : [ ]
        } ]
      } ],
      "attributeTuples" : [ ]
    },
    "terminology" : {
      "@type" : "ARCHETYPE_TERMINOLOGY",
      "conceptCode" : "at0000",
      "termDefinitions" : {
        "en" : { },
        "nb" : { },
        "de" : { }
      },
      "termBindings" : { },
      "terminologyExtracts" : { },
      "valueSets" : { }
    },
    "adlVersion" : "1.4",
    "buildUid" : "b33b7e7b-0b8a-4622-986d-cdf874efa032",
    "rmName" : "openehr",
    "rmRelease" : "1.1.0",
    "generated" : true,
    "otherMetaData" : { },
    "originalLanguage" : {
      "terminologyId" : {
        "value" : "ISO_639-1"
      },
      "codeString" : "en"
    },
    "translations" : [ {
      "@type" : "TRANSLATION_DETAILS",
      "language" : {
        "terminologyId" : {
          "value" : "ISO_639-1"
        },
        "codeString" : "de"
      },
      "author" : {
        "name" : "Natalia Strauch",
        "organisation" : "Medizinische Hochschule Hannover",
        "email" : "Strauch.Natalia@mh-hannover.de"
      },
      "otherDetails" : { }
    }, {
      "@type" : "TRANSLATION_DETAILS",
      "language" : {
        "terminologyId" : {
          "value" : "ISO_639-1"
        },
        "codeString" : "nb"
      },
      "author" : {
        "name" : "Liv Laugen, John Tore Valand, Vebjørn Arntzen, Kanika Kuwelker",
        "organisation" : "​Oslo University Hospital, Norway, Helse Bergen, Helse Vest IKT",
        "email" : "liv.laugen@ous-hf.no, john.tore.valand@helse-bergen.no, john.tore.valand@helse-vest-ikt.no, varntzen@ous-hf.no, kanika.kuwelker@helse-vest-ikt.no"
      },
      "otherDetails" : { }
    } ]
  }, {
    "@type" : "TEMPLATE_OVERLAY",
    "uid" : "5dde27f7-5241-489e-bb22-0a765a02fa02",
    "description" : {
      "@type" : "RESOURCE_DESCRIPTION",
      "originalAuthor" : { },
      "otherContributors" : [ ],
      "ipAcknowledgements" : { },
      "references" : { },
      "conversionDetails" : { },
      "otherDetails" : {
        "PARENT:MD5-CAM-1.0.1" : "A36E1D46F5D27FA50239A25435C2FC98"
      },
      "details" : { }
    },
    "parentArchetypeId" : "openEHR-EHR-CLUSTER.organisation.v0",
    "differential" : true,
    "archetypeId" : {
      "@type" : "ARCHETYPE_HRID",
      "value" : "openEHR-EHR-CLUSTER.ovl-organisation-002.v0"
    },
    "definition" : {
      "@type" : "C_COMPLEX_OBJECT",
      "rmTypeName" : "CLUSTER",
      "nodeId" : "at0000.1",
      "attributes" : [ ],
      "attributeTuples" : [ ]
    },
    "terminology" : {
      "@type" : "ARCHETYPE_TERMINOLOGY",
      "conceptCode" : "at0000",
      "termDefinitions" : {
        "en" : { },
        "nb" : { },
        "de" : { },
        "sv" : { }
      },
      "termBindings" : { },
      "terminologyExtracts" : { },
      "valueSets" : { }
    },
    "adlVersion" : "1.4",
    "buildUid" : "5e605fd4-83ed-4a66-9f26-4aa6e8411ea5",
    "rmName" : "openehr",
    "rmRelease" : "1.1.0",
    "generated" : true,
    "otherMetaData" : { },
    "originalLanguage" : {
      "terminologyId" : {
        "value" : "ISO_639-1"
      },
      "codeString" : "en"
    },
    "translations" : [ {
      "@type" : "TRANSLATION_DETAILS",
      "language" : {
        "terminologyId" : {
          "value" : "ISO_639-1"
        },
        "codeString" : "de"
      },
      "author" : {
        "name" : "Sarah Ballout",
        "organisation" : "MHH-Hanover",
        "email" : "ballout.sarah@mh-hannover.de"
      },
      "otherDetails" : { }
    }, {
      "@type" : "TRANSLATION_DETAILS",
      "language" : {
        "terminologyId" : {
          "value" : "ISO_639-1"
        },
        "codeString" : "sv"
      },
      "author" : {
        "name" : "Therese Lindberg",
        "organisation" : "Cambio CDS",
        "email" : "therese.lindberg@cambio.se"
      },
      "otherDetails" : { }
    }, {
      "@type" : "TRANSLATION_DETAILS",
      "language" : {
        "terminologyId" : {
          "value" : "ISO_639-1"
        },
        "codeString" : "nb"
      },
      "author" : {
        "name" : "Liv Laugen, John Tore Valand, Vebjørn Arntzen, Kanika Kuwelker",
        "organisation" : "​Oslo University Hospital, Norway, Helse Bergen, Helse Vest IKT",
        "email" : "liv.laugen@ous-hf.no, john.tore.valand@helse-bergen.no, john.tore.valand@helse-vest-ikt.no, varntzen@ous-hf.no, kanika.kuwelker@helse-vest-ikt.no"
      },
      "otherDetails" : { }
    } ]
  } ],
  "originalLanguage" : {
    "terminologyId" : {
      "value" : "ISO_639-1"
    },
    "codeString" : "en"
  },
  "translations" : [ {
    "@type" : "TRANSLATION_DETAILS",
    "language" : {
      "terminologyId" : {
        "value" : "ISO_639-1"
      },
      "codeString" : "de"
    },
    "author" : {
      "name" : "Natalia Strauch, Alina Rehberg",
      "organisation" : "Medizinische Hochschule Hannover",
      "email" : "Strauch.Natalia@mh-hannover.de, rehberg.alina@mh-hannover.de"
    },
    "otherDetails" : { }
  }, {
    "@type" : "TRANSLATION_DETAILS",
    "language" : {
      "terminologyId" : {
        "value" : "ISO_639-1"
      },
      "codeString" : "sv"
    },
    "author" : {
      "name" : "Elham Gholami",
      "organisation" : "SLL",
      "email" : "elham.gholami@sll.se"
    },
    "accreditation" : "Ackreditering",
    "otherDetails" : { }
  }, {
    "@type" : "TRANSLATION_DETAILS",
    "language" : {
      "terminologyId" : {
        "value" : "ISO_639-1"
      },
      "codeString" : "nb"
    },
    "author" : {
      "name" : "Liv Laugen, John Tore Valand, Vebjørn Arntzen, Kanika Kuwelker",
      "organisation" : "​Oslo University Hospital, Norway, Helse Bergen, Helse Vest IKT",
      "email" : "liv.laugen@ous-hf.no, john.tore.valand@helse-bergen.no, john.tore.valand@helse-vest-ikt.no, varntzen@ous-hf.no, kanika.kuwelker@helse-vest-ikt.no"
    },
    "otherDetails" : { }
  }, {
    "@type" : "TRANSLATION_DETAILS",
    "language" : {
      "terminologyId" : {
        "value" : "ISO_639-1"
      },
      "codeString" : "zh"
    },
    "author" : {
      "name" : "Yexuan Cheng",
      "organisation" : "浙江大学",
      "email" : "3160100913@zju.edu.cn"
    },
    "otherDetails" : { }
  } ]
}