{
  "@type" : "TEMPLATE",
  "uid" : "44854d84-1e0a-4451-8984-6413caed1b9b",
  "description" : {
    "@type" : "RESOURCE_DESCRIPTION",
    "originalAuthor" : { },
    "otherContributors" : [ ],
    "lifecycleState" : {
      "codeString" : "Initial"
    },
    "ipAcknowledgements" : { },
    "references" : { },
    "conversionDetails" : { },
    "otherDetails" : {
      "MetaDataSet:Sample Set " : "Template metadata sample set ",
      "Acknowledgements" : "",
      "Business Process Level" : "",
      "Care setting" : "",
      "Client group" : "",
      "Clinical Record Element" : "",
      "Copyright" : "",
      "Issues" : "",
      "Owner" : "",
      "Sign off" : "",
      "Speciality" : "",
      "User roles" : "",
      "MD5-CAM-1.0.1" : "a99334782bf7d981398dd28c60816616"
    },
    "details" : {
      "en" : {
        "@type" : "RESOURCE_DESCRIPTION_ITEM",
        "language" : {
          "terminologyId" : {
            "value" : "ISO_639-1"
          },
          "codeString" : "en"
        },
        "purpose" : "Example of an openEHR Medication order, profiled to fit an epSoS/Contsys prescription.",
        "use" : "",
        "misuse" : "",
        "originalResourceUri" : { },
        "otherDetails" : { }
      },
      "ar-sy" : {
        "@type" : "RESOURCE_DESCRIPTION_ITEM",
        "language" : {
          "terminologyId" : {
            "value" : "ISO_639-1"
          },
          "codeString" : "ar-sy"
        },
        "originalResourceUri" : { },
        "otherDetails" : {
          "notes" : "Generated automatically by Adl Designer"
        }
      }
    }
  },
  "parentArchetypeId" : "openEHR-EHR-COMPOSITION.prescription.v0",
  "differential" : true,
  "archetypeId" : {
    "@type" : "ARCHETYPE_HRID",
    "value" : "openEHR-EHR-COMPOSITION.t_prescription.v0"
  },
  "definition" : {
    "@type" : "C_COMPLEX_OBJECT",
    "rmTypeName" : "COMPOSITION",
    "nodeId" : "at0000.1",
    "attributes" : [ {
      "@type" : "C_ATTRIBUTE",
      "rmAttributeName" : "context",
      "children" : [ {
        "@type" : "C_COMPLEX_OBJECT",
        "rmTypeName" : "EVENT_CONTEXT",
        "attributes" : [ {
          "@type" : "C_ATTRIBUTE",
          "rmAttributeName" : "other_context",
          "children" : [ {
            "@type" : "C_COMPLEX_OBJECT",
            "rmTypeName" : "ITEM_TREE",
            "nodeId" : "at0001.1",
            "attributes" : [ {
              "@type" : "C_ATTRIBUTE",
              "rmAttributeName" : "items",
              "children" : [ {
                "@type" : "C_COMPLEX_OBJECT",
                "rmTypeName" : "ELEMENT",
                "occurrences" : "0..1",
                "nodeId" : "at0008.1",
                "attributes" : [ ],
                "attributeTuples" : [ ]
              } ]
            } ],
            "attributeTuples" : [ ]
          } ]
        } ],
        "attributeTuples" : [ ]
      } ]
    } ],
    "attributeTuples" : [ ],
    "attributeCustomizations" : {
      "composer" : {
        "aliases" : {
          "en" : "Prescriber",
          "ar-sy" : "Prescriber"
        }
      }
    }
  },
  "terminology" : {
    "@type" : "ARCHETYPE_TERMINOLOGY",
    "conceptCode" : "at0000",
    "termDefinitions" : {
      "en" : {
        "at0008.1" : {
          "@type" : "ARCHETYPE_TERM",
          "code" : "at0008.1",
          "text" : "Prescription Id",
          "description" : "An identifier for the prescription as a whole."
        }
      },
      "ar-sy" : {
        "at0008.1" : {
          "@type" : "ARCHETYPE_TERM",
          "code" : "at0008.1",
          "text" : "Prescription Id",
          "description" : "*An identifier for the prescription as a whole.(en)"
        }
      }
    },
    "termBindings" : { },
    "terminologyExtracts" : { },
    "valueSets" : { }
  },
  "adlVersion" : "1.4",
  "buildUid" : "396ed172-135f-3a97-9a0a-521fc2182063",
  "rmName" : "openehr",
  "rmRelease" : "1.1.0",
  "generated" : true,
  "templateId" : "ePrescription (epSoS_Contsys)",
  "otherMetaData" : { },
  "templateOverlays" : [ ],
  "originalLanguage" : {
    "terminologyId" : {
      "value" : "ISO_639-1"
    },
    "codeString" : "en"
  },
  "translations" : [ {
    "@type" : "TRANSLATION_DETAILS",
    "language" : {
      "terminologyId" : {
        "value" : "ISO_639-1"
      },
      "codeString" : "ar-sy"
    },
    "author" : {
      "name" : "Monica Saleh"
    },
    "otherDetails" : { }
  } ]
}