{
  "@type" : "TEMPLATE",
  "uid" : "0a162d55-7af6-4682-883e-c1100392c664",
  "description" : {
    "@type" : "RESOURCE_DESCRIPTION",
    "originalAuthor" : { },
    "otherContributors" : [ ],
    "lifecycleState" : {
      "codeString" : "Initial"
    },
    "ipAcknowledgements" : { },
    "references" : { },
    "conversionDetails" : { },
    "otherDetails" : {
      "MetaDataSet:Sample Set " : "Template metadata sample set ",
      "Acknowledgements" : "",
      "Business Process Level" : "",
      "Care setting" : "",
      "Client group" : "",
      "Clinical Record Element" : "",
      "Copyright" : "",
      "Issues" : "",
      "Owner" : "",
      "Sign off" : "",
      "Speciality" : "",
      "User roles" : "",
      "MD5-CAM-1.0.1" : "a5778bf23b8b76ef54199685175db1ba",
      "PARENT:MD5-CAM-1.0.1" : "8FE80F3E80C594AAF99D3BA540A53D73"
    },
    "details" : {
      "en" : {
        "@type" : "RESOURCE_DESCRIPTION_ITEM",
        "language" : {
          "terminologyId" : {
            "value" : "ISO_639-1"
          },
          "codeString" : "en"
        },
        "purpose" : "Represents openEHR mapping to epSOS CDA Medication Summary Section",
        "use" : "",
        "misuse" : "Should not be used for epSOS Prescription or Dispensation CDA",
        "copyright" : "openEHR Foundation",
        "originalResourceUri" : { },
        "otherDetails" : { }
      },
      "de" : {
        "@type" : "RESOURCE_DESCRIPTION_ITEM",
        "language" : {
          "terminologyId" : {
            "value" : "ISO_639-1"
          },
          "codeString" : "de"
        },
        "originalResourceUri" : { },
        "otherDetails" : {
          "notes" : "Generated automatically by Adl Designer"
        }
      },
      "ru" : {
        "@type" : "RESOURCE_DESCRIPTION_ITEM",
        "language" : {
          "terminologyId" : {
            "value" : "ISO_639-1"
          },
          "codeString" : "ru"
        },
        "originalResourceUri" : { },
        "otherDetails" : {
          "notes" : "Generated automatically by Adl Designer"
        }
      },
      "sv" : {
        "@type" : "RESOURCE_DESCRIPTION_ITEM",
        "language" : {
          "terminologyId" : {
            "value" : "ISO_639-1"
          },
          "codeString" : "sv"
        },
        "originalResourceUri" : { },
        "otherDetails" : {
          "notes" : "Generated automatically by Adl Designer"
        }
      },
      "es-ar" : {
        "@type" : "RESOURCE_DESCRIPTION_ITEM",
        "language" : {
          "terminologyId" : {
            "value" : "ISO_639-1"
          },
          "codeString" : "es-ar"
        },
        "originalResourceUri" : { },
        "otherDetails" : {
          "notes" : "Generated automatically by Adl Designer"
        }
      },
      "nb" : {
        "@type" : "RESOURCE_DESCRIPTION_ITEM",
        "language" : {
          "terminologyId" : {
            "value" : "ISO_639-1"
          },
          "codeString" : "nb"
        },
        "originalResourceUri" : { },
        "otherDetails" : {
          "notes" : "Generated automatically by Adl Designer"
        }
      },
      "pt-br" : {
        "@type" : "RESOURCE_DESCRIPTION_ITEM",
        "language" : {
          "terminologyId" : {
            "value" : "ISO_639-1"
          },
          "codeString" : "pt-br"
        },
        "originalResourceUri" : { },
        "otherDetails" : {
          "notes" : "Generated automatically by Adl Designer"
        }
      },
      "sl" : {
        "@type" : "RESOURCE_DESCRIPTION_ITEM",
        "language" : {
          "terminologyId" : {
            "value" : "ISO_639-1"
          },
          "codeString" : "sl"
        },
        "originalResourceUri" : { },
        "otherDetails" : {
          "notes" : "Generated automatically by Adl Designer"
        }
      },
      "it" : {
        "@type" : "RESOURCE_DESCRIPTION_ITEM",
        "language" : {
          "terminologyId" : {
            "value" : "ISO_639-1"
          },
          "codeString" : "it"
        },
        "originalResourceUri" : { },
        "otherDetails" : {
          "notes" : "Generated automatically by Adl Designer"
        }
      },
      "fr" : {
        "@type" : "RESOURCE_DESCRIPTION_ITEM",
        "language" : {
          "terminologyId" : {
            "value" : "ISO_639-1"
          },
          "codeString" : "fr"
        },
        "originalResourceUri" : { },
        "otherDetails" : {
          "notes" : "Generated automatically by Adl Designer"
        }
      }
    }
  },
  "annotations" : {
    "@type" : "RESOURCE_ANNOTATIONS",
    "documentation" : {
      "en" : {
        "" : {
          "CDA Mappings.CDA Implementation Document" : "epSOS Patient Summary",
          "CDA Mappings.CDA Template Name" : "Medication Summary Section",
          "CDA Mappings.CDA Template Name OID" : "1.3.6.1.4.1.12559.11.10.1.3.1.2.3",
          "CDA Mappings.Template Node Path Notes" : "Map Narrative block to openEHR /feeder_audit/original_content"
        }
      },
      "de" : {
        "" : {
          "CDA Mappings.CDA Implementation Document" : "epSOS Patient Summary",
          "CDA Mappings.CDA Template Name" : "Medication Summary Section",
          "CDA Mappings.CDA Template Name OID" : "1.3.6.1.4.1.12559.11.10.1.3.1.2.3",
          "CDA Mappings.Template Node Path Notes" : "Map Narrative block to openEHR /feeder_audit/original_content"
        }
      },
      "ru" : {
        "" : {
          "CDA Mappings.CDA Implementation Document" : "epSOS Patient Summary",
          "CDA Mappings.CDA Template Name" : "Medication Summary Section",
          "CDA Mappings.CDA Template Name OID" : "1.3.6.1.4.1.12559.11.10.1.3.1.2.3",
          "CDA Mappings.Template Node Path Notes" : "Map Narrative block to openEHR /feeder_audit/original_content"
        }
      },
      "sv" : {
        "" : {
          "CDA Mappings.CDA Implementation Document" : "epSOS Patient Summary",
          "CDA Mappings.CDA Template Name" : "Medication Summary Section",
          "CDA Mappings.CDA Template Name OID" : "1.3.6.1.4.1.12559.11.10.1.3.1.2.3",
          "CDA Mappings.Template Node Path Notes" : "Map Narrative block to openEHR /feeder_audit/original_content"
        }
      },
      "es-ar" : {
        "" : {
          "CDA Mappings.CDA Implementation Document" : "epSOS Patient Summary",
          "CDA Mappings.CDA Template Name" : "Medication Summary Section",
          "CDA Mappings.CDA Template Name OID" : "1.3.6.1.4.1.12559.11.10.1.3.1.2.3",
          "CDA Mappings.Template Node Path Notes" : "Map Narrative block to openEHR /feeder_audit/original_content"
        }
      },
      "nb" : {
        "" : {
          "CDA Mappings.CDA Implementation Document" : "epSOS Patient Summary",
          "CDA Mappings.CDA Template Name" : "Medication Summary Section",
          "CDA Mappings.CDA Template Name OID" : "1.3.6.1.4.1.12559.11.10.1.3.1.2.3",
          "CDA Mappings.Template Node Path Notes" : "Map Narrative block to openEHR /feeder_audit/original_content"
        }
      },
      "pt-br" : {
        "" : {
          "CDA Mappings.CDA Implementation Document" : "epSOS Patient Summary",
          "CDA Mappings.CDA Template Name" : "Medication Summary Section",
          "CDA Mappings.CDA Template Name OID" : "1.3.6.1.4.1.12559.11.10.1.3.1.2.3",
          "CDA Mappings.Template Node Path Notes" : "Map Narrative block to openEHR /feeder_audit/original_content"
        }
      },
      "sl" : {
        "" : {
          "CDA Mappings.CDA Implementation Document" : "epSOS Patient Summary",
          "CDA Mappings.CDA Template Name" : "Medication Summary Section",
          "CDA Mappings.CDA Template Name OID" : "1.3.6.1.4.1.12559.11.10.1.3.1.2.3",
          "CDA Mappings.Template Node Path Notes" : "Map Narrative block to openEHR /feeder_audit/original_content"
        }
      },
      "it" : {
        "" : {
          "CDA Mappings.CDA Implementation Document" : "epSOS Patient Summary",
          "CDA Mappings.CDA Template Name" : "Medication Summary Section",
          "CDA Mappings.CDA Template Name OID" : "1.3.6.1.4.1.12559.11.10.1.3.1.2.3",
          "CDA Mappings.Template Node Path Notes" : "Map Narrative block to openEHR /feeder_audit/original_content"
        }
      },
      "fr" : {
        "" : {
          "CDA Mappings.CDA Implementation Document" : "epSOS Patient Summary",
          "CDA Mappings.CDA Template Name" : "Medication Summary Section",
          "CDA Mappings.CDA Template Name OID" : "1.3.6.1.4.1.12559.11.10.1.3.1.2.3",
          "CDA Mappings.Template Node Path Notes" : "Map Narrative block to openEHR /feeder_audit/original_content"
        }
      }
    }
  },
  "parentArchetypeId" : "openEHR-EHR-SECTION.adhoc.v1",
  "differential" : true,
  "archetypeId" : {
    "@type" : "ARCHETYPE_HRID",
    "value" : "openEHR-EHR-SECTION.t_adhoc.v1"
  },
  "definition" : {
    "@type" : "C_COMPLEX_OBJECT",
    "rmTypeName" : "SECTION",
    "nodeId" : "at0000.1",
    "attributes" : [ ],
    "attributeTuples" : [ ],
    "attributeCustomizations" : {
      "feeder_audit" : {
        "aliases" : {
          "en" : "Narrative",
          "ru" : "Narrative",
          "es-ar" : "Narrative",
          "sl" : "Narrative",
          "nb" : "Narrative",
          "pt-br" : "Narrative",
          "sv" : "Narrative",
          "de" : "Narrative",
          "it" : "Narrative",
          "fr" : "Narrative"
        }
      }
    }
  },
  "terminology" : {
    "@type" : "ARCHETYPE_TERMINOLOGY",
    "conceptCode" : "at0000",
    "termDefinitions" : {
      "en" : {
        "at0000.1" : {
          "@type" : "ARCHETYPE_TERM",
          "code" : "at0000.1",
          "text" : "History of Medication Use (LOINC::10160-0)",
          "description" : "A generic section header which should be renamed in a template to suit a specific clinical context."
        }
      },
      "ru" : {
        "at0000.1" : {
          "@type" : "ARCHETYPE_TERM",
          "code" : "at0000.1",
          "text" : "History of Medication Use (LOINC::10160-0)",
          "description" : "Образец заголовка раздела"
        }
      },
      "es-ar" : {
        "at0000.1" : {
          "@type" : "ARCHETYPE_TERM",
          "code" : "at0000.1",
          "text" : "History of Medication Use (LOINC::10160-0)",
          "description" : "Un encabezado de sección de tipo genérico que será renombrado en una plantilla para su empleo en un contexto clínico específico."
        }
      },
      "sl" : {
        "at0000.1" : {
          "@type" : "ARCHETYPE_TERM",
          "code" : "at0000.1",
          "text" : "History of Medication Use (LOINC::10160-0)",
          "description" : "Naslov sekcije"
        }
      },
      "nb" : {
        "at0000.1" : {
          "@type" : "ARCHETYPE_TERM",
          "code" : "at0000.1",
          "text" : "History of Medication Use (LOINC::10160-0)",
          "description" : "En generisk seksjonsoverskrift som skal gis nytt navn i en templat for å passe i en gitt klinisk kontekst."
        }
      },
      "pt-br" : {
        "at0000.1" : {
          "@type" : "ARCHETYPE_TERM",
          "code" : "at0000.1",
          "text" : "History of Medication Use (LOINC::10160-0)",
          "description" : "Um cabeçalho de sessão genérico que deve ser renomeado no template para adequar-se a um contexto clínico específico."
        }
      },
      "sv" : {
        "at0000.1" : {
          "@type" : "ARCHETYPE_TERM",
          "code" : "at0000.1",
          "text" : "History of Medication Use (LOINC::10160-0)",
          "description" : "En allmän avsnittsrubrik som döps om i en openEHR-mall för att passa in i en specifik klinisk kontext."
        }
      },
      "de" : {
        "at0000.1" : {
          "@type" : "ARCHETYPE_TERM",
          "code" : "at0000.1",
          "text" : "History of Medication Use (LOINC::10160-0)",
          "description" : "Eine generische Abschnittsüberschrift eines Templates, welche entsprechend dem spezifischen klinischen Kontext umbenannt werden sollte."
        }
      },
      "it" : {
        "at0000.1" : {
          "@type" : "ARCHETYPE_TERM",
          "code" : "at0000.1",
          "text" : "History of Medication Use (LOINC::10160-0)",
          "description" : "Un'intestazione di sezione generica che dovrebbe essere rinominata in un template per adattarsi ad uno specifico contesto clinico."
        }
      },
      "fr" : {
        "at0000.1" : {
          "@type" : "ARCHETYPE_TERM",
          "code" : "at0000.1",
          "text" : "History of Medication Use (LOINC::10160-0)",
          "description" : "Un en-tête de section générique qui doit être renommé dans un modèle pour s'adapter à un contexte clinique spécifique."
        }
      }
    },
    "termBindings" : { },
    "terminologyExtracts" : { },
    "valueSets" : { }
  },
  "adlVersion" : "1.4",
  "buildUid" : "c278c0e3-c56b-3074-b171-33bfbba40fc5",
  "rmName" : "openehr",
  "rmRelease" : "1.1.0",
  "generated" : true,
  "templateId" : "epSOS Medication Summary Section 1.3.6.1.4.1.12559.11.10.1.3.1.2.3",
  "otherMetaData" : { },
  "templateOverlays" : [ ],
  "originalLanguage" : {
    "terminologyId" : {
      "value" : "ISO_639-1"
    },
    "codeString" : "en"
  },
  "translations" : [ {
    "@type" : "TRANSLATION_DETAILS",
    "language" : {
      "terminologyId" : {
        "value" : "ISO_639-1"
      },
      "codeString" : "de"
    },
    "author" : {
      "name" : "Ramona Wellmann",
      "organisation" : "Medizinische Hochschule Hannover",
      "email" : "wellmann.ramona@mh-hannover.de"
    },
    "otherDetails" : { }
  }, {
    "@type" : "TRANSLATION_DETAILS",
    "language" : {
      "terminologyId" : {
        "value" : "ISO_639-1"
      },
      "codeString" : "ru"
    },
    "author" : {
      "name" : "Art Latyp Латыпов Артур Шамилевич",
      "organisation" : "RusBITech РусБИТех, Москва"
    },
    "otherDetails" : { }
  }, {
    "@type" : "TRANSLATION_DETAILS",
    "language" : {
      "terminologyId" : {
        "value" : "ISO_639-1"
      },
      "codeString" : "sv"
    },
    "author" : {
      "name" : "Daniel Hall",
      "organisation" : "Region Östergötland",
      "email" : "daniel.hall@regionostergotland.se"
    },
    "accreditation" : "Åsa Skagerhult, Lisa Axelsson",
    "otherDetails" : { }
  }, {
    "@type" : "TRANSLATION_DETAILS",
    "language" : {
      "terminologyId" : {
        "value" : "ISO_639-1"
      },
      "codeString" : "es-ar"
    },
    "author" : {
      "name" : "Alan March",
      "organisation" : "Hospital Universitario Austral, Buenos Aires, Argentina"
    },
    "otherDetails" : { }
  }, {
    "@type" : "TRANSLATION_DETAILS",
    "language" : {
      "terminologyId" : {
        "value" : "ISO_639-1"
      },
      "codeString" : "nb"
    },
    "author" : {
      "einar.fosse@unn.no" : "einar.fosse@unn.no",
      "name" : "Einar Fosse",
      "organisation" : "Norwegian Centre for Integrated Care and Telemedicine, Tromsø, Norway"
    },
    "otherDetails" : { }
  }, {
    "@type" : "TRANSLATION_DETAILS",
    "language" : {
      "terminologyId" : {
        "value" : "ISO_639-1"
      },
      "codeString" : "pt-br"
    },
    "author" : {
      "name" : "Vladimir Pizzo",
      "organisation" : "Hospital Sírio Libanês, São Paulo, Brazil",
      "email" : "vladimir.pizzo@hsl.org.br"
    },
    "otherDetails" : { }
  }, {
    "@type" : "TRANSLATION_DETAILS",
    "language" : {
      "terminologyId" : {
        "value" : "ISO_639-1"
      },
      "codeString" : "sl"
    },
    "author" : {
      "name" : "?"
    },
    "otherDetails" : { }
  }, {
    "@type" : "TRANSLATION_DETAILS",
    "language" : {
      "terminologyId" : {
        "value" : "ISO_639-1"
      },
      "codeString" : "it"
    },
    "author" : {
      "name" : "Paolo Anedda",
      "organisation" : "Inpeco",
      "email" : "paolo.anedda@inpeco.com"
    },
    "otherDetails" : { }
  }, {
    "@type" : "TRANSLATION_DETAILS",
    "language" : {
      "terminologyId" : {
        "value" : "ISO_639-1"
      },
      "codeString" : "fr"
    },
    "author" : {
      "name" : "Vanessa Pereira",
      "organisation" : "Better - Pathfinder",
      "email" : "vanessapereira@protonmail.com"
    },
    "otherDetails" : { }
  } ]
}