{
  "@type" : "TEMPLATE",
  "uid" : "0e0e64eb-45b2-4369-996d-694c2e70e2cc",
  "description" : {
    "@type" : "RESOURCE_DESCRIPTION",
    "originalAuthor" : {
      "date" : "2022-11-28"
    },
    "otherContributors" : [ ],
    "lifecycleState" : {
      "codeString" : "unmanaged"
    },
    "ipAcknowledgements" : { },
    "references" : { },
    "conversionDetails" : { },
    "otherDetails" : {
      "licence" : "",
      "custodian_organisation" : "",
      "original_namespace" : "",
      "original_publisher" : "",
      "custodian_namespace" : "",
      "sem_ver" : "1.0.1",
      "build_uid" : "",
      "MD5-CAM-1.0.1" : "1dead8e494e25712df502a65fe66b3ff",
      "PARENT:MD5-CAM-1.0.1" : "005501C1FA493A4838F5F1121F2870EC"
    },
    "details" : {
      "de" : {
        "@type" : "RESOURCE_DESCRIPTION_ITEM",
        "language" : {
          "terminologyId" : {
            "value" : "ISO_639-1"
          },
          "codeString" : "de"
        },
        "keywords" : [ ],
        "originalResourceUri" : { },
        "otherDetails" : { }
      },
      "sv" : {
        "@type" : "RESOURCE_DESCRIPTION_ITEM",
        "language" : {
          "terminologyId" : {
            "value" : "ISO_639-1"
          },
          "codeString" : "sv"
        },
        "keywords" : [ ],
        "originalResourceUri" : { },
        "otherDetails" : { }
      },
      "fi" : {
        "@type" : "RESOURCE_DESCRIPTION_ITEM",
        "language" : {
          "terminologyId" : {
            "value" : "ISO_639-1"
          },
          "codeString" : "fi"
        },
        "keywords" : [ ],
        "originalResourceUri" : { },
        "otherDetails" : { }
      },
      "ko" : {
        "@type" : "RESOURCE_DESCRIPTION_ITEM",
        "language" : {
          "terminologyId" : {
            "value" : "ISO_639-1"
          },
          "codeString" : "ko"
        },
        "keywords" : [ ],
        "originalResourceUri" : { },
        "otherDetails" : { }
      },
      "pt-br" : {
        "@type" : "RESOURCE_DESCRIPTION_ITEM",
        "language" : {
          "terminologyId" : {
            "value" : "ISO_639-1"
          },
          "codeString" : "pt-br"
        },
        "keywords" : [ ],
        "originalResourceUri" : { },
        "otherDetails" : { }
      },
      "en" : {
        "@type" : "RESOURCE_DESCRIPTION_ITEM",
        "language" : {
          "terminologyId" : {
            "value" : "ISO_639-1"
          },
          "codeString" : "en"
        },
        "keywords" : [ ],
        "originalResourceUri" : { },
        "otherDetails" : { }
      },
      "ar-sy" : {
        "@type" : "RESOURCE_DESCRIPTION_ITEM",
        "language" : {
          "terminologyId" : {
            "value" : "ISO_639-1"
          },
          "codeString" : "ar-sy"
        },
        "keywords" : [ ],
        "originalResourceUri" : { },
        "otherDetails" : { }
      },
      "it" : {
        "@type" : "RESOURCE_DESCRIPTION_ITEM",
        "language" : {
          "terminologyId" : {
            "value" : "ISO_639-1"
          },
          "codeString" : "it"
        },
        "keywords" : [ ],
        "originalResourceUri" : { },
        "otherDetails" : { }
      },
      "zh" : {
        "@type" : "RESOURCE_DESCRIPTION_ITEM",
        "language" : {
          "terminologyId" : {
            "value" : "ISO_639-1"
          },
          "codeString" : "zh"
        },
        "keywords" : [ ],
        "originalResourceUri" : { },
        "otherDetails" : { }
      },
      "nb" : {
        "@type" : "RESOURCE_DESCRIPTION_ITEM",
        "language" : {
          "terminologyId" : {
            "value" : "ISO_639-1"
          },
          "codeString" : "nb"
        },
        "keywords" : [ ],
        "originalResourceUri" : { },
        "otherDetails" : { }
      },
      "es-ar" : {
        "@type" : "RESOURCE_DESCRIPTION_ITEM",
        "language" : {
          "terminologyId" : {
            "value" : "ISO_639-1"
          },
          "codeString" : "es-ar"
        },
        "keywords" : [ ],
        "originalResourceUri" : { },
        "otherDetails" : { }
      },
      "sl" : {
        "@type" : "RESOURCE_DESCRIPTION_ITEM",
        "language" : {
          "terminologyId" : {
            "value" : "ISO_639-1"
          },
          "codeString" : "sl"
        },
        "keywords" : [ ],
        "originalResourceUri" : { },
        "otherDetails" : { }
      },
      "nl" : {
        "@type" : "RESOURCE_DESCRIPTION_ITEM",
        "language" : {
          "terminologyId" : {
            "value" : "ISO_639-1"
          },
          "codeString" : "nl"
        },
        "keywords" : [ ],
        "originalResourceUri" : { },
        "otherDetails" : { }
      }
    }
  },
  "parentArchetypeId" : "openEHR-EHR-COMPOSITION.report.v1",
  "differential" : true,
  "archetypeId" : {
    "@type" : "ARCHETYPE_HRID",
    "value" : "openEHR-EHR-COMPOSITION.t_report.v1"
  },
  "definition" : {
    "@type" : "C_COMPLEX_OBJECT",
    "rmTypeName" : "COMPOSITION",
    "nodeId" : "at0000.1",
    "attributes" : [ {
      "@type" : "C_ATTRIBUTE",
      "rmAttributeName" : "context",
      "children" : [ {
        "@type" : "C_COMPLEX_OBJECT",
        "rmTypeName" : "EVENT_CONTEXT",
        "attributes" : [ ],
        "attributeTuples" : [ ]
      } ]
    }, {
      "@type" : "C_ATTRIBUTE",
      "rmAttributeName" : "content",
      "existence" : "0..1",
      "cardinality" : {
        "@type" : "CARDINALITY",
        "interval" : "1..*",
        "ordered" : false,
        "unique" : false
      },
      "children" : [ {
        "@type" : "C_ARCHETYPE_ROOT",
        "rmTypeName" : "OBSERVATION",
        "occurrences" : "0..1",
        "nodeId" : "at0.2",
        "attributes" : [ ],
        "attributeTuples" : [ ],
        "archetypeRef" : "openEHR-EHR-OBSERVATION.ovl-ecg_result-001.v1",
        "referenceType" : "archetypeOverlay"
      } ]
    } ],
    "attributeTuples" : [ ]
  },
  "terminology" : {
    "@type" : "ARCHETYPE_TERMINOLOGY",
    "conceptCode" : "at0000",
    "termDefinitions" : {
      "ar-sy" : {
        "at0000.1" : {
          "@type" : "ARCHETYPE_TERM",
          "code" : "at0000.1",
          "text" : "geneticDisordersPAH-ekg-v1",
          "description" : "وثيقة لتوصيل المعلومات للآخرين, عادة كاستجابة لطلب من طرف آخر."
        }
      },
      "sl" : {
        "at0000.1" : {
          "@type" : "ARCHETYPE_TERM",
          "code" : "at0000.1",
          "text" : "geneticDisordersPAH-ekg-v1",
          "description" : "*Document to communicate information to others, commonly in response to a request from another party.(en)"
        }
      },
      "en" : {
        "at0000.1" : {
          "@type" : "ARCHETYPE_TERM",
          "code" : "at0000.1",
          "text" : "geneticDisordersPAH-ekg-v1",
          "description" : "Document to communicate information to others, commonly in response to a request from another party."
        }
      },
      "es-ar" : {
        "at0000.1" : {
          "@type" : "ARCHETYPE_TERM",
          "code" : "at0000.1",
          "text" : "geneticDisordersPAH-ekg-v1",
          "description" : "Documento para comunicar información a otros, comunmente en respuesta a la solicitud de un tercero."
        }
      },
      "pt-br" : {
        "at0000.1" : {
          "@type" : "ARCHETYPE_TERM",
          "code" : "at0000.1",
          "text" : "geneticDisordersPAH-ekg-v1",
          "description" : "Documento para comunicar informações a outros, comumente em resposta a uma solicitação de terceiros."
        }
      },
      "nb" : {
        "at0000.1" : {
          "@type" : "ARCHETYPE_TERM",
          "code" : "at0000.1",
          "text" : "geneticDisordersPAH-ekg-v1",
          "description" : "Dokument som brukes for å kommunisere informasjon til andre, ofte som svar på en forespørsel."
        }
      },
      "de" : {
        "at0000.1" : {
          "@type" : "ARCHETYPE_TERM",
          "code" : "at0000.1",
          "text" : "geneticDisordersPAH-ekg-v1",
          "description" : "Ein Dokument zur Übermittlung von Informationen an andere, meist als Antwort auf eine Anfrage."
        }
      },
      "ko" : {
        "at0000.1" : {
          "@type" : "ARCHETYPE_TERM",
          "code" : "at0000.1",
          "text" : "geneticDisordersPAH-ekg-v1",
          "description" : "일반적으로 다른 상대의 요청에 대한 응답으로, 다른 사람들과 정보를 통신하는 문서."
        }
      },
      "fi" : {
        "at0000.1" : {
          "@type" : "ARCHETYPE_TERM",
          "code" : "at0000.1",
          "text" : "geneticDisordersPAH-ekg-v1",
          "description" : "Asiakirja tiedon välittämiseksi muille, vastauksena yleensä toisen osapuolen pyyntöön."
        }
      },
      "it" : {
        "at0000.1" : {
          "@type" : "ARCHETYPE_TERM",
          "code" : "at0000.1",
          "text" : "geneticDisordersPAH-ekg-v1",
          "description" : "Documento per comunicare informazioni ad altri, comunemente in risposta ad una richiesta di un altro soggetto."
        }
      },
      "nl" : {
        "at0000.1" : {
          "@type" : "ARCHETYPE_TERM",
          "code" : "at0000.1",
          "text" : "geneticDisordersPAH-ekg-v1",
          "description" : "Document om informatie met anderen te communiceren, vaak op verzoek van een andere partij."
        }
      },
      "sv" : {
        "at0000.1" : {
          "@type" : "ARCHETYPE_TERM",
          "code" : "at0000.1",
          "text" : "geneticDisordersPAH-ekg-v1",
          "description" : "Dokument för att förmedla information till andra, vanligen som svar på en begäran från en annan part."
        }
      },
      "zh" : {
        "at0000.1" : {
          "@type" : "ARCHETYPE_TERM",
          "code" : "at0000.1",
          "text" : "geneticDisordersPAH-ekg-v1",
          "description" : "用于交流信息的文件，通常是为了响应某一方的请求"
        }
      }
    },
    "termBindings" : { },
    "terminologyExtracts" : { },
    "valueSets" : { }
  },
  "adlVersion" : "1.4",
  "buildUid" : "b057d0e0-45b9-3d97-ab87-3004b7f6d386",
  "rmName" : "openehr",
  "rmRelease" : "1.1.0",
  "generated" : true,
  "templateId" : "geneticDisordersPAH-ekg-v1",
  "otherMetaData" : { },
  "templateOverlays" : [ {
    "@type" : "TEMPLATE_OVERLAY",
    "uid" : "8ee6f05a-9dd3-4bec-b307-26a40d36f6a1",
    "description" : {
      "@type" : "RESOURCE_DESCRIPTION",
      "originalAuthor" : { },
      "otherContributors" : [ ],
      "ipAcknowledgements" : { },
      "references" : { },
      "conversionDetails" : { },
      "otherDetails" : {
        "PARENT:MD5-CAM-1.0.1" : "F0CDAB35DB0614EC716AE837F7A2B378"
      },
      "details" : {
        "de" : {
          "@type" : "RESOURCE_DESCRIPTION_ITEM",
          "language" : {
            "terminologyId" : {
              "value" : "ISO_639-1"
            },
            "codeString" : "de"
          },
          "purpose" : "Zur Dokumentation der erzeugten elektrischen Aktivität des Herzens über einen kurzen Zeitraum und der entsprechenden klinischen Interpretation.",
          "keywords" : [ "Elektrokardiograf", "ECG", "EKG", "Electrokardiogramm", "Elektrokardiografie", "3-Kanal", "5-Kanal", "15-Kanal12-Kanal", "Belastungs-EKG", "Ruhe-EKG", "Rhythmusstreifen", "Standard-EKG", "18-Kanal" ],
          "use" : "Verwenden Sie diesen Archetyp zur Dokumentation der Ergebnisse eines 3-, 5-, 12-, 15- oder 18-Kanal-Elektrokardiogramms (EKG), sowie der entsprechenden klinischen Interpretation. Jede EKG Variante kann durch ein separates Template weiter eingeschränkt werden um eine einfache Wiederverwendung zu erlauben.\r\n\r\nDas standardmäßig gesetzte 'Beliebiges Ereignis' kann in Templates oder bei Laufzeit eingeschränkt werden, um spezifische EKG Messungen während körperlicher Betätigung oder Belastung aufzuzeichnen.",
          "misuse" : "Nicht zur Aufzeichnung der Ergebnisse von ambulanter Herzüberwachung oder stationärer Telemetrie verwenden.\r\n\r\nNicht zur Aufzeichnung von Ergebnisse der transösophagealen Echokardiografie Untersuchung (TEE) verwenden.",
          "originalResourceUri" : { },
          "otherDetails" : { }
        },
        "nb" : {
          "@type" : "RESOURCE_DESCRIPTION_ITEM",
          "language" : {
            "terminologyId" : {
              "value" : "ISO_639-1"
            },
            "codeString" : "nb"
          },
          "purpose" : "For å registrere målinger av elektrisk aktivitet generert av hjertet i en kort tidsperiode, og kliniske tolkninger av denne målingen.",
          "keywords" : [ "elektrokardiograf", "ECG", "EKG", "elektrokardiogram", "3-avleding", "5-avledning", "15-avledning", "12-avledning", "stress-EKG", "hvilende EKG", "18-avledning", "belastnings-ekg", "arbeids-ekg", "rytmeforstyrrelse", "hjerteundersøkelse", "hjertediagram" ],
          "use" : "Brukes for å registrere resultatene av et 3-, 5-, 12-, 15- eller 18-avlednings elektrokardiogram (EKG), og tilknyttede kliniske tolkninger. Hver variant av EKG kan uttrykkes som tilpasninger av arketypen i et templat, for å legge til rette for enkel gjenbruk.\r\n\r\n\"Uspesifisert hendelse\" kan tilpasses i templater eller applikasjoner for å spesifikt registrere EKGer som er tatt under fysisk belastning.",
          "misuse" : "Skal ikke brukes for å registrere resultater fra ambulatorisk EKG-monitorering eller telemetri.\r\n\r\nSkal ikke brukes for å registrere resultater fra transøsofageal elektrokardiografi.",
          "originalResourceUri" : { },
          "otherDetails" : { }
        },
        "en" : {
          "@type" : "RESOURCE_DESCRIPTION_ITEM",
          "language" : {
            "terminologyId" : {
              "value" : "ISO_639-1"
            },
            "codeString" : "en"
          },
          "purpose" : "To record the measurements of electrical activity generated by the heart over a short period of time and its associated clinical interpretation.",
          "keywords" : [ "electrocardiograph", "ECG", "EKG", "electrocardiogram", "electrocardiography", "3 lead", "5 lead", "15 lead", "12 lead", "stress ECG", "resting ECG", "rhythm strip", "standard ECG", "18 lead" ],
          "use" : "Use to record the results of a 3-, 5-, 12-, 15- or 18-lead electrocardiograph (ECG) and its associated clinical interpretation. Each ECG variation can be constrained in a separate template to allow for easy re-use.\r\n\r\nThe default 'Any event' can be constrained in templates or at run time to specifically record ECGs conducted during exercise or under stress-testing conditions.",
          "misuse" : "Not to be used to record the results from ongoing cardiac monitoring or telemetry.\r\n\r\nNot to be used to record results from trans-oesophageal electrophysiological studies.",
          "copyright" : "© openEHR Foundation",
          "originalResourceUri" : { },
          "otherDetails" : { }
        },
        "ar-sy" : {
          "@type" : "RESOURCE_DESCRIPTION_ITEM",
          "language" : {
            "terminologyId" : {
              "value" : "ISO_639-1"
            },
            "codeString" : "ar-sy"
          },
          "purpose" : "لتسجيل تفسير تخطيط كهربية القلب عن النشاط الكهربي للقلب باستخدام جهيزة مخطط كهربية القلب.",
          "keywords" : [ "مُخَطَّط كهربية القلب", "عملية تخطيط كهربية القلب", "12 اتجاه" ],
          "use" : "يستخدم لتسجيل تفاصيل تخطيط كهربية القلب الذي يستخدم 12 اتجاه بما في ذلك المعايير و التفسير.\r\nيستخدم لتسجيل تفاصيل اختبارات تخطيط كهربية القلب الذي يتم إجراؤه في أثناء المجهود البدني و الاختبار عند وجود ضغط.",
          "misuse" : "لا يستخدم لتسجيل الاتجهات غير العيارية لتخطيط كهربية القلب.\r\nلا يستخدم لتسجيل مِرقَب /مِنطَر هولتر.",
          "copyright" : "© openEHR Foundation",
          "originalResourceUri" : { },
          "otherDetails" : { }
        }
      }
    },
    "parentArchetypeId" : "openEHR-EHR-OBSERVATION.ecg_result.v1",
    "differential" : true,
    "archetypeId" : {
      "@type" : "ARCHETYPE_HRID",
      "value" : "openEHR-EHR-OBSERVATION.ovl-ecg_result-001.v1"
    },
    "definition" : {
      "@type" : "C_COMPLEX_OBJECT",
      "rmTypeName" : "OBSERVATION",
      "nodeId" : "at0000.1",
      "attributes" : [ {
        "@type" : "C_ATTRIBUTE",
        "rmAttributeName" : "data",
        "children" : [ {
          "@type" : "C_COMPLEX_OBJECT",
          "rmTypeName" : "HISTORY",
          "nodeId" : "at0001",
          "attributes" : [ {
            "@type" : "C_ATTRIBUTE",
            "rmAttributeName" : "events",
            "children" : [ {
              "@type" : "C_COMPLEX_OBJECT",
              "rmTypeName" : "EVENT",
              "nodeId" : "at0002.1",
              "attributes" : [ {
                "@type" : "C_ATTRIBUTE",
                "rmAttributeName" : "data",
                "children" : [ {
                  "@type" : "C_COMPLEX_OBJECT",
                  "rmTypeName" : "ITEM_TREE",
                  "nodeId" : "at0005",
                  "attributes" : [ {
                    "@type" : "C_ATTRIBUTE",
                    "rmAttributeName" : "items",
                    "children" : [ {
                      "@type" : "C_COMPLEX_OBJECT",
                      "rmTypeName" : "ELEMENT",
                      "nodeId" : "at0100.1",
                      "attributes" : [ {
                        "@type" : "C_ATTRIBUTE",
                        "rmAttributeName" : "value",
                        "children" : [ {
                          "@type" : "C_COMPLEX_OBJECT",
                          "rmTypeName" : "DV_CODED_TEXT",
                          "occurrences" : "1..1",
                          "attributes" : [ {
                            "@type" : "C_ATTRIBUTE",
                            "rmAttributeName" : "defining_code",
                            "children" : [ {
                              "@type" : "C_TERMINOLOGY_CODE",
                              "rmTypeName" : "TERMINOLOGY_CODE",
                              "occurrences" : "0..1",
                              "terminologyId" : {
                                "value" : "local_afib"
                              },
                              "constraint" : [ ],
                              "selectedTerminologies" : [ "local_afib" ],
                              "includedExternalTerminologyCodes" : [ {
                                "terminologyId" : "local_afib",
                                "code" : "0",
                                "value" : "Irama sinus"
                              }, {
                                "terminologyId" : "local_afib",
                                "code" : "1",
                                "value" : "Irama atrial"
                              }, {
                                "terminologyId" : "local_afib",
                                "code" : "2",
                                "value" : "Irama ventricular"
                              } ]
                            } ]
                          } ],
                          "attributeTuples" : [ ]
                        } ]
                      } ],
                      "attributeTuples" : [ ]
                    }, {
                      "@type" : "C_COMPLEX_OBJECT",
                      "rmTypeName" : "ELEMENT",
                      "occurrences" : "0..0",
                      "nodeId" : "at0094.1",
                      "attributes" : [ {
                        "@type" : "C_ATTRIBUTE",
                        "rmAttributeName" : "value",
                        "children" : [ {
                          "@type" : "C_COMPLEX_OBJECT",
                          "rmTypeName" : "DV_QUANTITY",
                          "attributes" : [ {
                            "@type" : "C_ATTRIBUTE",
                            "rmAttributeName" : "property",
                            "children" : [ {
                              "@type" : "C_TERMINOLOGY_CODE",
                              "occurrences" : "0..1",
                              "terminologyId" : {
                                "value" : "openehr"
                              },
                              "constraint" : [ "382" ]
                            } ]
                          } ],
                          "attributeTuples" : [ {
                            "@type" : "C_ATTRIBUTE_TUPLE",
                            "members" : [ {
                              "@type" : "C_ATTRIBUTE",
                              "rmAttributeName" : "units",
                              "children" : [ ]
                            }, {
                              "@type" : "C_ATTRIBUTE",
                              "rmAttributeName" : "magnitude",
                              "children" : [ ]
                            }, {
                              "@type" : "C_ATTRIBUTE",
                              "rmAttributeName" : "precision",
                              "children" : [ ]
                            } ],
                            "tuples" : [ {
                              "@type" : "C_PRIMITIVE_TUPLE",
                              "members" : [ {
                                "@type" : "C_STRING",
                                "rmTypeName" : "STRING",
                                "constraint" : [ "/min" ]
                              }, {
                                "@type" : "C_REAL",
                                "rmTypeName" : "REAL",
                                "constraint" : [ {
                                  "lower" : 0.0,
                                  "lowerIncluded" : true,
                                  "upperIncluded" : false,
                                  "lowerUnbounded" : false,
                                  "upperUnbounded" : true
                                } ]
                              }, {
                                "@type" : "C_INTEGER",
                                "rmTypeName" : "INTEGER",
                                "constraint" : [ {
                                  "lower" : 0,
                                  "upper" : 0,
                                  "lowerIncluded" : true,
                                  "upperIncluded" : true,
                                  "lowerUnbounded" : false,
                                  "upperUnbounded" : false
                                } ]
                              } ]
                            } ]
                          } ]
                        } ]
                      } ],
                      "attributeTuples" : [ ]
                    }, {
                      "@type" : "C_COMPLEX_OBJECT",
                      "rmTypeName" : "ELEMENT",
                      "occurrences" : "0..0",
                      "nodeId" : "at0013.1",
                      "attributes" : [ {
                        "@type" : "C_ATTRIBUTE",
                        "rmAttributeName" : "value",
                        "children" : [ {
                          "@type" : "C_COMPLEX_OBJECT",
                          "rmTypeName" : "DV_QUANTITY",
                          "attributes" : [ {
                            "@type" : "C_ATTRIBUTE",
                            "rmAttributeName" : "property",
                            "children" : [ {
                              "@type" : "C_TERMINOLOGY_CODE",
                              "occurrences" : "0..1",
                              "terminologyId" : {
                                "value" : "openehr"
                              },
                              "constraint" : [ "382" ]
                            } ]
                          } ],
                          "attributeTuples" : [ {
                            "@type" : "C_ATTRIBUTE_TUPLE",
                            "members" : [ {
                              "@type" : "C_ATTRIBUTE",
                              "rmAttributeName" : "units",
                              "children" : [ ]
                            }, {
                              "@type" : "C_ATTRIBUTE",
                              "rmAttributeName" : "magnitude",
                              "children" : [ ]
                            }, {
                              "@type" : "C_ATTRIBUTE",
                              "rmAttributeName" : "precision",
                              "children" : [ ]
                            } ],
                            "tuples" : [ {
                              "@type" : "C_PRIMITIVE_TUPLE",
                              "members" : [ {
                                "@type" : "C_STRING",
                                "rmTypeName" : "STRING",
                                "constraint" : [ "/min" ]
                              }, {
                                "@type" : "C_REAL",
                                "rmTypeName" : "REAL",
                                "constraint" : [ {
                                  "lower" : 0.0,
                                  "lowerIncluded" : true,
                                  "upperIncluded" : false,
                                  "lowerUnbounded" : false,
                                  "upperUnbounded" : true
                                } ]
                              }, {
                                "@type" : "C_INTEGER",
                                "rmTypeName" : "INTEGER",
                                "constraint" : [ {
                                  "lower" : 0,
                                  "upper" : 0,
                                  "lowerIncluded" : true,
                                  "upperIncluded" : true,
                                  "lowerUnbounded" : false,
                                  "upperUnbounded" : false
                                } ]
                              } ]
                            } ]
                          } ]
                        } ]
                      } ],
                      "attributeTuples" : [ ]
                    }, {
                      "@type" : "C_COMPLEX_OBJECT",
                      "rmTypeName" : "ELEMENT",
                      "occurrences" : "0..0",
                      "nodeId" : "at0007.1",
                      "attributes" : [ {
                        "@type" : "C_ATTRIBUTE",
                        "rmAttributeName" : "value",
                        "children" : [ {
                          "@type" : "C_COMPLEX_OBJECT",
                          "rmTypeName" : "DV_QUANTITY",
                          "attributes" : [ {
                            "@type" : "C_ATTRIBUTE",
                            "rmAttributeName" : "property",
                            "children" : [ {
                              "@type" : "C_TERMINOLOGY_CODE",
                              "occurrences" : "0..1",
                              "terminologyId" : {
                                "value" : "openehr"
                              },
                              "constraint" : [ "128" ]
                            } ]
                          } ],
                          "attributeTuples" : [ {
                            "@type" : "C_ATTRIBUTE_TUPLE",
                            "members" : [ {
                              "@type" : "C_ATTRIBUTE",
                              "rmAttributeName" : "units",
                              "children" : [ ]
                            }, {
                              "@type" : "C_ATTRIBUTE",
                              "rmAttributeName" : "magnitude",
                              "children" : [ ]
                            }, {
                              "@type" : "C_ATTRIBUTE",
                              "rmAttributeName" : "precision",
                              "children" : [ ]
                            } ],
                            "tuples" : [ {
                              "@type" : "C_PRIMITIVE_TUPLE",
                              "members" : [ {
                                "@type" : "C_STRING",
                                "rmTypeName" : "STRING",
                                "constraint" : [ "ms" ]
                              }, {
                                "@type" : "C_REAL",
                                "rmTypeName" : "REAL",
                                "constraint" : [ {
                                  "lower" : 0.0,
                                  "lowerIncluded" : true,
                                  "upperIncluded" : false,
                                  "lowerUnbounded" : false,
                                  "upperUnbounded" : true
                                } ]
                              }, {
                                "@type" : "C_INTEGER",
                                "rmTypeName" : "INTEGER",
                                "constraint" : [ {
                                  "lower" : 0,
                                  "upper" : 0,
                                  "lowerIncluded" : true,
                                  "upperIncluded" : true,
                                  "lowerUnbounded" : false,
                                  "upperUnbounded" : false
                                } ]
                              } ]
                            } ]
                          } ]
                        } ]
                      } ],
                      "attributeTuples" : [ ]
                    }, {
                      "@type" : "C_COMPLEX_OBJECT",
                      "rmTypeName" : "ELEMENT",
                      "occurrences" : "0..0",
                      "nodeId" : "at0008.1",
                      "attributes" : [ {
                        "@type" : "C_ATTRIBUTE",
                        "rmAttributeName" : "value",
                        "children" : [ {
                          "@type" : "C_COMPLEX_OBJECT",
                          "rmTypeName" : "DV_QUANTITY",
                          "attributes" : [ {
                            "@type" : "C_ATTRIBUTE",
                            "rmAttributeName" : "property",
                            "children" : [ {
                              "@type" : "C_TERMINOLOGY_CODE",
                              "occurrences" : "0..1",
                              "terminologyId" : {
                                "value" : "openehr"
                              },
                              "constraint" : [ "128" ]
                            } ]
                          } ],
                          "attributeTuples" : [ {
                            "@type" : "C_ATTRIBUTE_TUPLE",
                            "members" : [ {
                              "@type" : "C_ATTRIBUTE",
                              "rmAttributeName" : "units",
                              "children" : [ ]
                            }, {
                              "@type" : "C_ATTRIBUTE",
                              "rmAttributeName" : "magnitude",
                              "children" : [ ]
                            }, {
                              "@type" : "C_ATTRIBUTE",
                              "rmAttributeName" : "precision",
                              "children" : [ ]
                            } ],
                            "tuples" : [ {
                              "@type" : "C_PRIMITIVE_TUPLE",
                              "members" : [ {
                                "@type" : "C_STRING",
                                "rmTypeName" : "STRING",
                                "constraint" : [ "ms" ]
                              }, {
                                "@type" : "C_REAL",
                                "rmTypeName" : "REAL",
                                "constraint" : [ {
                                  "lower" : 0.0,
                                  "lowerIncluded" : true,
                                  "upperIncluded" : false,
                                  "lowerUnbounded" : false,
                                  "upperUnbounded" : true
                                } ]
                              }, {
                                "@type" : "C_INTEGER",
                                "rmTypeName" : "INTEGER",
                                "constraint" : [ {
                                  "lower" : 0,
                                  "upper" : 0,
                                  "lowerIncluded" : true,
                                  "upperIncluded" : true,
                                  "lowerUnbounded" : false,
                                  "upperUnbounded" : false
                                } ]
                              } ]
                            } ]
                          } ]
                        } ]
                      } ],
                      "attributeTuples" : [ ]
                    }, {
                      "@type" : "C_COMPLEX_OBJECT",
                      "rmTypeName" : "ELEMENT",
                      "occurrences" : "0..0",
                      "nodeId" : "at0012.1",
                      "attributes" : [ {
                        "@type" : "C_ATTRIBUTE",
                        "rmAttributeName" : "value",
                        "children" : [ {
                          "@type" : "C_COMPLEX_OBJECT",
                          "rmTypeName" : "DV_QUANTITY",
                          "attributes" : [ {
                            "@type" : "C_ATTRIBUTE",
                            "rmAttributeName" : "property",
                            "children" : [ {
                              "@type" : "C_TERMINOLOGY_CODE",
                              "occurrences" : "0..1",
                              "terminologyId" : {
                                "value" : "openehr"
                              },
                              "constraint" : [ "128" ]
                            } ]
                          } ],
                          "attributeTuples" : [ {
                            "@type" : "C_ATTRIBUTE_TUPLE",
                            "members" : [ {
                              "@type" : "C_ATTRIBUTE",
                              "rmAttributeName" : "units",
                              "children" : [ ]
                            }, {
                              "@type" : "C_ATTRIBUTE",
                              "rmAttributeName" : "magnitude",
                              "children" : [ ]
                            }, {
                              "@type" : "C_ATTRIBUTE",
                              "rmAttributeName" : "precision",
                              "children" : [ ]
                            } ],
                            "tuples" : [ {
                              "@type" : "C_PRIMITIVE_TUPLE",
                              "members" : [ {
                                "@type" : "C_STRING",
                                "rmTypeName" : "STRING",
                                "constraint" : [ "ms" ]
                              }, {
                                "@type" : "C_REAL",
                                "rmTypeName" : "REAL",
                                "constraint" : [ {
                                  "lower" : 0.0,
                                  "lowerIncluded" : true,
                                  "upperIncluded" : false,
                                  "lowerUnbounded" : false,
                                  "upperUnbounded" : true
                                } ]
                              }, {
                                "@type" : "C_INTEGER",
                                "rmTypeName" : "INTEGER",
                                "constraint" : [ {
                                  "lower" : 0,
                                  "upper" : 0,
                                  "lowerIncluded" : true,
                                  "upperIncluded" : true,
                                  "lowerUnbounded" : false,
                                  "upperUnbounded" : false
                                } ]
                              } ]
                            } ]
                          } ]
                        } ]
                      } ],
                      "attributeTuples" : [ ]
                    }, {
                      "@type" : "C_COMPLEX_OBJECT",
                      "rmTypeName" : "ELEMENT",
                      "occurrences" : "0..0",
                      "nodeId" : "at0014.1",
                      "attributes" : [ {
                        "@type" : "C_ATTRIBUTE",
                        "rmAttributeName" : "value",
                        "children" : [ {
                          "@type" : "C_COMPLEX_OBJECT",
                          "rmTypeName" : "DV_QUANTITY",
                          "attributes" : [ {
                            "@type" : "C_ATTRIBUTE",
                            "rmAttributeName" : "property",
                            "children" : [ {
                              "@type" : "C_TERMINOLOGY_CODE",
                              "occurrences" : "0..1",
                              "terminologyId" : {
                                "value" : "openehr"
                              },
                              "constraint" : [ "128" ]
                            } ]
                          } ],
                          "attributeTuples" : [ {
                            "@type" : "C_ATTRIBUTE_TUPLE",
                            "members" : [ {
                              "@type" : "C_ATTRIBUTE",
                              "rmAttributeName" : "units",
                              "children" : [ ]
                            }, {
                              "@type" : "C_ATTRIBUTE",
                              "rmAttributeName" : "magnitude",
                              "children" : [ ]
                            }, {
                              "@type" : "C_ATTRIBUTE",
                              "rmAttributeName" : "precision",
                              "children" : [ ]
                            } ],
                            "tuples" : [ {
                              "@type" : "C_PRIMITIVE_TUPLE",
                              "members" : [ {
                                "@type" : "C_STRING",
                                "rmTypeName" : "STRING",
                                "constraint" : [ "ms" ]
                              }, {
                                "@type" : "C_REAL",
                                "rmTypeName" : "REAL",
                                "constraint" : [ {
                                  "lower" : 0.0,
                                  "lowerIncluded" : true,
                                  "upperIncluded" : false,
                                  "lowerUnbounded" : false,
                                  "upperUnbounded" : true
                                } ]
                              }, {
                                "@type" : "C_INTEGER",
                                "rmTypeName" : "INTEGER",
                                "constraint" : [ {
                                  "lower" : 0,
                                  "upper" : 0,
                                  "lowerIncluded" : true,
                                  "upperIncluded" : true,
                                  "lowerUnbounded" : false,
                                  "upperUnbounded" : false
                                } ]
                              } ]
                            } ]
                          } ]
                        } ]
                      } ],
                      "attributeTuples" : [ ]
                    }, {
                      "@type" : "C_COMPLEX_OBJECT",
                      "rmTypeName" : "ELEMENT",
                      "occurrences" : "0..0",
                      "nodeId" : "at0105.1",
                      "attributes" : [ ],
                      "attributeTuples" : [ ]
                    }, {
                      "@type" : "C_COMPLEX_OBJECT",
                      "rmTypeName" : "ELEMENT",
                      "nodeId" : "at0096.1",
                      "attributes" : [ ],
                      "attributeTuples" : [ ]
                    }, {
                      "@type" : "C_COMPLEX_OBJECT",
                      "rmTypeName" : "ELEMENT",
                      "occurrences" : "0..0",
                      "nodeId" : "at0009.1",
                      "attributes" : [ ],
                      "attributeTuples" : [ ]
                    }, {
                      "@type" : "C_COMPLEX_OBJECT",
                      "rmTypeName" : "ELEMENT",
                      "occurrences" : "0..0",
                      "nodeId" : "at0101.1",
                      "attributes" : [ ],
                      "attributeTuples" : [ ]
                    }, {
                      "@type" : "C_COMPLEX_OBJECT",
                      "rmTypeName" : "ELEMENT",
                      "occurrences" : "0..0",
                      "nodeId" : "at0081.1",
                      "attributes" : [ ],
                      "attributeTuples" : [ ]
                    }, {
                      "@type" : "C_COMPLEX_OBJECT",
                      "rmTypeName" : "ELEMENT",
                      "occurrences" : "0..0",
                      "nodeId" : "at0089.1",
                      "attributes" : [ ],
                      "attributeTuples" : [ ]
                    }, {
                      "@type" : "C_COMPLEX_OBJECT",
                      "rmTypeName" : "ELEMENT",
                      "occurrences" : "0..0",
                      "nodeId" : "at0090.1",
                      "attributes" : [ ],
                      "attributeTuples" : [ ]
                    }, {
                      "@type" : "C_COMPLEX_OBJECT",
                      "rmTypeName" : "ELEMENT",
                      "occurrences" : "0..0",
                      "nodeId" : "at0020.1",
                      "attributes" : [ {
                        "@type" : "C_ATTRIBUTE",
                        "rmAttributeName" : "value",
                        "children" : [ {
                          "@type" : "C_COMPLEX_OBJECT",
                          "rmTypeName" : "DV_QUANTITY",
                          "attributes" : [ {
                            "@type" : "C_ATTRIBUTE",
                            "rmAttributeName" : "property",
                            "children" : [ {
                              "@type" : "C_TERMINOLOGY_CODE",
                              "occurrences" : "0..1",
                              "terminologyId" : {
                                "value" : "openehr"
                              },
                              "constraint" : [ "497" ]
                            } ]
                          } ],
                          "attributeTuples" : [ {
                            "@type" : "C_ATTRIBUTE_TUPLE",
                            "members" : [ {
                              "@type" : "C_ATTRIBUTE",
                              "rmAttributeName" : "units",
                              "children" : [ ]
                            }, {
                              "@type" : "C_ATTRIBUTE",
                              "rmAttributeName" : "magnitude",
                              "children" : [ ]
                            } ],
                            "tuples" : [ {
                              "@type" : "C_PRIMITIVE_TUPLE",
                              "members" : [ {
                                "@type" : "C_STRING",
                                "rmTypeName" : "STRING",
                                "constraint" : [ "deg" ]
                              }, {
                                "@type" : "C_REAL",
                                "rmTypeName" : "REAL",
                                "constraint" : [ {
                                  "lowerIncluded" : false,
                                  "upperIncluded" : false,
                                  "lowerUnbounded" : true,
                                  "upperUnbounded" : true
                                } ]
                              } ]
                            } ]
                          } ]
                        }, {
                          "@type" : "C_COMPLEX_OBJECT",
                          "rmTypeName" : "DV_TEXT",
                          "attributes" : [ ],
                          "attributeTuples" : [ ]
                        } ]
                      } ],
                      "attributeTuples" : [ ]
                    }, {
                      "@type" : "C_COMPLEX_OBJECT",
                      "rmTypeName" : "ELEMENT",
                      "occurrences" : "0..0",
                      "nodeId" : "at0021.1",
                      "attributes" : [ {
                        "@type" : "C_ATTRIBUTE",
                        "rmAttributeName" : "value",
                        "children" : [ {
                          "@type" : "C_COMPLEX_OBJECT",
                          "rmTypeName" : "DV_QUANTITY",
                          "attributes" : [ {
                            "@type" : "C_ATTRIBUTE",
                            "rmAttributeName" : "property",
                            "children" : [ {
                              "@type" : "C_TERMINOLOGY_CODE",
                              "occurrences" : "0..1",
                              "terminologyId" : {
                                "value" : "openehr"
                              },
                              "constraint" : [ "497" ]
                            } ]
                          } ],
                          "attributeTuples" : [ {
                            "@type" : "C_ATTRIBUTE_TUPLE",
                            "members" : [ {
                              "@type" : "C_ATTRIBUTE",
                              "rmAttributeName" : "units",
                              "children" : [ ]
                            }, {
                              "@type" : "C_ATTRIBUTE",
                              "rmAttributeName" : "magnitude",
                              "children" : [ ]
                            } ],
                            "tuples" : [ {
                              "@type" : "C_PRIMITIVE_TUPLE",
                              "members" : [ {
                                "@type" : "C_STRING",
                                "rmTypeName" : "STRING",
                                "constraint" : [ "deg" ]
                              }, {
                                "@type" : "C_REAL",
                                "rmTypeName" : "REAL",
                                "constraint" : [ {
                                  "lowerIncluded" : false,
                                  "upperIncluded" : false,
                                  "lowerUnbounded" : true,
                                  "upperUnbounded" : true
                                } ]
                              } ]
                            } ]
                          } ]
                        }, {
                          "@type" : "C_COMPLEX_OBJECT",
                          "rmTypeName" : "DV_TEXT",
                          "attributes" : [ ],
                          "attributeTuples" : [ ]
                        } ]
                      } ],
                      "attributeTuples" : [ ]
                    }, {
                      "@type" : "C_COMPLEX_OBJECT",
                      "rmTypeName" : "ELEMENT",
                      "occurrences" : "0..0",
                      "nodeId" : "at0022.1",
                      "attributes" : [ {
                        "@type" : "C_ATTRIBUTE",
                        "rmAttributeName" : "value",
                        "children" : [ {
                          "@type" : "C_COMPLEX_OBJECT",
                          "rmTypeName" : "DV_QUANTITY",
                          "attributes" : [ {
                            "@type" : "C_ATTRIBUTE",
                            "rmAttributeName" : "property",
                            "children" : [ {
                              "@type" : "C_TERMINOLOGY_CODE",
                              "occurrences" : "0..1",
                              "terminologyId" : {
                                "value" : "openehr"
                              },
                              "constraint" : [ "497" ]
                            } ]
                          } ],
                          "attributeTuples" : [ {
                            "@type" : "C_ATTRIBUTE_TUPLE",
                            "members" : [ {
                              "@type" : "C_ATTRIBUTE",
                              "rmAttributeName" : "units",
                              "children" : [ ]
                            }, {
                              "@type" : "C_ATTRIBUTE",
                              "rmAttributeName" : "magnitude",
                              "children" : [ ]
                            } ],
                            "tuples" : [ {
                              "@type" : "C_PRIMITIVE_TUPLE",
                              "members" : [ {
                                "@type" : "C_STRING",
                                "rmTypeName" : "STRING",
                                "constraint" : [ "deg" ]
                              }, {
                                "@type" : "C_REAL",
                                "rmTypeName" : "REAL",
                                "constraint" : [ {
                                  "lowerIncluded" : false,
                                  "upperIncluded" : false,
                                  "lowerUnbounded" : true,
                                  "upperUnbounded" : true
                                } ]
                              } ]
                            } ]
                          } ]
                        }, {
                          "@type" : "C_COMPLEX_OBJECT",
                          "rmTypeName" : "DV_TEXT",
                          "attributes" : [ ],
                          "attributeTuples" : [ ]
                        } ]
                      } ],
                      "attributeTuples" : [ ]
                    }, {
                      "@type" : "C_COMPLEX_OBJECT",
                      "rmTypeName" : "CLUSTER",
                      "occurrences" : "0..0",
                      "nodeId" : "at0027.1",
                      "attributes" : [ {
                        "@type" : "C_ATTRIBUTE",
                        "rmAttributeName" : "name",
                        "children" : [ {
                          "@type" : "C_COMPLEX_OBJECT",
                          "rmTypeName" : "DV_CODED_TEXT",
                          "attributes" : [ {
                            "@type" : "C_ATTRIBUTE",
                            "rmAttributeName" : "defining_code",
                            "children" : [ {
                              "@type" : "C_TERMINOLOGY_CODE",
                              "rmTypeName" : "TERMINOLOGY_CODE",
                              "occurrences" : "1..1",
                              "terminologyId" : {
                                "value" : "local"
                              },
                              "constraint" : [ "ac0.2" ],
                              "selectedTerminologies" : [ ]
                            } ]
                          } ],
                          "attributeTuples" : [ ]
                        } ]
                      } ],
                      "attributeTuples" : [ ]
                    } ]
                  } ],
                  "attributeTuples" : [ ]
                } ]
              }, {
                "@type" : "C_ATTRIBUTE",
                "rmAttributeName" : "state",
                "children" : [ {
                  "@type" : "C_COMPLEX_OBJECT",
                  "rmTypeName" : "ITEM_TREE",
                  "nodeId" : "at0077",
                  "attributes" : [ {
                    "@type" : "C_ATTRIBUTE",
                    "rmAttributeName" : "items",
                    "children" : [ {
                      "@type" : "C_COMPLEX_OBJECT",
                      "rmTypeName" : "ELEMENT",
                      "occurrences" : "0..0",
                      "nodeId" : "at0079.1",
                      "attributes" : [ ],
                      "attributeTuples" : [ ]
                    }, {
                      "@type" : "C_COMPLEX_OBJECT",
                      "rmTypeName" : "ELEMENT",
                      "occurrences" : "0..0",
                      "nodeId" : "at0116.1",
                      "attributes" : [ ],
                      "attributeTuples" : [ ]
                    }, {
                      "@type" : "C_COMPLEX_OBJECT",
                      "rmTypeName" : "ELEMENT",
                      "occurrences" : "0..0",
                      "nodeId" : "at0107.1",
                      "attributes" : [ {
                        "@type" : "C_ATTRIBUTE",
                        "rmAttributeName" : "value",
                        "children" : [ {
                          "@type" : "C_COMPLEX_OBJECT",
                          "rmTypeName" : "DV_CODED_TEXT",
                          "attributes" : [ {
                            "@type" : "C_ATTRIBUTE",
                            "rmAttributeName" : "defining_code",
                            "children" : [ {
                              "@type" : "C_TERMINOLOGY_CODE",
                              "rmTypeName" : "TERMINOLOGY_CODE",
                              "occurrences" : "1..1",
                              "terminologyId" : {
                                "value" : "local"
                              },
                              "constraint" : [ "ac0.3" ],
                              "selectedTerminologies" : [ ]
                            } ]
                          } ],
                          "attributeTuples" : [ ]
                        } ]
                      } ],
                      "attributeTuples" : [ ]
                    }, {
                      "@type" : "C_COMPLEX_OBJECT",
                      "rmTypeName" : "ELEMENT",
                      "occurrences" : "0..0",
                      "nodeId" : "at0078.1",
                      "attributes" : [ {
                        "@type" : "C_ATTRIBUTE",
                        "rmAttributeName" : "value",
                        "children" : [ {
                          "@type" : "C_COMPLEX_OBJECT",
                          "rmTypeName" : "DV_QUANTITY",
                          "attributes" : [ {
                            "@type" : "C_ATTRIBUTE",
                            "rmAttributeName" : "property",
                            "children" : [ {
                              "@type" : "C_TERMINOLOGY_CODE",
                              "rmTypeName" : "TERMINOLOGY_CODE",
                              "occurrences" : "1..1",
                              "terminologyId" : {
                                "value" : "openehr"
                              },
                              "constraint" : [ "497" ]
                            } ]
                          } ],
                          "attributeTuples" : [ {
                            "@type" : "C_ATTRIBUTE_TUPLE",
                            "members" : [ {
                              "@type" : "C_ATTRIBUTE",
                              "rmAttributeName" : "units",
                              "children" : [ ]
                            }, {
                              "@type" : "C_ATTRIBUTE",
                              "rmAttributeName" : "magnitude",
                              "children" : [ ]
                            }, {
                              "@type" : "C_ATTRIBUTE",
                              "rmAttributeName" : "precision",
                              "children" : [ ]
                            } ],
                            "tuples" : [ {
                              "@type" : "C_PRIMITIVE_TUPLE",
                              "members" : [ {
                                "@type" : "C_STRING",
                                "rmTypeName" : "STRING",
                                "constraint" : [ "deg" ]
                              }, {
                                "@type" : "C_REAL",
                                "rmTypeName" : "REAL",
                                "constraint" : [ {
                                  "lower" : -90.0,
                                  "upper" : 90.0,
                                  "lowerIncluded" : true,
                                  "upperIncluded" : true,
                                  "lowerUnbounded" : false,
                                  "upperUnbounded" : false
                                } ]
                              }, {
                                "@type" : "C_INTEGER",
                                "rmTypeName" : "INTEGER",
                                "constraint" : [ {
                                  "lower" : 0,
                                  "upper" : 0,
                                  "lowerIncluded" : true,
                                  "upperIncluded" : true,
                                  "lowerUnbounded" : false,
                                  "upperUnbounded" : false
                                } ]
                              } ]
                            } ]
                          } ]
                        } ]
                      } ],
                      "attributeTuples" : [ ]
                    } ]
                  } ],
                  "attributeTuples" : [ ]
                } ]
              } ],
              "attributeTuples" : [ ]
            } ]
          } ],
          "attributeTuples" : [ ]
        } ]
      }, {
        "@type" : "C_ATTRIBUTE",
        "rmAttributeName" : "protocol",
        "children" : [ {
          "@type" : "C_COMPLEX_OBJECT",
          "rmTypeName" : "ITEM_TREE",
          "nodeId" : "at0003",
          "attributes" : [ {
            "@type" : "C_ATTRIBUTE",
            "rmAttributeName" : "items",
            "children" : [ {
              "@type" : "C_COMPLEX_OBJECT",
              "rmTypeName" : "ELEMENT",
              "occurrences" : "0..0",
              "nodeId" : "at0102.1",
              "attributes" : [ ],
              "attributeTuples" : [ ]
            }, {
              "@type" : "C_COMPLEX_OBJECT",
              "rmTypeName" : "ELEMENT",
              "occurrences" : "0..0",
              "nodeId" : "at0097.1",
              "attributes" : [ ],
              "attributeTuples" : [ ]
            }, {
              "@type" : "C_COMPLEX_OBJECT",
              "rmTypeName" : "ELEMENT",
              "occurrences" : "0..0",
              "nodeId" : "at0025.1",
              "attributes" : [ ],
              "attributeTuples" : [ ]
            }, {
              "@type" : "C_COMPLEX_OBJECT",
              "rmTypeName" : "ELEMENT",
              "occurrences" : "0..0",
              "nodeId" : "at0095.1",
              "attributes" : [ ],
              "attributeTuples" : [ ]
            } ]
          } ],
          "attributeTuples" : [ ]
        } ]
      } ],
      "attributeTuples" : [ ]
    },
    "terminology" : {
      "@type" : "ARCHETYPE_TERMINOLOGY",
      "conceptCode" : "at0000",
      "termDefinitions" : {
        "en" : {
          "at0000.1" : {
            "@type" : "ARCHETYPE_TERM",
            "code" : "at0000.1",
            "text" : "Hasil EKG",
            "description" : "Measurement of the electrical activity generated by the heart.",
            "comment" : "Also known as an electrocardiograph or EKG."
          },
          "at0100.1" : {
            "@type" : "ARCHETYPE_TERM",
            "code" : "at0100.1",
            "text" : "Atrial Fibrilasi",
            "description" : "Type of ECG performed.",
            "comment" : "Coding of the ECG type with a terminology is preferred, where possible. For example: 'Standard ECG'; or '15-lead ECG'."
          },
          "at0002.1" : {
            "@type" : "ARCHETYPE_TERM",
            "code" : "at0002.1",
            "text" : "Atrial Fibrilasi",
            "description" : "Default, unspecified point in time or interval event which may be explicitly defined in a template or at run-time."
          },
          "ac0.2" : {
            "@type" : "ARCHETYPE_TERM",
            "text" : "(Synthesized)",
            "code" : "ac0.2",
            "description" : ""
          },
          "ac0.3" : {
            "@type" : "ARCHETYPE_TERM",
            "text" : "(Synthesized)",
            "code" : "ac0.3",
            "description" : ""
          },
          "at0096.1" : {
            "@type" : "ARCHETYPE_TERM",
            "code" : "at0096.1",
            "text" : "Keterangan EKG Lainnya",
            "description" : "Narrative description of clinical information available at the time of interpretation of results.",
            "comment" : "This data element may include a link to the original clinical information provided in the ECG request."
          }
        },
        "ar-sy" : {
          "ac0.2" : {
            "@type" : "ARCHETYPE_TERM",
            "text" : "*(Synthesized) (en)",
            "code" : "ac0.2",
            "description" : ""
          },
          "ac0.3" : {
            "@type" : "ARCHETYPE_TERM",
            "text" : "*(Synthesized) (en)",
            "code" : "ac0.3",
            "description" : ""
          }
        },
        "nb" : {
          "ac0.2" : {
            "@type" : "ARCHETYPE_TERM",
            "text" : "*(Synthesized) (en)",
            "code" : "ac0.2",
            "description" : ""
          },
          "ac0.3" : {
            "@type" : "ARCHETYPE_TERM",
            "text" : "*(Synthesized) (en)",
            "code" : "ac0.3",
            "description" : ""
          }
        },
        "de" : {
          "ac0.2" : {
            "@type" : "ARCHETYPE_TERM",
            "text" : "*(Synthesized) (en)",
            "code" : "ac0.2",
            "description" : ""
          },
          "ac0.3" : {
            "@type" : "ARCHETYPE_TERM",
            "text" : "*(Synthesized) (en)",
            "code" : "ac0.3",
            "description" : ""
          }
        }
      },
      "termBindings" : { },
      "terminologyExtracts" : { },
      "valueSets" : {
        "ac0.1" : {
          "@type" : "VALUE_SET",
          "id" : "ac0.1",
          "members" : [ "at0029", "at0030", "at0031", "at0032", "at0033", "at0034", "at0035", "at0036", "at0037", "at0093", "at0038", "at0087", "at0039", "at0091", "at0040", "at0092", "at0084", "at0085", "at0086" ]
        },
        "ac0.2" : {
          "@type" : "VALUE_SET",
          "id" : "ac0.2",
          "members" : [ "at0029", "at0030", "at0031", "at0032", "at0033", "at0034", "at0035", "at0036", "at0037", "at0093", "at0038", "at0087", "at0039", "at0091", "at0040", "at0092", "at0084", "at0085", "at0086" ]
        },
        "ac0.3" : {
          "@type" : "VALUE_SET",
          "id" : "ac0.3",
          "members" : [ "at0108", "at0109", "at0110", "at0111", "at0112" ]
        }
      }
    },
    "adlVersion" : "1.4",
    "buildUid" : "b9a39035-9b21-4cd4-952a-c7782a384370",
    "rmName" : "openehr",
    "rmRelease" : "1.1.0",
    "generated" : true,
    "otherMetaData" : { },
    "originalLanguage" : {
      "terminologyId" : {
        "value" : "ISO_639-1"
      },
      "codeString" : "en"
    },
    "translations" : [ {
      "@type" : "TRANSLATION_DETAILS",
      "language" : {
        "terminologyId" : {
          "value" : "ISO_639-1"
        },
        "codeString" : "de"
      },
      "author" : {
        "name" : "Aljoscha Kindermann, Kim Sommer",
        "organisation" : "University Hospital of Heidelberg, MHH",
        "email" : "aljoscha.kindermann@med.uni-heidelberg.de, sommer.kimkatrin@mh-hannover.de"
      },
      "otherDetails" : { }
    }, {
      "@type" : "TRANSLATION_DETAILS",
      "language" : {
        "terminologyId" : {
          "value" : "ISO_639-1"
        },
        "codeString" : "nb"
      },
      "author" : {
        "name" : "Silje Ljosland Bakke",
        "organisation" : "Helse Vest IKT AS",
        "email" : "silje.ljosland.bakke@helse-vest-ikt.no"
      },
      "otherDetails" : { }
    }, {
      "@type" : "TRANSLATION_DETAILS",
      "language" : {
        "terminologyId" : {
          "value" : "ISO_639-1"
        },
        "codeString" : "ar-sy"
      },
      "author" : {
        "name" : "Mona Saleh"
      },
      "otherDetails" : { }
    } ]
  } ],
  "originalLanguage" : {
    "terminologyId" : {
      "value" : "ISO_639-1"
    },
    "codeString" : "en"
  },
  "translations" : [ {
    "@type" : "TRANSLATION_DETAILS",
    "language" : {
      "terminologyId" : {
        "value" : "ISO_639-1"
      },
      "codeString" : "de"
    },
    "author" : { },
    "otherDetails" : { }
  }, {
    "@type" : "TRANSLATION_DETAILS",
    "language" : {
      "terminologyId" : {
        "value" : "ISO_639-1"
      },
      "codeString" : "fi"
    },
    "author" : { },
    "otherDetails" : { }
  }, {
    "@type" : "TRANSLATION_DETAILS",
    "language" : {
      "terminologyId" : {
        "value" : "ISO_639-1"
      },
      "codeString" : "sv"
    },
    "author" : { },
    "otherDetails" : { }
  }, {
    "@type" : "TRANSLATION_DETAILS",
    "language" : {
      "terminologyId" : {
        "value" : "ISO_639-1"
      },
      "codeString" : "es-ar"
    },
    "author" : { },
    "otherDetails" : { }
  }, {
    "@type" : "TRANSLATION_DETAILS",
    "language" : {
      "terminologyId" : {
        "value" : "ISO_639-1"
      },
      "codeString" : "nb"
    },
    "author" : { },
    "otherDetails" : { }
  }, {
    "@type" : "TRANSLATION_DETAILS",
    "language" : {
      "terminologyId" : {
        "value" : "ISO_639-1"
      },
      "codeString" : "ko"
    },
    "author" : { },
    "otherDetails" : { }
  }, {
    "@type" : "TRANSLATION_DETAILS",
    "language" : {
      "terminologyId" : {
        "value" : "ISO_639-1"
      },
      "codeString" : "pt-br"
    },
    "author" : { },
    "otherDetails" : { }
  }, {
    "@type" : "TRANSLATION_DETAILS",
    "language" : {
      "terminologyId" : {
        "value" : "ISO_639-1"
      },
      "codeString" : "sl"
    },
    "author" : { },
    "otherDetails" : { }
  }, {
    "@type" : "TRANSLATION_DETAILS",
    "language" : {
      "terminologyId" : {
        "value" : "ISO_639-1"
      },
      "codeString" : "ar-sy"
    },
    "author" : { },
    "otherDetails" : { }
  }, {
    "@type" : "TRANSLATION_DETAILS",
    "language" : {
      "terminologyId" : {
        "value" : "ISO_639-1"
      },
      "codeString" : "it"
    },
    "author" : { },
    "otherDetails" : { }
  }, {
    "@type" : "TRANSLATION_DETAILS",
    "language" : {
      "terminologyId" : {
        "value" : "ISO_639-1"
      },
      "codeString" : "nl"
    },
    "author" : { },
    "otherDetails" : { }
  }, {
    "@type" : "TRANSLATION_DETAILS",
    "language" : {
      "terminologyId" : {
        "value" : "ISO_639-1"
      },
      "codeString" : "zh"
    },
    "author" : { },
    "otherDetails" : { }
  } ]
}