{
  "@type" : "TEMPLATE",
  "uid" : "098e71a0-690e-46d8-bd84-91be5b7c4b08",
  "description" : {
    "@type" : "RESOURCE_DESCRIPTION",
    "originalAuthor" : {
      "date" : "2022-11-24"
    },
    "otherContributors" : [ ],
    "lifecycleState" : {
      "codeString" : "unmanaged"
    },
    "ipAcknowledgements" : { },
    "references" : { },
    "conversionDetails" : { },
    "otherDetails" : {
      "licence" : "",
      "custodian_organisation" : "",
      "original_namespace" : "",
      "original_publisher" : "",
      "custodian_namespace" : "",
      "sem_ver" : "2.0.0",
      "build_uid" : "ff32371e-26e7-4874-8d86-6ee3bf540883",
      "MD5-CAM-1.0.1" : "4f92494684f583c31e947324d65c9551",
      "PARENT:MD5-CAM-1.0.1" : "8F3156560D39B12C8362DF26A4C575BD"
    },
    "details" : {
      "de" : {
        "@type" : "RESOURCE_DESCRIPTION_ITEM",
        "language" : {
          "terminologyId" : {
            "value" : "ISO_639-1"
          },
          "codeString" : "de"
        },
        "keywords" : [ ],
        "originalResourceUri" : { },
        "otherDetails" : { }
      },
      "fi" : {
        "@type" : "RESOURCE_DESCRIPTION_ITEM",
        "language" : {
          "terminologyId" : {
            "value" : "ISO_639-1"
          },
          "codeString" : "fi"
        },
        "keywords" : [ ],
        "originalResourceUri" : { },
        "otherDetails" : { }
      },
      "sv" : {
        "@type" : "RESOURCE_DESCRIPTION_ITEM",
        "language" : {
          "terminologyId" : {
            "value" : "ISO_639-1"
          },
          "codeString" : "sv"
        },
        "keywords" : [ ],
        "originalResourceUri" : { },
        "otherDetails" : { }
      },
      "ko" : {
        "@type" : "RESOURCE_DESCRIPTION_ITEM",
        "language" : {
          "terminologyId" : {
            "value" : "ISO_639-1"
          },
          "codeString" : "ko"
        },
        "keywords" : [ ],
        "originalResourceUri" : { },
        "otherDetails" : { }
      },
      "pt-br" : {
        "@type" : "RESOURCE_DESCRIPTION_ITEM",
        "language" : {
          "terminologyId" : {
            "value" : "ISO_639-1"
          },
          "codeString" : "pt-br"
        },
        "keywords" : [ ],
        "originalResourceUri" : { },
        "otherDetails" : { }
      },
      "en" : {
        "@type" : "RESOURCE_DESCRIPTION_ITEM",
        "language" : {
          "terminologyId" : {
            "value" : "ISO_639-1"
          },
          "codeString" : "en"
        },
        "keywords" : [ ],
        "originalResourceUri" : { },
        "otherDetails" : { }
      },
      "ar-sy" : {
        "@type" : "RESOURCE_DESCRIPTION_ITEM",
        "language" : {
          "terminologyId" : {
            "value" : "ISO_639-1"
          },
          "codeString" : "ar-sy"
        },
        "keywords" : [ ],
        "originalResourceUri" : { },
        "otherDetails" : { }
      },
      "it" : {
        "@type" : "RESOURCE_DESCRIPTION_ITEM",
        "language" : {
          "terminologyId" : {
            "value" : "ISO_639-1"
          },
          "codeString" : "it"
        },
        "keywords" : [ ],
        "originalResourceUri" : { },
        "otherDetails" : { }
      },
      "fr" : {
        "@type" : "RESOURCE_DESCRIPTION_ITEM",
        "language" : {
          "terminologyId" : {
            "value" : "ISO_639-1"
          },
          "codeString" : "fr"
        },
        "keywords" : [ ],
        "originalResourceUri" : { },
        "otherDetails" : { }
      },
      "es" : {
        "@type" : "RESOURCE_DESCRIPTION_ITEM",
        "language" : {
          "terminologyId" : {
            "value" : "ISO_639-1"
          },
          "codeString" : "es"
        },
        "keywords" : [ ],
        "originalResourceUri" : { },
        "otherDetails" : { }
      },
      "nb" : {
        "@type" : "RESOURCE_DESCRIPTION_ITEM",
        "language" : {
          "terminologyId" : {
            "value" : "ISO_639-1"
          },
          "codeString" : "nb"
        },
        "keywords" : [ ],
        "originalResourceUri" : { },
        "otherDetails" : { }
      },
      "es-ar" : {
        "@type" : "RESOURCE_DESCRIPTION_ITEM",
        "language" : {
          "terminologyId" : {
            "value" : "ISO_639-1"
          },
          "codeString" : "es-ar"
        },
        "keywords" : [ ],
        "originalResourceUri" : { },
        "otherDetails" : { }
      },
      "nl" : {
        "@type" : "RESOURCE_DESCRIPTION_ITEM",
        "language" : {
          "terminologyId" : {
            "value" : "ISO_639-1"
          },
          "codeString" : "nl"
        },
        "keywords" : [ ],
        "originalResourceUri" : { },
        "otherDetails" : { }
      }
    }
  },
  "parentArchetypeId" : "openEHR-EHR-COMPOSITION.encounter.v1",
  "differential" : true,
  "archetypeId" : {
    "@type" : "ARCHETYPE_HRID",
    "value" : "openEHR-EHR-COMPOSITION.t_encounter.v1"
  },
  "definition" : {
    "@type" : "C_COMPLEX_OBJECT",
    "rmTypeName" : "COMPOSITION",
    "nodeId" : "at0000.1",
    "attributes" : [ {
      "@type" : "C_ATTRIBUTE",
      "rmAttributeName" : "context",
      "children" : [ {
        "@type" : "C_COMPLEX_OBJECT",
        "rmTypeName" : "EVENT_CONTEXT",
        "attributes" : [ ],
        "attributeTuples" : [ ]
      } ]
    }, {
      "@type" : "C_ATTRIBUTE",
      "rmAttributeName" : "content",
      "existence" : "0..1",
      "cardinality" : {
        "@type" : "CARDINALITY",
        "interval" : "1..*",
        "ordered" : false,
        "unique" : false
      },
      "children" : [ {
        "@type" : "C_ARCHETYPE_ROOT",
        "rmTypeName" : "SECTION",
        "occurrences" : "0..1",
        "nodeId" : "at0.2",
        "attributes" : [ ],
        "attributeTuples" : [ ],
        "archetypeRef" : "openEHR-EHR-SECTION.ovl-adhoc-001.v1",
        "referenceType" : "archetypeOverlay"
      } ]
    } ],
    "attributeTuples" : [ ]
  },
  "terminology" : {
    "@type" : "ARCHETYPE_TERMINOLOGY",
    "conceptCode" : "at0000",
    "termDefinitions" : {
      "ar-sy" : {
        "at0000.1" : {
          "@type" : "ARCHETYPE_TERM",
          "code" : "at0000.1",
          "text" : "geneticDisordersDMD-workingDiagnosis-v1",
          "description" : "*Interaction, contact or care event between a subject of care and healthcare provider(s).(en)"
        }
      },
      "en" : {
        "at0000.1" : {
          "@type" : "ARCHETYPE_TERM",
          "code" : "at0000.1",
          "text" : "geneticDisordersDMD-workingDiagnosis-v1",
          "description" : "Interaction, contact or care event between a subject of care and healthcare provider(s)."
        }
      },
      "es-ar" : {
        "at0000.1" : {
          "@type" : "ARCHETYPE_TERM",
          "code" : "at0000.1",
          "text" : "geneticDisordersDMD-workingDiagnosis-v1",
          "description" : "Interacción, contacto o evento de cuidados entre un sujeto de cuidados y uno o más proveedores de cuidados de la salud."
        }
      },
      "ko" : {
        "at0000.1" : {
          "@type" : "ARCHETYPE_TERM",
          "code" : "at0000.1",
          "text" : "geneticDisordersDMD-workingDiagnosis-v1",
          "description" : "*Interaction, contact or care event between a subject of care and healthcare provider(s).(en)"
        }
      },
      "pt-br" : {
        "at0000.1" : {
          "@type" : "ARCHETYPE_TERM",
          "code" : "at0000.1",
          "text" : "geneticDisordersDMD-workingDiagnosis-v1",
          "description" : "Interação, contato ou cuidado entre o sujeito do cuidado e profissional(is) de saúde."
        }
      },
      "es" : {
        "at0000.1" : {
          "@type" : "ARCHETYPE_TERM",
          "code" : "at0000.1",
          "text" : "geneticDisordersDMD-workingDiagnosis-v1",
          "description" : "Interacción, contacto o evento de cuidado entre un paciente y un proveedor de salud."
        }
      },
      "nl" : {
        "at0000.1" : {
          "@type" : "ARCHETYPE_TERM",
          "code" : "at0000.1",
          "text" : "geneticDisordersDMD-workingDiagnosis-v1",
          "description" : "Interactie, contact of zorggebeurtenis tussen een onderwerp van zorg en zorgverlener(s)."
        }
      },
      "sv" : {
        "at0000.1" : {
          "@type" : "ARCHETYPE_TERM",
          "code" : "at0000.1",
          "text" : "geneticDisordersDMD-workingDiagnosis-v1",
          "description" : "Interaktion, kontakt eller vårdhändelse mellan vårdtagare och vårdgivare inom hälso- och sjukvården."
        }
      },
      "de" : {
        "at0000.1" : {
          "@type" : "ARCHETYPE_TERM",
          "code" : "at0000.1",
          "text" : "geneticDisordersDMD-workingDiagnosis-v1",
          "description" : "Interaktion, Kontakt oder Versorgungsereignis, zwischen einem Versorgungsempfänger und einem Gesundheitsdienstleister."
        }
      },
      "fi" : {
        "at0000.1" : {
          "@type" : "ARCHETYPE_TERM",
          "code" : "at0000.1",
          "text" : "geneticDisordersDMD-workingDiagnosis-v1",
          "description" : "Hoitohenkilön ja terveydenhuollon tarjoajan välinen vuorovaikutus, kontakti- tai hoitotapahtuma."
        }
      },
      "it" : {
        "at0000.1" : {
          "@type" : "ARCHETYPE_TERM",
          "code" : "at0000.1",
          "text" : "geneticDisordersDMD-workingDiagnosis-v1",
          "description" : "Interazione, contatto o evento di cura tra un soggetto di cura e il/i fornitore/i di assistenza sanitaria."
        }
      },
      "fr" : {
        "at0000.1" : {
          "@type" : "ARCHETYPE_TERM",
          "code" : "at0000.1",
          "text" : "geneticDisordersDMD-workingDiagnosis-v1",
          "description" : "Interaction, contact ou événement de soins entre un sujet de soins et un ou des prestataires de soins."
        }
      },
      "nb" : {
        "at0000.1" : {
          "@type" : "ARCHETYPE_TERM",
          "code" : "at0000.1",
          "text" : "geneticDisordersDMD-workingDiagnosis-v1",
          "description" : "Interaksjon, kontakt eller omsorgshendelse mellom et individ og helsepersonell."
        }
      }
    },
    "termBindings" : { },
    "terminologyExtracts" : { },
    "valueSets" : { }
  },
  "adlVersion" : "1.4",
  "buildUid" : "ed2cc0eb-c508-3e66-a7bc-0e3f3e3f196f",
  "rmName" : "openehr",
  "rmRelease" : "1.1.0",
  "generated" : true,
  "templateId" : "geneticDisordersDMD-workingDiagnosis-v1",
  "otherMetaData" : { },
  "templateOverlays" : [ {
    "@type" : "TEMPLATE_OVERLAY",
    "uid" : "5a354064-13ef-40c6-a4d5-a0d37ce22f2d",
    "description" : {
      "@type" : "RESOURCE_DESCRIPTION",
      "originalAuthor" : { },
      "otherContributors" : [ ],
      "ipAcknowledgements" : { },
      "references" : { },
      "conversionDetails" : { },
      "otherDetails" : {
        "PARENT:MD5-CAM-1.0.1" : "8FE80F3E80C594AAF99D3BA540A53D73"
      },
      "details" : {
        "de" : {
          "@type" : "RESOURCE_DESCRIPTION_ITEM",
          "language" : {
            "terminologyId" : {
              "value" : "ISO_639-1"
            },
            "codeString" : "de"
          },
          "purpose" : "Eine generische Abschnittsüberschrift eines Templates, welche entsprechend dem spezifischen klinischen Kontext umbenannt werden sollte.",
          "keywords" : [ "Abschnitt", "Template", "Überschrift", "Ad hoc", "Abschnittsüberschrift" ],
          "use" : "Dieser Archetyp kann für die Erstellung einer Abschnittsüberschrift in einem Template verwendet werden. Die Überschrift kann, passend zu dem jeweiligen klinischen Kontext, umbenannt werden. Zum Beispiel: \"Ad hoc Überschrift\" wird umbenannt in \"Untersuchungsergebnisse\".\r\n\r\n",
          "misuse" : "Die Überschrift sollte in einem Template nicht unverändert verwendet werden.",
          "originalResourceUri" : { },
          "otherDetails" : { }
        },
        "sv" : {
          "@type" : "RESOURCE_DESCRIPTION_ITEM",
          "language" : {
            "terminologyId" : {
              "value" : "ISO_639-1"
            },
            "codeString" : "sv"
          },
          "purpose" : "En allmän avsnittsrubrik som döps om i en openEHR-mall för att passa in i en specifik klinisk kontext.",
          "keywords" : [ ],
          "use" : "Används för att skapa en avsnittsrubrik i en openEHR-mall som sedan döps om för att passa in i den specifika kliniska kontexten. Exempelvis \"Rubrik\" döps om till \"Undersökningsfynd\".",
          "misuse" : "Ska inte lämnas oförändrad i en openEHR-mall.",
          "originalResourceUri" : { },
          "otherDetails" : { }
        },
        "ru" : {
          "@type" : "RESOURCE_DESCRIPTION_ITEM",
          "language" : {
            "terminologyId" : {
              "value" : "ISO_639-1"
            },
            "codeString" : "ru"
          },
          "purpose" : "Базовый заголовок раздела, должен быть переименован в локальном шаблоне ",
          "keywords" : [ "раздел", "шаблон", "заготовка", "название", "образец" ],
          "use" : "используется для создания и именования разделов в локальных шаблонах",
          "misuse" : "*Not to be left unchanged in a template.(en)",
          "copyright" : "© openEHR Foundation",
          "originalResourceUri" : { },
          "otherDetails" : { }
        },
        "nb" : {
          "@type" : "RESOURCE_DESCRIPTION_ITEM",
          "language" : {
            "terminologyId" : {
              "value" : "ISO_639-1"
            },
            "codeString" : "nb"
          },
          "purpose" : "Brukes som en generisk seksjonsoverskrift som skal gis nytt navn i en templat for å passe i en gitt klinisk kontekst.",
          "keywords" : [ ],
          "use" : "Brukes til å lage en seksjonsoverskrift i en templat, hvis navn deretter endres for å passe i den aktuelle kliniske konteksten. For eksempel: \"Templat-overskrift\" endret til \"Funn ved undersøkelse\", \"Anamnese\", \"Personopplysninger\" eller \"Oppsummering\".",
          "misuse" : "Skal ikke stå med uendret navn i en templat.",
          "originalResourceUri" : { },
          "otherDetails" : { }
        },
        "es-ar" : {
          "@type" : "RESOURCE_DESCRIPTION_ITEM",
          "language" : {
            "terminologyId" : {
              "value" : "ISO_639-1"
            },
            "codeString" : "es-ar"
          },
          "purpose" : "Proporcionar un encabezado de sección de tipo genérico que será renombrado en una plantilla para su empleo en un contexto clínico específico.",
          "keywords" : [ ],
          "use" : "Utilizar para construir un encabezado de sección en una plantilla y que será renombrado para su empleo en un contexto clínico específico. Por ejemplo, \"Encabezado ad hoc\" puede renombrarse como \"Hallazgos de examen\".",
          "misuse" : "No debe mantenerse sin cambios en una plantilla.",
          "copyright" : "© openEHR Foundation",
          "originalResourceUri" : { },
          "otherDetails" : { }
        },
        "pt-br" : {
          "@type" : "RESOURCE_DESCRIPTION_ITEM",
          "language" : {
            "terminologyId" : {
              "value" : "ISO_639-1"
            },
            "codeString" : "pt-br"
          },
          "purpose" : "Oferecer um cabeçalho de uma sessão genérica que será renomeado no template para adequar-se a um contexto clínico específico.",
          "keywords" : [ "cabeçalho" ],
          "use" : "Utilize para construir um cabeçalho de uma sessão (de um template) que será renomeada para adequar-se a um contexto clínico específico. Por exemplo: \"cabeçalho Ad hoc\" renomeado para \"Achados de exame\".",
          "misuse" : "Não deve manter a configuração original no template.",
          "originalResourceUri" : { },
          "otherDetails" : { }
        },
        "en" : {
          "@type" : "RESOURCE_DESCRIPTION_ITEM",
          "language" : {
            "terminologyId" : {
              "value" : "ISO_639-1"
            },
            "codeString" : "en"
          },
          "purpose" : "To provide a generic section header which will be renamed in a template to suit a specific clinical context.",
          "keywords" : [ ],
          "use" : "Use to construct a section heading in a template that will be renamed to suit the specific clinical context. For example: \"Ad hoc heading\" renamed to \"Examination findings\".",
          "misuse" : "Not to be left unchanged in a template.",
          "copyright" : "© openEHR Foundation",
          "originalResourceUri" : { },
          "otherDetails" : { }
        },
        "sl" : {
          "@type" : "RESOURCE_DESCRIPTION_ITEM",
          "language" : {
            "terminologyId" : {
              "value" : "ISO_639-1"
            },
            "codeString" : "sl"
          },
          "purpose" : "*To provide a generic section header which will be renamed in a template to suit a specific clinical context.(en)",
          "keywords" : [ ],
          "use" : "*Use to construct a section heading in a template that will be renamed to suit the specific clinical context. For example: \"Ad hoc heading\" renamed to \"Examination findings\".(en)",
          "misuse" : "*Not to be left unchanged in a template.(en)",
          "copyright" : "© openEHR Foundation",
          "originalResourceUri" : { },
          "otherDetails" : { }
        },
        "it" : {
          "@type" : "RESOURCE_DESCRIPTION_ITEM",
          "language" : {
            "terminologyId" : {
              "value" : "ISO_639-1"
            },
            "codeString" : "it"
          },
          "purpose" : "Fornire un'intestazione generica della sezione che sarà rinominata in un template per adattarsi ad uno specifico contesto clinico.",
          "keywords" : [ ],
          "use" : "Usato per costruire un'intestazione di sezione in un template che sarà rinominato in base al contesto clinico specifico. Per esempio: \"Intestazione ad hoc\" rinominata in \"Risultati dell'esame\".",
          "misuse" : "Non deve essere lasciato invariato in un template.",
          "originalResourceUri" : { },
          "otherDetails" : { }
        },
        "fr" : {
          "@type" : "RESOURCE_DESCRIPTION_ITEM",
          "language" : {
            "terminologyId" : {
              "value" : "ISO_639-1"
            },
            "codeString" : "fr"
          },
          "purpose" : "*To provide a generic section header which will be renamed in a template to suit a specific clinical context.(en)",
          "keywords" : [ ],
          "use" : "*Use to construct a section heading in a template that will be renamed to suit the specific clinical context. For example: \"Ad hoc heading\" renamed to \"Examination findings\".(en)",
          "misuse" : "*Not to be left unchanged in a template.(en)",
          "originalResourceUri" : { },
          "otherDetails" : { }
        }
      }
    },
    "parentArchetypeId" : "openEHR-EHR-SECTION.adhoc.v1",
    "differential" : true,
    "archetypeId" : {
      "@type" : "ARCHETYPE_HRID",
      "value" : "openEHR-EHR-SECTION.ovl-adhoc-001.v1"
    },
    "definition" : {
      "@type" : "C_COMPLEX_OBJECT",
      "rmTypeName" : "SECTION",
      "nodeId" : "at0000.1",
      "attributes" : [ {
        "@type" : "C_ATTRIBUTE",
        "rmAttributeName" : "items",
        "existence" : "0..1",
        "cardinality" : {
          "@type" : "CARDINALITY",
          "interval" : "1..*",
          "ordered" : false,
          "unique" : false
        },
        "children" : [ {
          "@type" : "C_ARCHETYPE_ROOT",
          "rmTypeName" : "OBSERVATION",
          "occurrences" : "0..1",
          "nodeId" : "at0.6",
          "attributes" : [ ],
          "attributeTuples" : [ ],
          "archetypeRef" : "openEHR-EHR-OBSERVATION.ovl-problem_screening-001.v1",
          "referenceType" : "archetypeOverlay"
        } ]
      } ],
      "attributeTuples" : [ ]
    },
    "terminology" : {
      "@type" : "ARCHETYPE_TERMINOLOGY",
      "conceptCode" : "at0000",
      "termDefinitions" : {
        "en" : { },
        "ru" : { },
        "es-ar" : { },
        "sl" : { },
        "nb" : { },
        "pt-br" : { },
        "sv" : { },
        "de" : { },
        "it" : { },
        "fr" : { }
      },
      "termBindings" : { },
      "terminologyExtracts" : { },
      "valueSets" : { }
    },
    "adlVersion" : "1.4",
    "buildUid" : "46fe0e95-f5cc-44c8-8616-3b9fd0ca6e61",
    "rmName" : "openehr",
    "rmRelease" : "1.1.0",
    "generated" : true,
    "otherMetaData" : { },
    "originalLanguage" : {
      "terminologyId" : {
        "value" : "ISO_639-1"
      },
      "codeString" : "en"
    },
    "translations" : [ {
      "@type" : "TRANSLATION_DETAILS",
      "language" : {
        "terminologyId" : {
          "value" : "ISO_639-1"
        },
        "codeString" : "de"
      },
      "author" : {
        "name" : "Ramona Wellmann",
        "organisation" : "Medizinische Hochschule Hannover",
        "email" : "wellmann.ramona@mh-hannover.de"
      },
      "otherDetails" : { }
    }, {
      "@type" : "TRANSLATION_DETAILS",
      "language" : {
        "terminologyId" : {
          "value" : "ISO_639-1"
        },
        "codeString" : "ru"
      },
      "author" : {
        "name" : "Art Latyp Латыпов Артур Шамилевич",
        "organisation" : "RusBITech РусБИТех, Москва"
      },
      "otherDetails" : { }
    }, {
      "@type" : "TRANSLATION_DETAILS",
      "language" : {
        "terminologyId" : {
          "value" : "ISO_639-1"
        },
        "codeString" : "sv"
      },
      "author" : {
        "name" : "Daniel Hall",
        "organisation" : "Region Östergötland",
        "email" : "daniel.hall@regionostergotland.se"
      },
      "accreditation" : "Åsa Skagerhult, Lisa Axelsson",
      "otherDetails" : { }
    }, {
      "@type" : "TRANSLATION_DETAILS",
      "language" : {
        "terminologyId" : {
          "value" : "ISO_639-1"
        },
        "codeString" : "es-ar"
      },
      "author" : {
        "name" : "Alan March",
        "organisation" : "Hospital Universitario Austral, Buenos Aires, Argentina"
      },
      "otherDetails" : { }
    }, {
      "@type" : "TRANSLATION_DETAILS",
      "language" : {
        "terminologyId" : {
          "value" : "ISO_639-1"
        },
        "codeString" : "nb"
      },
      "author" : {
        "einar.fosse@unn.no" : "einar.fosse@unn.no",
        "name" : "Einar Fosse",
        "organisation" : "Norwegian Centre for Integrated Care and Telemedicine, Tromsø, Norway"
      },
      "otherDetails" : { }
    }, {
      "@type" : "TRANSLATION_DETAILS",
      "language" : {
        "terminologyId" : {
          "value" : "ISO_639-1"
        },
        "codeString" : "pt-br"
      },
      "author" : {
        "name" : "Vladimir Pizzo",
        "organisation" : "Hospital Sírio Libanês, São Paulo, Brazil",
        "email" : "vladimir.pizzo@hsl.org.br"
      },
      "otherDetails" : { }
    }, {
      "@type" : "TRANSLATION_DETAILS",
      "language" : {
        "terminologyId" : {
          "value" : "ISO_639-1"
        },
        "codeString" : "sl"
      },
      "author" : {
        "name" : "?"
      },
      "otherDetails" : { }
    }, {
      "@type" : "TRANSLATION_DETAILS",
      "language" : {
        "terminologyId" : {
          "value" : "ISO_639-1"
        },
        "codeString" : "it"
      },
      "author" : {
        "name" : "Paolo Anedda",
        "organisation" : "Inpeco",
        "email" : "paolo.anedda@inpeco.com"
      },
      "otherDetails" : { }
    }, {
      "@type" : "TRANSLATION_DETAILS",
      "language" : {
        "terminologyId" : {
          "value" : "ISO_639-1"
        },
        "codeString" : "fr"
      },
      "author" : {
        "name" : "Vanessa Pereira",
        "organisation" : "Better - Pathfinder",
        "email" : "vanessapereira@protonmail.com"
      },
      "otherDetails" : { }
    } ]
  }, {
    "@type" : "TEMPLATE_OVERLAY",
    "uid" : "af75b649-62da-4b20-a2d5-24bb029dd78a",
    "description" : {
      "@type" : "RESOURCE_DESCRIPTION",
      "originalAuthor" : { },
      "otherContributors" : [ ],
      "ipAcknowledgements" : { },
      "references" : { },
      "conversionDetails" : { },
      "otherDetails" : {
        "PARENT:MD5-CAM-1.0.1" : "235CEC5164F346AEFA23E18FE6D401AF"
      },
      "details" : {
        "de" : {
          "@type" : "RESOURCE_DESCRIPTION_ITEM",
          "language" : {
            "terminologyId" : {
              "value" : "ISO_639-1"
            },
            "codeString" : "de"
          },
          "purpose" : "*To create a framework for recording answers about problems or diagnoses, to the questions of a pre-defined screening questionnaire. (en)",
          "keywords" : [ "*Condition, state, illness, syndrome, questionnaire, screening, issue (en)" ],
          "use" : "*Use to create a framework for recording answers to pre-defined screening questions about issues, problems or diagnoses. \r\nThis archeype has deliberately been loosely modelled to be inclusive of the broadest range of issues and problems, as well as diagnoses.\r\n\r\nCommon use cases include, but are not limited to:\r\n- Systematic questioning in any consultation, for example:\r\n--- Diagnosed with cancer? Yes, No, Unknown.\r\n--- Diagnosed with COVID 19 or Influenza in the past twelve months? Yes, No, Unknown.\r\n--- Do you have any worries or concerns? Yes, No, Unknown.\r\n- Specific questioning related to disease surveillance.\r\n\r\nThe semantics of this archetype are intentionally loose, and querying this archetype would normally only be useful or safe within the context of each specific template. In a template, each data element would usually be renamed to the specific question asked. Where value sets have been proposed for common use cases, these can be adapted for local use by using the 'text' choice to match each specific use case.\r\n\r\nThe EVENT structure from the reference model can be used to specify whether the questions relate to point in time or over a period of time. Use a separate instance of this archetype to distinguish between a questionnaire recording information about a procedure that has been performed at any time in the past and information about a procedure performed within a specified time interval - for example the difference between \"Do you have influenza?\" compared to \"Have you had influenza in the past 4 weeks?\"\r\n\r\nThe source of the information in a questionnaire response may vary in different contexts but can be specifically identified using the 'Information provider' element in the Reference Model.\r\n\r\nThis archetype has been designed to be used as a screening tool or to record simple questionnaire-format data for use in situations such as a disease registry. If the screening questionnaire identifies the presence of a problem or diagnosis, it is recommended that clinical system record and persist the specific details about the problem or diagnosis (such as the date of clinical recognition) using the EVALUATION.problem_diagnosis archetype. (en)",
          "misuse" : "*Not to be used to record details about the presence or absence of a problem or diagnosis, outside of a screening context. Use EVALUATION.problem_diagnosis or EVALUATION.exclusion_specific for these purposes.\r\n\r\nNot to be used to to create a framework for recording answers to pre-defined screening questions about procedures that has been carried out in the past. Use the OBSERVATION.procedure_screening for this purpose.\r\n\r\nNot to be used to to create a framework for recording answers to pre-defined screening questions about adverse reactions, use an appropriate archetype for this purpose.\r\n\r\nNot to be used to record details about a simple selection list where a question may be recorded as either \"present\" or \"indeterminate\". Use OBSERVATION.selection_list for this purpose. (en)",
          "originalResourceUri" : { },
          "otherDetails" : { }
        },
        "nb" : {
          "@type" : "RESOURCE_DESCRIPTION_ITEM",
          "language" : {
            "terminologyId" : {
              "value" : "ISO_639-1"
            },
            "codeString" : "nb"
          },
          "purpose" : "For å lage et rammeverk for registrering av svar på forhåndsdefinerte spørsmål om bekymringer, plager, problemer eller diagnoser.",
          "keywords" : [ "tilstand, sykdom, syndrom, spørreskjema, kartlegging, bekymring, plage" ],
          "use" : "Brukes for å lage et rammeverk for registrering av svar på forhåndsdefinerte spørsmål om bekymringer, plager, problemer eller diagnoser.\r\nArketypen er løst modellert for å inkludere det bredeste spekteret av bekymringer, plager og problemer, samt diagnoser.\r\n\r\nVanlige bruksområder inkluderer, men er ikke begrenset til:\r\n- Systematiske spørsmål ved konsultasjoner, for eksempel:\r\n--- Diagnostisert med kreft? Ja, Nei, Ukjent.\r\n--- Diagnostisert med Covid 19 eller influensa de siste tolv månedene? Ja, Nei, Ukjent.\r\n- Spesifikke spørsmål relatert til overvåkning av sykdommer.\r\n\r\nSemantikken til denne arketypen er med vilje løst definert, og spørringer etter data i denne arketypen vil normalt bare være hensiktsmessig eller sikkert i konteksten av det spesifikke templatet. I et templat vil hvert dataelement vanligvis døpes om til det (spesifikke) spørsmålet man ønsker svar på. Flere steder er det foreslått verdisett som passer til de vanligste bruksområder, men det er allikevel mulig å tilpasse/endre verdisett for lokal bruk ved å benytte de alternative datatypene DV_TEXT eller DV_BOOLEAN for å harmonere verdisettet til hvert enkelt brukstilfelle.\r\n\r\nEVENT-strukturen fra arketypens referansemodell kan brukes for å spesifisere om spørsmålene relateres til et tidspunkt eller til et tidsintervall.\r\nBruk egne instanser av denne arketypen for å skille mellom spørsmål om prosedyrer som er gjennomførte på et hvilket som helst tidspunkt og spørsmål om prosedyrer som er gjennomført i et tidsintervall. For eksempel; \"Har du influensa?\" sammenlignet med \"Har du hatt influensa de siste 4 ukene?\".\r\n\r\nKilden til informasjonen i et spørreskjema kan variere i ulike kontekster, men kan identifiseres spesifikt ved å benytte \"Information provider\" elementet i openEHR referansemodellen.\r\n\r\nDenne arketypen er laget for å bli brukt i et spørreskjema eller for å registrere enkle strukturerte data til for eksempel et sykdomsregister. Dersom det i kartleggingen identifiseres at et problem eller en diagnose er tilstede, anbefales det at spesifikke detaljer om problemet eller diagnosen (som for eksempel diagnosedato) registreres og lagres i pasientjournalen i arketypen EVALUATION.problem_diagnosis (Problem/diagnose).",
          "misuse" : "\t\r\nBrukes ikke for å registrere detaljer om tilstedeværelse eller fravær av et problem eller en diagnose utenfor konteksten av kartleggingen. Bruk arketypen EVALUATION.problem_diagnosis eller EVALUATION.exclusion_specific for dette formålet.\r\n\r\nBrukes ikke for å lage et rammeverk for registrering av svar på forhåndsdefinerte spørsmål om gjennomførte prosedyrer, bruk arketypen OBSERVATION.procedure_screening for dette formålet.\r\n\r\nBrukes ikke for å lage et rammeverk for registrering av svar på forhåndsdefinerte spørsmål om overfølsomhetsreaksjoner, bruk arketypen OBSERVATION.adverse_reaction_screening for dette formålet.\r\n\r\nBrukes ikke for å registrere detaljer om en enkel utvalgsliste der et spørsmål kan registreres som enten \"Tilstede\" eller \"Ubestemt\". Bruk arketypen OBSERVATION.selection_list for dette formålet.",
          "originalResourceUri" : { },
          "otherDetails" : { }
        },
        "en" : {
          "@type" : "RESOURCE_DESCRIPTION_ITEM",
          "language" : {
            "terminologyId" : {
              "value" : "ISO_639-1"
            },
            "codeString" : "en"
          },
          "purpose" : "To create a framework for recording answers to pre-defined screening questions about issues, problems or diagnoses.",
          "keywords" : [ "Condition, state, illness, syndrome, questionnaire, screening, issue" ],
          "use" : "Use to create a framework for recording answers to pre-defined screening questions about issues, problems or diagnoses. \r\nThis archeype has deliberately been loosely modelled to be inclusive of the broadest range of issues and problems, as well as diagnoses.\r\n\r\nCommon use cases include, but are not limited to:\r\n- Systematic questioning in any consultation, for example:\r\n--- Diagnosed with cancer? Yes, No, Unknown.\r\n--- Diagnosed with COVID 19 or Influenza in the past twelve months? Yes, No, Unknown.\r\n--- Do you have any worries or concerns? Yes, No, Unknown.\r\n- Specific questioning related to disease surveillance.\r\n\r\nThe semantics of this archetype are intentionally loose, and querying this archetype would normally only be useful or safe within the context of each specific template. In a template, each data element would usually be renamed to the specific question asked. Where value sets have been proposed for common use cases, these can be adapted for local use by using the DV_TEXT or the DV_BOOLEAN datatypes choice to match each specific use case.\r\n\r\nThe EVENT structure from the reference model can be used to specify whether the questions relate to point in time or over a period of time. Use a separate instance of this archetype to distinguish between a questionnaire recording information about a procedure that has been performed at any time in the past and information about a procedure performed within a specified time interval - for example the difference between \"Do you have influenza?\" compared to \"Have you had influenza in the past 4 weeks?\"\r\n\r\nThe source of the information in a questionnaire response may vary in different contexts but can be specifically identified using the 'Information provider' element in the Reference Model.\r\n\r\nThis archetype has been designed to be used as a screening tool or to record simple questionnaire-format data for use in situations such as a disease registry. If the screening questionnaire identifies the presence of a problem or diagnosis, it is recommended that clinical system record and persist the specific details about the problem or diagnosis (such as the date of clinical recognition) using the EVALUATION.problem_diagnosis archetype.",
          "misuse" : "Not to be used to record details about the presence or absence of a problem or diagnosis, outside of a screening context. Use EVALUATION.problem_diagnosis or EVALUATION.exclusion_specific for these purposes.\r\n\r\nNot to be used to to create a framework for recording answers to pre-defined screening questions about procedures that has been carried out in the past. Use the OBSERVATION.procedure_screening for this purpose.\r\n\r\nNot to be used to to create a framework for recording answers to pre-defined screening questions about adverse reactions, use an appropriate archetype for this purpose.\r\n\r\nNot to be used to record details about a simple selection list where a question may be recorded as either \"present\" or \"indeterminate\". Use OBSERVATION.selection_list for this purpose.",
          "originalResourceUri" : { },
          "otherDetails" : { }
        },
        "nl" : {
          "@type" : "RESOURCE_DESCRIPTION_ITEM",
          "language" : {
            "terminologyId" : {
              "value" : "ISO_639-1"
            },
            "codeString" : "nl"
          },
          "purpose" : "*To create a framework for recording answers to pre-defined screening questions about problems or diagnoses.(en)",
          "keywords" : [ "*Condition, state, illness, syndrome, questionnaire, screening, issue (en)" ],
          "use" : "*Use to create a framework for recording answers to pre-defined screening questions about issues, problems or diagnoses. \r\nThis archeype has deliberately been loosely modelled to be inclusive of the broadest range of issues and problems, as well as diagnoses.\r\n\r\nCommon use cases include, but are not limited to:\r\n- Systematic questioning in any consultation, for example:\r\n--- Diagnosed with cancer? Yes, No, Unknown.\r\n--- Diagnosed with COVID 19 or Influenza in the past twelve months? Yes, No, Unknown.\r\n--- Do you have any worries or concerns? Yes, No, Unknown.\r\n- Specific questioning related to disease surveillance.\r\n\r\nThe semantics of this archetype are intentionally loose, and querying this archetype would normally only be useful or safe within the context of each specific template. In a template, each data element would usually be renamed to the specific question asked. Where value sets have been proposed for common use cases, these can be adapted for local use by using the 'text' choice to match each specific use case.\r\n\r\nThe EVENT structure from the reference model can be used to specify whether the questions relate to point in time or over a period of time. Use a separate instance of this archetype to distinguish between a questionnaire recording information about a procedure that has been performed at any time in the past and information about a procedure performed within a specified time interval - for example the difference between \"Do you have influenza?\" compared to \"Have you had influenza in the past 4 weeks?\"\r\n\r\nThe source of the information in a questionnaire response may vary in different contexts but can be specifically identified using the 'Information provider' element in the Reference Model.\r\n\r\nThis archetype has been designed to be used as a screening tool or to record simple questionnaire-format data for use in situations such as a disease registry. If the screening questionnaire identifies the presence of a problem or diagnosis, it is recommended that clinical system record and persist the specific details about the problem or diagnosis (such as the date of clinical recognition) using the EVALUATION.problem_diagnosis archetype. (en)",
          "misuse" : "*Not to be used to record details about the presence or absence of a problem or diagnosis, outside of a screening context. Use EVALUATION.problem_diagnosis or EVALUATION.exclusion_specific for these purposes.\r\n\r\nNot to be used to to create a framework for recording answers to pre-defined screening questions about procedures that has been carried out in the past. Use the OBSERVATION.procedure_screening for this purpose.\r\n\r\nNot to be used to to create a framework for recording answers to pre-defined screening questions about adverse reactions, use an appropriate archetype for this purpose.\r\n\r\nNot to be used to record details about a simple selection list where a question may be recorded as either \"present\" or \"indeterminate\". Use OBSERVATION.selection_list for this purpose. (en)",
          "originalResourceUri" : { },
          "otherDetails" : { }
        }
      }
    },
    "parentArchetypeId" : "openEHR-EHR-OBSERVATION.problem_screening.v1",
    "differential" : true,
    "archetypeId" : {
      "@type" : "ARCHETYPE_HRID",
      "value" : "openEHR-EHR-OBSERVATION.ovl-problem_screening-001.v1"
    },
    "definition" : {
      "@type" : "C_COMPLEX_OBJECT",
      "rmTypeName" : "OBSERVATION",
      "nodeId" : "at0000.1",
      "attributes" : [ {
        "@type" : "C_ATTRIBUTE",
        "rmAttributeName" : "data",
        "children" : [ {
          "@type" : "C_COMPLEX_OBJECT",
          "rmTypeName" : "HISTORY",
          "nodeId" : "at0001",
          "attributes" : [ {
            "@type" : "C_ATTRIBUTE",
            "rmAttributeName" : "events",
            "children" : [ {
              "@type" : "C_COMPLEX_OBJECT",
              "rmTypeName" : "EVENT",
              "nodeId" : "at0002",
              "attributes" : [ {
                "@type" : "C_ATTRIBUTE",
                "rmAttributeName" : "data",
                "children" : [ {
                  "@type" : "C_COMPLEX_OBJECT",
                  "rmTypeName" : "ITEM_TREE",
                  "nodeId" : "at0003",
                  "attributes" : [ {
                    "@type" : "C_ATTRIBUTE",
                    "rmAttributeName" : "items",
                    "children" : [ {
                      "@type" : "C_COMPLEX_OBJECT",
                      "rmTypeName" : "ELEMENT",
                      "occurrences" : "0..0",
                      "nodeId" : "at0034.1",
                      "attributes" : [ ],
                      "attributeTuples" : [ ]
                    }, {
                      "@type" : "C_COMPLEX_OBJECT",
                      "rmTypeName" : "ELEMENT",
                      "occurrences" : "0..0",
                      "nodeId" : "at0028.1",
                      "attributes" : [ {
                        "@type" : "C_ATTRIBUTE",
                        "rmAttributeName" : "value",
                        "children" : [ {
                          "@type" : "C_COMPLEX_OBJECT",
                          "rmTypeName" : "DV_CODED_TEXT",
                          "attributes" : [ {
                            "@type" : "C_ATTRIBUTE",
                            "rmAttributeName" : "defining_code",
                            "children" : [ {
                              "@type" : "C_TERMINOLOGY_CODE",
                              "rmTypeName" : "CODE_PHRASE",
                              "occurrences" : "1..1",
                              "terminologyId" : {
                                "value" : "local"
                              },
                              "constraint" : [ "at0031", "at0032", "at0033" ]
                            } ]
                          } ],
                          "attributeTuples" : [ ]
                        }, {
                          "@type" : "C_COMPLEX_OBJECT",
                          "rmTypeName" : "DV_TEXT",
                          "attributes" : [ ],
                          "attributeTuples" : [ ]
                        }, {
                          "@type" : "C_COMPLEX_OBJECT",
                          "rmTypeName" : "DV_BOOLEAN",
                          "attributes" : [ ],
                          "attributeTuples" : [ ]
                        } ]
                      } ],
                      "attributeTuples" : [ ]
                    }, {
                      "@type" : "C_COMPLEX_OBJECT",
                      "rmTypeName" : "ELEMENT",
                      "occurrences" : "0..0",
                      "nodeId" : "at0043.1",
                      "attributes" : [ ],
                      "attributeTuples" : [ ]
                    }, {
                      "@type" : "C_COMPLEX_OBJECT",
                      "rmTypeName" : "CLUSTER",
                      "nodeId" : "at0022",
                      "attributes" : [ {
                        "@type" : "C_ATTRIBUTE",
                        "rmAttributeName" : "items",
                        "children" : [ {
                          "@type" : "C_COMPLEX_OBJECT",
                          "rmTypeName" : "ELEMENT",
                          "nodeId" : "at0004.1",
                          "attributes" : [ {
                            "@type" : "C_ATTRIBUTE",
                            "rmAttributeName" : "value",
                            "children" : [ {
                              "@type" : "C_COMPLEX_OBJECT",
                              "rmTypeName" : "DV_CODED_TEXT",
                              "occurrences" : "1..1",
                              "attributes" : [ {
                                "@type" : "C_ATTRIBUTE",
                                "rmAttributeName" : "defining_code",
                                "children" : [ {
                                  "@type" : "C_TERMINOLOGY_CODE",
                                  "rmTypeName" : "TERMINOLOGY_CODE",
                                  "occurrences" : "0..1",
                                  "terminologyId" : {
                                    "value" : "SNOMED-CT"
                                  },
                                  "constraint" : [ ],
                                  "selectedTerminologies" : [ "SNOMED-CT" ],
                                  "includedExternalTerminologyCodes" : [ {
                                    "terminologyId" : "SNOMED-CT",
                                    "code" : "31874001",
                                    "value" : "Ya"
                                  }, {
                                    "terminologyId" : "SNOMED-CT",
                                    "code" : "64100000",
                                    "value" : "Tidak"
                                  } ]
                                } ]
                              } ],
                              "attributeTuples" : [ ]
                            } ]
                          } ],
                          "attributeTuples" : [ ]
                        }, {
                          "@type" : "C_COMPLEX_OBJECT",
                          "rmTypeName" : "ELEMENT",
                          "occurrences" : "0..0",
                          "nodeId" : "at0005.1",
                          "attributes" : [ {
                            "@type" : "C_ATTRIBUTE",
                            "rmAttributeName" : "value",
                            "children" : [ {
                              "@type" : "C_COMPLEX_OBJECT",
                              "rmTypeName" : "DV_CODED_TEXT",
                              "attributes" : [ {
                                "@type" : "C_ATTRIBUTE",
                                "rmAttributeName" : "defining_code",
                                "children" : [ {
                                  "@type" : "C_TERMINOLOGY_CODE",
                                  "rmTypeName" : "CODE_PHRASE",
                                  "occurrences" : "1..1",
                                  "terminologyId" : {
                                    "value" : "local"
                                  },
                                  "constraint" : [ "at0023", "at0024", "at0027" ]
                                } ]
                              } ],
                              "attributeTuples" : [ ]
                            }, {
                              "@type" : "C_COMPLEX_OBJECT",
                              "rmTypeName" : "DV_TEXT",
                              "attributes" : [ ],
                              "attributeTuples" : [ ]
                            }, {
                              "@type" : "C_COMPLEX_OBJECT",
                              "rmTypeName" : "DV_BOOLEAN",
                              "attributes" : [ ],
                              "attributeTuples" : [ ]
                            } ]
                          } ],
                          "attributeTuples" : [ ]
                        }, {
                          "@type" : "C_COMPLEX_OBJECT",
                          "rmTypeName" : "ELEMENT",
                          "occurrences" : "1..1",
                          "nodeId" : "at0040.1",
                          "attributes" : [ {
                            "@type" : "C_ATTRIBUTE",
                            "rmAttributeName" : "value",
                            "children" : [ {
                              "@type" : "C_COMPLEX_OBJECT",
                              "rmTypeName" : "DV_DATE_TIME",
                              "attributes" : [ {
                                "@type" : "C_ATTRIBUTE",
                                "rmAttributeName" : "value",
                                "children" : [ {
                                  "@type" : "C_DATE_TIME",
                                  "rmTypeName" : "DATE_TIME",
                                  "patternedConstraint" : "yyyy-mm-ddTXX:XX:XX",
                                  "constraint" : [ ]
                                } ]
                              } ],
                              "attributeTuples" : [ ]
                            } ]
                          } ],
                          "attributeTuples" : [ ]
                        }, {
                          "@type" : "C_COMPLEX_OBJECT",
                          "rmTypeName" : "ELEMENT",
                          "occurrences" : "1..1",
                          "nodeId" : "at0040.3",
                          "attributes" : [ {
                            "@type" : "C_ATTRIBUTE",
                            "rmAttributeName" : "value",
                            "children" : [ {
                              "@type" : "C_COMPLEX_OBJECT",
                              "rmTypeName" : "DV_CODED_TEXT",
                              "occurrences" : "1..1",
                              "attributes" : [ {
                                "@type" : "C_ATTRIBUTE",
                                "rmAttributeName" : "defining_code",
                                "children" : [ {
                                  "@type" : "C_TERMINOLOGY_CODE",
                                  "rmTypeName" : "TERMINOLOGY_CODE",
                                  "occurrences" : "0..1",
                                  "terminologyId" : {
                                    "value" : "local_terms"
                                  },
                                  "constraint" : [ ],
                                  "selectedTerminologies" : [ "local_terms" ],
                                  "includedExternalTerminologyCodes" : [ {
                                    "terminologyId" : "local_terms",
                                    "code" : "1",
                                    "value" : "DMD"
                                  }, {
                                    "terminologyId" : "local_terms",
                                    "code" : "2",
                                    "value" : "BMD"
                                  }, {
                                    "terminologyId" : "local_terms",
                                    "code" : "3",
                                    "value" : "Lainnya"
                                  } ]
                                } ]
                              } ],
                              "attributeTuples" : [ ]
                            } ]
                          } ],
                          "attributeTuples" : [ ]
                        }, {
                          "@type" : "C_COMPLEX_OBJECT",
                          "rmTypeName" : "ELEMENT",
                          "occurrences" : "1..1",
                          "nodeId" : "at0040.2",
                          "attributes" : [ {
                            "@type" : "C_ATTRIBUTE",
                            "rmAttributeName" : "value",
                            "children" : [ {
                              "@type" : "C_COMPLEX_OBJECT",
                              "rmTypeName" : "DV_TEXT",
                              "attributes" : [ ],
                              "attributeTuples" : [ ]
                            } ]
                          } ],
                          "attributeTuples" : [ ]
                        }, {
                          "@type" : "C_COMPLEX_OBJECT",
                          "rmTypeName" : "ELEMENT",
                          "occurrences" : "0..0",
                          "nodeId" : "at0025.1",
                          "attributes" : [ {
                            "@type" : "C_ATTRIBUTE",
                            "rmAttributeName" : "value",
                            "children" : [ {
                              "@type" : "C_COMPLEX_OBJECT",
                              "rmTypeName" : "DV_CODED_TEXT",
                              "occurrences" : "1..1",
                              "attributes" : [ {
                                "@type" : "C_ATTRIBUTE",
                                "rmAttributeName" : "defining_code",
                                "children" : [ {
                                  "@type" : "C_TERMINOLOGY_CODE",
                                  "rmTypeName" : "TERMINOLOGY_CODE",
                                  "occurrences" : "0..1",
                                  "terminologyId" : {
                                    "value" : "local_terms"
                                  },
                                  "constraint" : [ ],
                                  "selectedTerminologies" : [ "local_terms" ],
                                  "includedExternalTerminologyCodes" : [ {
                                    "terminologyId" : "local_terms",
                                    "code" : "1",
                                    "value" : "DMD"
                                  }, {
                                    "terminologyId" : "local_terms",
                                    "code" : "2",
                                    "value" : "BMD"
                                  }, {
                                    "terminologyId" : "local_terms",
                                    "code" : "3",
                                    "value" : "Lainnya"
                                  } ]
                                } ]
                              } ],
                              "attributeTuples" : [ ]
                            } ]
                          } ],
                          "attributeTuples" : [ ]
                        } ]
                      } ],
                      "attributeTuples" : [ ]
                    } ]
                  } ],
                  "attributeTuples" : [ ]
                } ]
              } ],
              "attributeTuples" : [ ]
            } ]
          } ],
          "attributeTuples" : [ ]
        } ]
      } ],
      "attributeTuples" : [ ]
    },
    "terminology" : {
      "@type" : "ARCHETYPE_TERMINOLOGY",
      "conceptCode" : "at0000",
      "termDefinitions" : {
        "en" : {
          "at0040.1" : {
            "@type" : "ARCHETYPE_TERM",
            "code" : "at0040.1",
            "text" : "Tanggal Diagnosis",
            "description" : "Timing of the initial recognition of the issue, problem or diagnosis.",
            "comment" : "The 'Onset' data element is deliberately loosely modelled to support the myriad of ways that it can be used in questionnaires to capture the onset of a problem or the timing of a diagnosis. The specific and intended semantics can be further clarified in a template. \r\n\r\nFor example:\r\nDate/time for the date of diagnosis. Interval of date/time for a period of time eg. between 1940 and 1942. Text for descriptions like 'Immediately after the operation', or 'Up to one week ago', 'Up to two weeks ago', 'Three weeks ago'. Duration for the individual's age at the onset. Interval of Duration for the approximate age of the individual at the time of onset."
          },
          "at0025.1" : {
            "@type" : "ARCHETYPE_TERM",
            "code" : "at0025.1",
            "text" : "Diagnosis",
            "description" : "Additional narrative about the specific issue, problem or diagnosis question, not captured in other fields."
          },
          "at0004.1" : {
            "@type" : "ARCHETYPE_TERM",
            "code" : "at0004.1",
            "text" : "Sedang mengikuti uji klinik obat",
            "description" : "Identification of an issue, problem or diagnosis, or grouping of issues, problems or diagnoses, by name.",
            "comment" : "Coding of the 'Problem/diagnosis name' with a terminology is preferred, where possible."
          },
          "at0040.2" : {
            "@type" : "ARCHETYPE_TERM",
            "code" : "at0040.2",
            "text" : "Diagnosis Lainnya",
            "description" : "Timing of the initial recognition of the issue, problem or diagnosis.",
            "comment" : "The 'Onset' data element is deliberately loosely modelled to support the myriad of ways that it can be used in questionnaires to capture the onset of a problem or the timing of a diagnosis. The specific and intended semantics can be further clarified in a template. \r\n\r\nFor example:\r\nDate/time for the date of diagnosis. Interval of date/time for a period of time eg. between 1940 and 1942. Text for descriptions like 'Immediately after the operation', or 'Up to one week ago', 'Up to two weeks ago', 'Three weeks ago'. Duration for the individual's age at the onset. Interval of Duration for the approximate age of the individual at the time of onset."
          },
          "at0040.3" : {
            "@type" : "ARCHETYPE_TERM",
            "code" : "at0040.3",
            "text" : "Diagnosis",
            "description" : "Timing of the initial recognition of the issue, problem or diagnosis.",
            "comment" : "The 'Onset' data element is deliberately loosely modelled to support the myriad of ways that it can be used in questionnaires to capture the onset of a problem or the timing of a diagnosis. The specific and intended semantics can be further clarified in a template. \r\n\r\nFor example:\r\nDate/time for the date of diagnosis. Interval of date/time for a period of time eg. between 1940 and 1942. Text for descriptions like 'Immediately after the operation', or 'Up to one week ago', 'Up to two weeks ago', 'Three weeks ago'. Duration for the individual's age at the onset. Interval of Duration for the approximate age of the individual at the time of onset."
          }
        },
        "nb" : {
          "at0040.2" : {
            "@type" : "ARCHETYPE_TERM",
            "code" : "at0040.1",
            "text" : "Debut (2)",
            "description" : "Tidsrommet da en oppdaget bekymringen, plagen, problemet eller diagnosen.",
            "comment" : "Dataelementet \"Debut\" er løst modellert for å støtte ulike måter spørsmål om tidsrom for debut av et problem eller diagnose stilles i et spørreskjema. Den spesifikke og tiltenkte semantikken defineres i et templat. For eksempel: Dato/klokkeslett brukes for dato for når diagnosen ble bekreftet. Intervall av dato/ klokkeslett brukes for å sette en tidsperiode, for eksempel mellom 1940 og 1942. Tekst brukes for spørsmålstillinger som \"Rett etter en operasjon\", \"For en uke siden\", \"Opp til to uker siden\", \"Tre uker siden\". Varighet brukes for å registrere individets alder ved debut. Intervall av varighet for å registrere tilnærmet alder ved debut."
          },
          "at0040.3" : {
            "@type" : "ARCHETYPE_TERM",
            "code" : "at0040",
            "text" : "Debut (3)",
            "description" : "Tidsrommet da en oppdaget bekymringen, plagen, problemet eller diagnosen.",
            "comment" : "Dataelementet \"Debut\" er løst modellert for å støtte ulike måter spørsmål om tidsrom for debut av et problem eller diagnose stilles i et spørreskjema. Den spesifikke og tiltenkte semantikken defineres i et templat. For eksempel: Dato/klokkeslett brukes for dato for når diagnosen ble bekreftet. Intervall av dato/ klokkeslett brukes for å sette en tidsperiode, for eksempel mellom 1940 og 1942. Tekst brukes for spørsmålstillinger som \"Rett etter en operasjon\", \"For en uke siden\", \"Opp til to uker siden\", \"Tre uker siden\". Varighet brukes for å registrere individets alder ved debut. Intervall av varighet for å registrere tilnærmet alder ved debut."
          }
        },
        "de" : {
          "at0040.2" : {
            "@type" : "ARCHETYPE_TERM",
            "code" : "at0040.1",
            "text" : "*Age at diagnosis (en) (2)",
            "description" : "*The age of the individual when the condition was diagnosed or recognised. (en)",
            "comment" : "*The 'Onset' data element is deliberately loosely modelled to support the myriad of ways that it can be used in questionnaires to capture the onset of a problem or the timing of a diagnosis. The specific and intended semantics can be further clarified in a template. \r\n\r\nFor example:\r\nDate/time for the date of diagnosis. Interval of date/time for a period of time eg. between 1940 and 1942. Text for descriptions like 'Immediately after the operation', or 'Up to one week ago', 'Up to two weeks ago', 'Three weeks ago'. Duration for the individual's age at the onset. Interval of Duration for the approximate age of the individual at the time of onset. (en)"
          },
          "at0040.3" : {
            "@type" : "ARCHETYPE_TERM",
            "code" : "at0040",
            "text" : "*Age at diagnosis (en) (3)",
            "description" : "*The age of the individual when the condition was diagnosed or recognised. (en)",
            "comment" : "*The 'Onset' data element is deliberately loosely modelled to support the myriad of ways that it can be used in questionnaires to capture the onset of a problem or the timing of a diagnosis. The specific and intended semantics can be further clarified in a template. \r\n\r\nFor example:\r\nDate/time for the date of diagnosis. Interval of date/time for a period of time eg. between 1940 and 1942. Text for descriptions like 'Immediately after the operation', or 'Up to one week ago', 'Up to two weeks ago', 'Three weeks ago'. Duration for the individual's age at the onset. Interval of Duration for the approximate age of the individual at the time of onset. (en)"
          }
        },
        "nl" : {
          "at0040.2" : {
            "@type" : "ARCHETYPE_TERM",
            "code" : "at0040.1",
            "text" : "*Leeftijd ten tijde van diagnose (2)",
            "description" : "The age of the individual when the condition was diagnosed or recognised.(en)",
            "comment" : "*The 'Onset' data element is deliberately loosely modelled to support the myriad of ways that it can be used in questionnaires to capture the onset of a problem or the timing of a diagnosis. The specific and intended semantics can be further clarified in a template. \r\n\r\nFor example:\r\nDate/time for the date of diagnosis. Interval of date/time for a period of time eg. between 1940 and 1942. Text for descriptions like 'Immediately after the operation', or 'Up to one week ago', 'Up to two weeks ago', 'Three weeks ago'. Duration for the individual's age at the onset. Interval of Duration for the approximate age of the individual at the time of onset. (en)"
          },
          "at0040.3" : {
            "@type" : "ARCHETYPE_TERM",
            "code" : "at0040",
            "text" : "*Leeftijd ten tijde van diagnose (3)",
            "description" : "The age of the individual when the condition was diagnosed or recognised.(en)",
            "comment" : "*The 'Onset' data element is deliberately loosely modelled to support the myriad of ways that it can be used in questionnaires to capture the onset of a problem or the timing of a diagnosis. The specific and intended semantics can be further clarified in a template. \r\n\r\nFor example:\r\nDate/time for the date of diagnosis. Interval of date/time for a period of time eg. between 1940 and 1942. Text for descriptions like 'Immediately after the operation', or 'Up to one week ago', 'Up to two weeks ago', 'Three weeks ago'. Duration for the individual's age at the onset. Interval of Duration for the approximate age of the individual at the time of onset. (en)"
          }
        }
      },
      "termBindings" : { },
      "terminologyExtracts" : { },
      "valueSets" : { }
    },
    "adlVersion" : "1.4",
    "buildUid" : "df0ef912-a426-44ac-891d-b3e2f9222ef7",
    "rmName" : "openehr",
    "rmRelease" : "1.1.0",
    "generated" : true,
    "otherMetaData" : { },
    "originalLanguage" : {
      "terminologyId" : {
        "value" : "ISO_639-1"
      },
      "codeString" : "en"
    },
    "translations" : [ {
      "@type" : "TRANSLATION_DETAILS",
      "language" : {
        "terminologyId" : {
          "value" : "ISO_639-1"
        },
        "codeString" : "de"
      },
      "author" : {
        "name" : "Natalia Strauch",
        "organisation" : "Medizinische Hochschule Hannover",
        "email" : "Strauch.Natalia@mh-hannover.de"
      },
      "otherDetails" : { }
    }, {
      "@type" : "TRANSLATION_DETAILS",
      "language" : {
        "terminologyId" : {
          "value" : "ISO_639-1"
        },
        "codeString" : "nb"
      },
      "author" : {
        "name" : "Marit Alice Venheim, Silje Ljosland Bakke, John Tore Valand",
        "organisation" : "Helse Vest IKT, Helse Vest IKT AS, Helse Bergen",
        "email" : "marit.alice.venheim@helse-vest-ikt.no, silje.ljosland.bakke@helse-vest-ikt.no, john.tore.valand@helse-bergen.no, john.tore.valand@helse-vest-ikt.no"
      },
      "otherDetails" : { }
    }, {
      "@type" : "TRANSLATION_DETAILS",
      "language" : {
        "terminologyId" : {
          "value" : "ISO_639-1"
        },
        "codeString" : "nl"
      },
      "author" : {
        "name" : "Martijn van Eenennaam",
        "organisation" : "Nedap Healthcare",
        "email" : "martijn.vaneenennaam@nedap.com"
      },
      "otherDetails" : { }
    } ]
  } ],
  "originalLanguage" : {
    "terminologyId" : {
      "value" : "ISO_639-1"
    },
    "codeString" : "en"
  },
  "translations" : [ {
    "@type" : "TRANSLATION_DETAILS",
    "language" : {
      "terminologyId" : {
        "value" : "ISO_639-1"
      },
      "codeString" : "de"
    },
    "author" : { },
    "otherDetails" : { }
  }, {
    "@type" : "TRANSLATION_DETAILS",
    "language" : {
      "terminologyId" : {
        "value" : "ISO_639-1"
      },
      "codeString" : "sv"
    },
    "author" : { },
    "otherDetails" : { }
  }, {
    "@type" : "TRANSLATION_DETAILS",
    "language" : {
      "terminologyId" : {
        "value" : "ISO_639-1"
      },
      "codeString" : "fi"
    },
    "author" : { },
    "otherDetails" : { }
  }, {
    "@type" : "TRANSLATION_DETAILS",
    "language" : {
      "terminologyId" : {
        "value" : "ISO_639-1"
      },
      "codeString" : "es-ar"
    },
    "author" : { },
    "otherDetails" : { }
  }, {
    "@type" : "TRANSLATION_DETAILS",
    "language" : {
      "terminologyId" : {
        "value" : "ISO_639-1"
      },
      "codeString" : "ko"
    },
    "author" : { },
    "otherDetails" : { }
  }, {
    "@type" : "TRANSLATION_DETAILS",
    "language" : {
      "terminologyId" : {
        "value" : "ISO_639-1"
      },
      "codeString" : "nb"
    },
    "author" : { },
    "otherDetails" : { }
  }, {
    "@type" : "TRANSLATION_DETAILS",
    "language" : {
      "terminologyId" : {
        "value" : "ISO_639-1"
      },
      "codeString" : "pt-br"
    },
    "author" : { },
    "otherDetails" : { }
  }, {
    "@type" : "TRANSLATION_DETAILS",
    "language" : {
      "terminologyId" : {
        "value" : "ISO_639-1"
      },
      "codeString" : "ar-sy"
    },
    "author" : { },
    "otherDetails" : { }
  }, {
    "@type" : "TRANSLATION_DETAILS",
    "language" : {
      "terminologyId" : {
        "value" : "ISO_639-1"
      },
      "codeString" : "it"
    },
    "author" : { },
    "otherDetails" : { }
  }, {
    "@type" : "TRANSLATION_DETAILS",
    "language" : {
      "terminologyId" : {
        "value" : "ISO_639-1"
      },
      "codeString" : "fr"
    },
    "author" : { },
    "otherDetails" : { }
  }, {
    "@type" : "TRANSLATION_DETAILS",
    "language" : {
      "terminologyId" : {
        "value" : "ISO_639-1"
      },
      "codeString" : "es"
    },
    "author" : { },
    "otherDetails" : { }
  }, {
    "@type" : "TRANSLATION_DETAILS",
    "language" : {
      "terminologyId" : {
        "value" : "ISO_639-1"
      },
      "codeString" : "nl"
    },
    "author" : { },
    "otherDetails" : { }
  } ]
}