{
  "@type" : "TEMPLATE",
  "uid" : "94a91add-91ef-4dd4-ad25-61c770e2e73d",
  "description" : {
    "@type" : "RESOURCE_DESCRIPTION",
    "originalAuthor" : {
      "date" : "2022-11-26"
    },
    "otherContributors" : [ ],
    "lifecycleState" : {
      "codeString" : "unmanaged"
    },
    "ipAcknowledgements" : { },
    "references" : { },
    "conversionDetails" : { },
    "otherDetails" : {
      "licence" : "",
      "custodian_organisation" : "",
      "original_namespace" : "",
      "original_publisher" : "",
      "custodian_namespace" : "",
      "sem_ver" : "1.0.0",
      "build_uid" : "6321f458-e7c2-4f28-a024-e86ef5c2afe9",
      "MD5-CAM-1.0.1" : "d8fcdc4532437080224bcb7209eff6d9",
      "PARENT:MD5-CAM-1.0.1" : "8F3156560D39B12C8362DF26A4C575BD"
    },
    "details" : {
      "de" : {
        "@type" : "RESOURCE_DESCRIPTION_ITEM",
        "language" : {
          "terminologyId" : {
            "value" : "ISO_639-1"
          },
          "codeString" : "de"
        },
        "keywords" : [ ],
        "originalResourceUri" : { },
        "otherDetails" : { }
      },
      "fi" : {
        "@type" : "RESOURCE_DESCRIPTION_ITEM",
        "language" : {
          "terminologyId" : {
            "value" : "ISO_639-1"
          },
          "codeString" : "fi"
        },
        "keywords" : [ ],
        "originalResourceUri" : { },
        "otherDetails" : { }
      },
      "sv" : {
        "@type" : "RESOURCE_DESCRIPTION_ITEM",
        "language" : {
          "terminologyId" : {
            "value" : "ISO_639-1"
          },
          "codeString" : "sv"
        },
        "keywords" : [ ],
        "originalResourceUri" : { },
        "otherDetails" : { }
      },
      "ko" : {
        "@type" : "RESOURCE_DESCRIPTION_ITEM",
        "language" : {
          "terminologyId" : {
            "value" : "ISO_639-1"
          },
          "codeString" : "ko"
        },
        "keywords" : [ ],
        "originalResourceUri" : { },
        "otherDetails" : { }
      },
      "pt-br" : {
        "@type" : "RESOURCE_DESCRIPTION_ITEM",
        "language" : {
          "terminologyId" : {
            "value" : "ISO_639-1"
          },
          "codeString" : "pt-br"
        },
        "keywords" : [ ],
        "originalResourceUri" : { },
        "otherDetails" : { }
      },
      "en" : {
        "@type" : "RESOURCE_DESCRIPTION_ITEM",
        "language" : {
          "terminologyId" : {
            "value" : "ISO_639-1"
          },
          "codeString" : "en"
        },
        "keywords" : [ ],
        "originalResourceUri" : { },
        "otherDetails" : { }
      },
      "ar-sy" : {
        "@type" : "RESOURCE_DESCRIPTION_ITEM",
        "language" : {
          "terminologyId" : {
            "value" : "ISO_639-1"
          },
          "codeString" : "ar-sy"
        },
        "keywords" : [ ],
        "originalResourceUri" : { },
        "otherDetails" : { }
      },
      "it" : {
        "@type" : "RESOURCE_DESCRIPTION_ITEM",
        "language" : {
          "terminologyId" : {
            "value" : "ISO_639-1"
          },
          "codeString" : "it"
        },
        "keywords" : [ ],
        "originalResourceUri" : { },
        "otherDetails" : { }
      },
      "fr" : {
        "@type" : "RESOURCE_DESCRIPTION_ITEM",
        "language" : {
          "terminologyId" : {
            "value" : "ISO_639-1"
          },
          "codeString" : "fr"
        },
        "keywords" : [ ],
        "originalResourceUri" : { },
        "otherDetails" : { }
      },
      "es" : {
        "@type" : "RESOURCE_DESCRIPTION_ITEM",
        "language" : {
          "terminologyId" : {
            "value" : "ISO_639-1"
          },
          "codeString" : "es"
        },
        "keywords" : [ ],
        "originalResourceUri" : { },
        "otherDetails" : { }
      },
      "nb" : {
        "@type" : "RESOURCE_DESCRIPTION_ITEM",
        "language" : {
          "terminologyId" : {
            "value" : "ISO_639-1"
          },
          "codeString" : "nb"
        },
        "keywords" : [ ],
        "originalResourceUri" : { },
        "otherDetails" : { }
      },
      "es-ar" : {
        "@type" : "RESOURCE_DESCRIPTION_ITEM",
        "language" : {
          "terminologyId" : {
            "value" : "ISO_639-1"
          },
          "codeString" : "es-ar"
        },
        "keywords" : [ ],
        "originalResourceUri" : { },
        "otherDetails" : { }
      },
      "nl" : {
        "@type" : "RESOURCE_DESCRIPTION_ITEM",
        "language" : {
          "terminologyId" : {
            "value" : "ISO_639-1"
          },
          "codeString" : "nl"
        },
        "keywords" : [ ],
        "originalResourceUri" : { },
        "otherDetails" : { }
      }
    }
  },
  "parentArchetypeId" : "openEHR-EHR-COMPOSITION.encounter.v1",
  "differential" : true,
  "archetypeId" : {
    "@type" : "ARCHETYPE_HRID",
    "value" : "openEHR-EHR-COMPOSITION.t_encounter.v1"
  },
  "definition" : {
    "@type" : "C_COMPLEX_OBJECT",
    "rmTypeName" : "COMPOSITION",
    "nodeId" : "at0000.1",
    "attributes" : [ {
      "@type" : "C_ATTRIBUTE",
      "rmAttributeName" : "context",
      "children" : [ {
        "@type" : "C_COMPLEX_OBJECT",
        "rmTypeName" : "EVENT_CONTEXT",
        "attributes" : [ ],
        "attributeTuples" : [ ]
      } ]
    }, {
      "@type" : "C_ATTRIBUTE",
      "rmAttributeName" : "content",
      "existence" : "0..1",
      "cardinality" : {
        "@type" : "CARDINALITY",
        "interval" : "1..*",
        "ordered" : false,
        "unique" : false
      },
      "children" : [ {
        "@type" : "C_ARCHETYPE_ROOT",
        "rmTypeName" : "SECTION",
        "occurrences" : "0..1",
        "nodeId" : "at0.2",
        "attributes" : [ ],
        "attributeTuples" : [ ],
        "archetypeRef" : "openEHR-EHR-SECTION.ovl-adhoc-001.v1",
        "referenceType" : "archetypeOverlay"
      } ]
    } ],
    "attributeTuples" : [ ]
  },
  "terminology" : {
    "@type" : "ARCHETYPE_TERMINOLOGY",
    "conceptCode" : "at0000",
    "termDefinitions" : {
      "ar-sy" : {
        "at0000.1" : {
          "@type" : "ARCHETYPE_TERM",
          "code" : "at0000.1",
          "text" : "geneticDisordersDMD-farmakoterapi-v1",
          "description" : "*Interaction, contact or care event between a subject of care and healthcare provider(s).(en)"
        }
      },
      "en" : {
        "at0000.1" : {
          "@type" : "ARCHETYPE_TERM",
          "code" : "at0000.1",
          "text" : "geneticDisordersDMD-farmakoterapi-v1",
          "description" : "Interaction, contact or care event between a subject of care and healthcare provider(s)."
        }
      },
      "es-ar" : {
        "at0000.1" : {
          "@type" : "ARCHETYPE_TERM",
          "code" : "at0000.1",
          "text" : "geneticDisordersDMD-farmakoterapi-v1",
          "description" : "Interacción, contacto o evento de cuidados entre un sujeto de cuidados y uno o más proveedores de cuidados de la salud."
        }
      },
      "ko" : {
        "at0000.1" : {
          "@type" : "ARCHETYPE_TERM",
          "code" : "at0000.1",
          "text" : "geneticDisordersDMD-farmakoterapi-v1",
          "description" : "*Interaction, contact or care event between a subject of care and healthcare provider(s).(en)"
        }
      },
      "pt-br" : {
        "at0000.1" : {
          "@type" : "ARCHETYPE_TERM",
          "code" : "at0000.1",
          "text" : "geneticDisordersDMD-farmakoterapi-v1",
          "description" : "Interação, contato ou cuidado entre o sujeito do cuidado e profissional(is) de saúde."
        }
      },
      "es" : {
        "at0000.1" : {
          "@type" : "ARCHETYPE_TERM",
          "code" : "at0000.1",
          "text" : "geneticDisordersDMD-farmakoterapi-v1",
          "description" : "Interacción, contacto o evento de cuidado entre un paciente y un proveedor de salud."
        }
      },
      "nl" : {
        "at0000.1" : {
          "@type" : "ARCHETYPE_TERM",
          "code" : "at0000.1",
          "text" : "geneticDisordersDMD-farmakoterapi-v1",
          "description" : "Interactie, contact of zorggebeurtenis tussen een onderwerp van zorg en zorgverlener(s)."
        }
      },
      "sv" : {
        "at0000.1" : {
          "@type" : "ARCHETYPE_TERM",
          "code" : "at0000.1",
          "text" : "geneticDisordersDMD-farmakoterapi-v1",
          "description" : "Interaktion, kontakt eller vårdhändelse mellan vårdtagare och vårdgivare inom hälso- och sjukvården."
        }
      },
      "de" : {
        "at0000.1" : {
          "@type" : "ARCHETYPE_TERM",
          "code" : "at0000.1",
          "text" : "geneticDisordersDMD-farmakoterapi-v1",
          "description" : "Interaktion, Kontakt oder Versorgungsereignis, zwischen einem Versorgungsempfänger und einem Gesundheitsdienstleister."
        }
      },
      "fi" : {
        "at0000.1" : {
          "@type" : "ARCHETYPE_TERM",
          "code" : "at0000.1",
          "text" : "geneticDisordersDMD-farmakoterapi-v1",
          "description" : "Hoitohenkilön ja terveydenhuollon tarjoajan välinen vuorovaikutus, kontakti- tai hoitotapahtuma."
        }
      },
      "it" : {
        "at0000.1" : {
          "@type" : "ARCHETYPE_TERM",
          "code" : "at0000.1",
          "text" : "geneticDisordersDMD-farmakoterapi-v1",
          "description" : "Interazione, contatto o evento di cura tra un soggetto di cura e il/i fornitore/i di assistenza sanitaria."
        }
      },
      "fr" : {
        "at0000.1" : {
          "@type" : "ARCHETYPE_TERM",
          "code" : "at0000.1",
          "text" : "geneticDisordersDMD-farmakoterapi-v1",
          "description" : "Interaction, contact ou événement de soins entre un sujet de soins et un ou des prestataires de soins."
        }
      },
      "nb" : {
        "at0000.1" : {
          "@type" : "ARCHETYPE_TERM",
          "code" : "at0000.1",
          "text" : "geneticDisordersDMD-farmakoterapi-v1",
          "description" : "Interaksjon, kontakt eller omsorgshendelse mellom et individ og helsepersonell."
        }
      }
    },
    "termBindings" : { },
    "terminologyExtracts" : { },
    "valueSets" : { }
  },
  "adlVersion" : "1.4",
  "buildUid" : "ed2cc0eb-c508-3e66-a7bc-0e3f3e3f196f",
  "rmName" : "openehr",
  "rmRelease" : "1.1.0",
  "generated" : true,
  "templateId" : "geneticDisordersDMD-farmakoterapi-v1",
  "otherMetaData" : { },
  "templateOverlays" : [ {
    "@type" : "TEMPLATE_OVERLAY",
    "uid" : "fda462a2-2395-449a-aa9a-6e1476da5d26",
    "description" : {
      "@type" : "RESOURCE_DESCRIPTION",
      "originalAuthor" : { },
      "otherContributors" : [ ],
      "ipAcknowledgements" : { },
      "references" : { },
      "conversionDetails" : { },
      "otherDetails" : {
        "PARENT:MD5-CAM-1.0.1" : "8FE80F3E80C594AAF99D3BA540A53D73"
      },
      "details" : {
        "de" : {
          "@type" : "RESOURCE_DESCRIPTION_ITEM",
          "language" : {
            "terminologyId" : {
              "value" : "ISO_639-1"
            },
            "codeString" : "de"
          },
          "purpose" : "Eine generische Abschnittsüberschrift eines Templates, welche entsprechend dem spezifischen klinischen Kontext umbenannt werden sollte.",
          "keywords" : [ "Abschnitt", "Template", "Überschrift", "Ad hoc", "Abschnittsüberschrift" ],
          "use" : "Dieser Archetyp kann für die Erstellung einer Abschnittsüberschrift in einem Template verwendet werden. Die Überschrift kann, passend zu dem jeweiligen klinischen Kontext, umbenannt werden. Zum Beispiel: \"Ad hoc Überschrift\" wird umbenannt in \"Untersuchungsergebnisse\".\r\n\r\n",
          "misuse" : "Die Überschrift sollte in einem Template nicht unverändert verwendet werden.",
          "originalResourceUri" : { },
          "otherDetails" : { }
        },
        "sv" : {
          "@type" : "RESOURCE_DESCRIPTION_ITEM",
          "language" : {
            "terminologyId" : {
              "value" : "ISO_639-1"
            },
            "codeString" : "sv"
          },
          "purpose" : "En allmän avsnittsrubrik som döps om i en openEHR-mall för att passa in i en specifik klinisk kontext.",
          "keywords" : [ ],
          "use" : "Används för att skapa en avsnittsrubrik i en openEHR-mall som sedan döps om för att passa in i den specifika kliniska kontexten. Exempelvis \"Rubrik\" döps om till \"Undersökningsfynd\".",
          "misuse" : "Ska inte lämnas oförändrad i en openEHR-mall.",
          "originalResourceUri" : { },
          "otherDetails" : { }
        },
        "ru" : {
          "@type" : "RESOURCE_DESCRIPTION_ITEM",
          "language" : {
            "terminologyId" : {
              "value" : "ISO_639-1"
            },
            "codeString" : "ru"
          },
          "purpose" : "Базовый заголовок раздела, должен быть переименован в локальном шаблоне ",
          "keywords" : [ "раздел", "шаблон", "заготовка", "название", "образец" ],
          "use" : "используется для создания и именования разделов в локальных шаблонах",
          "misuse" : "*Not to be left unchanged in a template.(en)",
          "copyright" : "© openEHR Foundation",
          "originalResourceUri" : { },
          "otherDetails" : { }
        },
        "nb" : {
          "@type" : "RESOURCE_DESCRIPTION_ITEM",
          "language" : {
            "terminologyId" : {
              "value" : "ISO_639-1"
            },
            "codeString" : "nb"
          },
          "purpose" : "Brukes som en generisk seksjonsoverskrift som skal gis nytt navn i en templat for å passe i en gitt klinisk kontekst.",
          "keywords" : [ ],
          "use" : "Brukes til å lage en seksjonsoverskrift i en templat, hvis navn deretter endres for å passe i den aktuelle kliniske konteksten. For eksempel: \"Templat-overskrift\" endret til \"Funn ved undersøkelse\", \"Anamnese\", \"Personopplysninger\" eller \"Oppsummering\".",
          "misuse" : "Skal ikke stå med uendret navn i en templat.",
          "originalResourceUri" : { },
          "otherDetails" : { }
        },
        "es-ar" : {
          "@type" : "RESOURCE_DESCRIPTION_ITEM",
          "language" : {
            "terminologyId" : {
              "value" : "ISO_639-1"
            },
            "codeString" : "es-ar"
          },
          "purpose" : "Proporcionar un encabezado de sección de tipo genérico que será renombrado en una plantilla para su empleo en un contexto clínico específico.",
          "keywords" : [ ],
          "use" : "Utilizar para construir un encabezado de sección en una plantilla y que será renombrado para su empleo en un contexto clínico específico. Por ejemplo, \"Encabezado ad hoc\" puede renombrarse como \"Hallazgos de examen\".",
          "misuse" : "No debe mantenerse sin cambios en una plantilla.",
          "copyright" : "© openEHR Foundation",
          "originalResourceUri" : { },
          "otherDetails" : { }
        },
        "pt-br" : {
          "@type" : "RESOURCE_DESCRIPTION_ITEM",
          "language" : {
            "terminologyId" : {
              "value" : "ISO_639-1"
            },
            "codeString" : "pt-br"
          },
          "purpose" : "Oferecer um cabeçalho de uma sessão genérica que será renomeado no template para adequar-se a um contexto clínico específico.",
          "keywords" : [ "cabeçalho" ],
          "use" : "Utilize para construir um cabeçalho de uma sessão (de um template) que será renomeada para adequar-se a um contexto clínico específico. Por exemplo: \"cabeçalho Ad hoc\" renomeado para \"Achados de exame\".",
          "misuse" : "Não deve manter a configuração original no template.",
          "originalResourceUri" : { },
          "otherDetails" : { }
        },
        "en" : {
          "@type" : "RESOURCE_DESCRIPTION_ITEM",
          "language" : {
            "terminologyId" : {
              "value" : "ISO_639-1"
            },
            "codeString" : "en"
          },
          "purpose" : "To provide a generic section header which will be renamed in a template to suit a specific clinical context.",
          "keywords" : [ ],
          "use" : "Use to construct a section heading in a template that will be renamed to suit the specific clinical context. For example: \"Ad hoc heading\" renamed to \"Examination findings\".",
          "misuse" : "Not to be left unchanged in a template.",
          "copyright" : "© openEHR Foundation",
          "originalResourceUri" : { },
          "otherDetails" : { }
        },
        "sl" : {
          "@type" : "RESOURCE_DESCRIPTION_ITEM",
          "language" : {
            "terminologyId" : {
              "value" : "ISO_639-1"
            },
            "codeString" : "sl"
          },
          "purpose" : "*To provide a generic section header which will be renamed in a template to suit a specific clinical context.(en)",
          "keywords" : [ ],
          "use" : "*Use to construct a section heading in a template that will be renamed to suit the specific clinical context. For example: \"Ad hoc heading\" renamed to \"Examination findings\".(en)",
          "misuse" : "*Not to be left unchanged in a template.(en)",
          "copyright" : "© openEHR Foundation",
          "originalResourceUri" : { },
          "otherDetails" : { }
        },
        "it" : {
          "@type" : "RESOURCE_DESCRIPTION_ITEM",
          "language" : {
            "terminologyId" : {
              "value" : "ISO_639-1"
            },
            "codeString" : "it"
          },
          "purpose" : "Fornire un'intestazione generica della sezione che sarà rinominata in un template per adattarsi ad uno specifico contesto clinico.",
          "keywords" : [ ],
          "use" : "Usato per costruire un'intestazione di sezione in un template che sarà rinominato in base al contesto clinico specifico. Per esempio: \"Intestazione ad hoc\" rinominata in \"Risultati dell'esame\".",
          "misuse" : "Non deve essere lasciato invariato in un template.",
          "originalResourceUri" : { },
          "otherDetails" : { }
        },
        "fr" : {
          "@type" : "RESOURCE_DESCRIPTION_ITEM",
          "language" : {
            "terminologyId" : {
              "value" : "ISO_639-1"
            },
            "codeString" : "fr"
          },
          "purpose" : "*To provide a generic section header which will be renamed in a template to suit a specific clinical context.(en)",
          "keywords" : [ ],
          "use" : "*Use to construct a section heading in a template that will be renamed to suit the specific clinical context. For example: \"Ad hoc heading\" renamed to \"Examination findings\".(en)",
          "misuse" : "*Not to be left unchanged in a template.(en)",
          "originalResourceUri" : { },
          "otherDetails" : { }
        }
      }
    },
    "parentArchetypeId" : "openEHR-EHR-SECTION.adhoc.v1",
    "differential" : true,
    "archetypeId" : {
      "@type" : "ARCHETYPE_HRID",
      "value" : "openEHR-EHR-SECTION.ovl-adhoc-001.v1"
    },
    "definition" : {
      "@type" : "C_COMPLEX_OBJECT",
      "rmTypeName" : "SECTION",
      "nodeId" : "at0000.1",
      "attributes" : [ {
        "@type" : "C_ATTRIBUTE",
        "rmAttributeName" : "items",
        "existence" : "0..1",
        "cardinality" : {
          "@type" : "CARDINALITY",
          "interval" : "1..*",
          "ordered" : false,
          "unique" : false
        },
        "children" : [ {
          "@type" : "C_ARCHETYPE_ROOT",
          "rmTypeName" : "OBSERVATION",
          "occurrences" : "0..1",
          "nodeId" : "at0.4",
          "attributes" : [ ],
          "attributeTuples" : [ ],
          "archetypeRef" : "openEHR-EHR-OBSERVATION.ovl-medication_screening-001.v1",
          "referenceType" : "archetypeOverlay"
        } ]
      } ],
      "attributeTuples" : [ ]
    },
    "terminology" : {
      "@type" : "ARCHETYPE_TERMINOLOGY",
      "conceptCode" : "at0000",
      "termDefinitions" : {
        "en" : {
          "at0000.1" : {
            "@type" : "ARCHETYPE_TERM",
            "code" : "at0000.1",
            "text" : "Farmakoterapi",
            "description" : "A generic section header which should be renamed in a template to suit a specific clinical context."
          }
        },
        "ru" : { },
        "es-ar" : { },
        "sl" : { },
        "nb" : { },
        "pt-br" : { },
        "sv" : { },
        "de" : { },
        "it" : { },
        "fr" : { }
      },
      "termBindings" : { },
      "terminologyExtracts" : { },
      "valueSets" : { }
    },
    "adlVersion" : "1.4",
    "buildUid" : "46fe0e95-f5cc-44c8-8616-3b9fd0ca6e61",
    "rmName" : "openehr",
    "rmRelease" : "1.1.0",
    "generated" : true,
    "otherMetaData" : { },
    "originalLanguage" : {
      "terminologyId" : {
        "value" : "ISO_639-1"
      },
      "codeString" : "en"
    },
    "translations" : [ {
      "@type" : "TRANSLATION_DETAILS",
      "language" : {
        "terminologyId" : {
          "value" : "ISO_639-1"
        },
        "codeString" : "de"
      },
      "author" : {
        "name" : "Ramona Wellmann",
        "organisation" : "Medizinische Hochschule Hannover",
        "email" : "wellmann.ramona@mh-hannover.de"
      },
      "otherDetails" : { }
    }, {
      "@type" : "TRANSLATION_DETAILS",
      "language" : {
        "terminologyId" : {
          "value" : "ISO_639-1"
        },
        "codeString" : "ru"
      },
      "author" : {
        "name" : "Art Latyp Латыпов Артур Шамилевич",
        "organisation" : "RusBITech РусБИТех, Москва"
      },
      "otherDetails" : { }
    }, {
      "@type" : "TRANSLATION_DETAILS",
      "language" : {
        "terminologyId" : {
          "value" : "ISO_639-1"
        },
        "codeString" : "sv"
      },
      "author" : {
        "name" : "Daniel Hall",
        "organisation" : "Region Östergötland",
        "email" : "daniel.hall@regionostergotland.se"
      },
      "accreditation" : "Åsa Skagerhult, Lisa Axelsson",
      "otherDetails" : { }
    }, {
      "@type" : "TRANSLATION_DETAILS",
      "language" : {
        "terminologyId" : {
          "value" : "ISO_639-1"
        },
        "codeString" : "es-ar"
      },
      "author" : {
        "name" : "Alan March",
        "organisation" : "Hospital Universitario Austral, Buenos Aires, Argentina"
      },
      "otherDetails" : { }
    }, {
      "@type" : "TRANSLATION_DETAILS",
      "language" : {
        "terminologyId" : {
          "value" : "ISO_639-1"
        },
        "codeString" : "nb"
      },
      "author" : {
        "einar.fosse@unn.no" : "einar.fosse@unn.no",
        "name" : "Einar Fosse",
        "organisation" : "Norwegian Centre for Integrated Care and Telemedicine, Tromsø, Norway"
      },
      "otherDetails" : { }
    }, {
      "@type" : "TRANSLATION_DETAILS",
      "language" : {
        "terminologyId" : {
          "value" : "ISO_639-1"
        },
        "codeString" : "pt-br"
      },
      "author" : {
        "name" : "Vladimir Pizzo",
        "organisation" : "Hospital Sírio Libanês, São Paulo, Brazil",
        "email" : "vladimir.pizzo@hsl.org.br"
      },
      "otherDetails" : { }
    }, {
      "@type" : "TRANSLATION_DETAILS",
      "language" : {
        "terminologyId" : {
          "value" : "ISO_639-1"
        },
        "codeString" : "sl"
      },
      "author" : {
        "name" : "?"
      },
      "otherDetails" : { }
    }, {
      "@type" : "TRANSLATION_DETAILS",
      "language" : {
        "terminologyId" : {
          "value" : "ISO_639-1"
        },
        "codeString" : "it"
      },
      "author" : {
        "name" : "Paolo Anedda",
        "organisation" : "Inpeco",
        "email" : "paolo.anedda@inpeco.com"
      },
      "otherDetails" : { }
    }, {
      "@type" : "TRANSLATION_DETAILS",
      "language" : {
        "terminologyId" : {
          "value" : "ISO_639-1"
        },
        "codeString" : "fr"
      },
      "author" : {
        "name" : "Vanessa Pereira",
        "organisation" : "Better - Pathfinder",
        "email" : "vanessapereira@protonmail.com"
      },
      "otherDetails" : { }
    } ]
  }, {
    "@type" : "TEMPLATE_OVERLAY",
    "uid" : "e0420fbd-53fb-4971-a2d4-38df7ff678e7",
    "description" : {
      "@type" : "RESOURCE_DESCRIPTION",
      "originalAuthor" : { },
      "otherContributors" : [ ],
      "ipAcknowledgements" : { },
      "references" : { },
      "conversionDetails" : { },
      "otherDetails" : {
        "PARENT:MD5-CAM-1.0.1" : "6CA03E7C2861201510F8F796C64B5F43"
      },
      "details" : {
        "de" : {
          "@type" : "RESOURCE_DESCRIPTION_ITEM",
          "language" : {
            "terminologyId" : {
              "value" : "ISO_639-1"
            },
            "codeString" : "de"
          },
          "purpose" : "Schaffung von Rahmenbedingungen für die Darstellung von Antworten auf vordefinierte Screening-Fragen zur Anwendung eines bestimmten Medikaments oder einer Medikamentengruppe.",
          "keywords" : [ "Medikation, Screening, Fragebogen, Medikament, Arzneimittel, Behandlung" ],
          "use" : "Verwendung als Rahmenbedingung für die Darstellung von Antworten auf vordefinierte Screening-Fragen zur Anwendung eines bestimmten Medikaments oder einer Medikamentengruppe (einschließliche Medikamentenkasse).\r\n\r\nBeispiele für Medikamente, Gruppierungen und Klassen von Medikamenten sind „Alendronsäure“, „Osteoporose-Medikamente“ bzw. „Bisphosphonate“.\r\n\r\nHäufige Anwendungsfälle umfassen, sind aber nicht beschränkt auf:\r\n- Systematische Befragung in jedem Beratungsgespräch zu dem Medikamenteneinnahme-Verhalten, zum Beispiel:\r\n--- Verwenden Sie Paracetamol? Ja, Nein, Unbekannt.\r\n--- Haben Sie in den letzten vier Wochen Antikoagulanzien verwendet? Ja, Nein, Unbekannt.\r\n\r\nDie Semantik dieses Archetyps ist absichtlich locker, und die Abfrage dieses Archetyps wäre normalerweise nur im Kontext jedes spezifischen Templates nützlich oder sicher. In einem Template würde normalerweise jedes Datenelement in die spezifische gestellte Frage umbenannt. Wo Wertesätze für allgemeine Anwendungsfälle vorgeschlagen wurden, können diese für die lokale Verwendung angepasst werden, indem die „Text“-Auswahl verwendet wird, um jedem spezifischen Anwendungsfall zu entsprechen.\r\n\r\nÜber die EVENT-Struktur aus dem Referenzmodell kann festgelegt werden, ob sich die Fragen auf einen Zeitpunkt oder einen Zeitraum beziehen. Verwenden Sie eine separate Instanz dieses Archetyps, um zwischen einer Befragung zu unterscheiden, der Informationen über ein Medikament enthält, das zu einem beliebigen Zeitpunkt in der Vergangenheit angewendet wurde, und Informationen über ein Medikament, das innerhalb eines bestimmten Zeitintervalls durchgeführt wurde - zum Beispiel den Unterschied zwischen \"Verwenden Sie Paracetamol? \" im Vergleich zu \"Haben Sie in den letzten vier Wochen Antikoagulanzien verwendet?\".\r\n\r\nDie Quelle der Informationen in einer Fragebogenantwort kann in verschiedenen Kontexten variieren, kann jedoch mithilfe des Elements „Information provider“ im Referenzmodell spezifisch identifiziert werden.\r\n\r\nDieser Archetyp wurde entwickelt, um als Screening-Tool oder zur Darstellung einfacher Daten im Fragebogenformat zur Verwendung in Situationen wie einem Krankheitsregister verwendet zu werden. Wenn der Screening-Fragebogen das Vorhandensein eines Medikaments identifiziert, wird empfohlen, dass das klinische System die spezifischen Details über das Medikament unter Verwendung eines relevanten Medikations-Archetyps darstellt und beibehält, zum Beispiel das OBSERVATION.medication_statement, um eine detaillierte Momentaufnahme über die tatsächliche Verwendung des spezifischen Medikaments darzustellen.",
          "misuse" : "Nicht zur Darstellung einer Anforderung für ein zu verabreichendes oder zu konsumierendes Medikament zu verwenden - verwenden Sie zu diesem Zweck INSTRUCTION.medication_order.\r\n\r\nNicht zur Darstellung der Verabreichung, Abgabe oder Einnahme eines Medikaments verwenden - verwenden Sie ACTION.medication für diesen Zweck.\r\n\r\nNicht zur Darstellung einer Zusammenfassung der Verwendung eines Medikaments über die Lebenszeit der Person zu verwenden – verwenden Sie zu diesem Zweck EVALUATION.medication_summary.\r\n\r\nDarf nicht verwendet werden, um eine detaillierte Momentaufnahme über die tatsächliche Verwendung eines einzelnen angegebenen Medikaments außerhalb eines Screening-Kontexts darzustellen. - Verwenden Sie zu diesem Zweck OBSERVATION.medication_statement.\r\n\r\nDarf nicht verwendet werden, um Details über das Fehlen eines bestimmten Medikaments oder einer Medikamentengruppe außerhalb eines Screening-Kontexts darzustellen. Verwenden Sie zu diesem Zweck EVALUATION.exclusion_specific.\r\n\r\nNicht zu verwenden, um einen Rahmen für die Darstellung von Antworten auf vordefinierte Screening-Fragen zu Nebenwirkungen zu schaffen, verwenden Sie zu diesem Zweck einen geeigneten Archetyp.\r\n\r\nDarf nicht verwendet werden, um Details zu einer einfachen Auswahlliste darzustellen, in der eine Frage entweder als \"vorhanden\" oder \"unbestimmt\" aufgezeichnet werden kann. Verwenden Sie dazu OBSERVATION.selection_list.",
          "copyright" : "© openEHR Foundation, Nasjonal IKT HF",
          "originalResourceUri" : { },
          "otherDetails" : { }
        },
        "nb" : {
          "@type" : "RESOURCE_DESCRIPTION_ITEM",
          "language" : {
            "terminologyId" : {
              "value" : "ISO_639-1"
            },
            "codeString" : "nb"
          },
          "purpose" : "For å lage et rammeverk for registrering av svar på forhåndsdefinerte spørsmål om bruken av et hvilket som helst legemiddel eller gruppe av legemidler.",
          "keywords" : [ "legemiddel, kartlegging, spørreskjema, legemiddelgruppe, medikament" ],
          "use" : "Brukes for å lage et rammeverk for registrering av svar på forhåndsdefinerte spørsmål om bruken av et hvilket som helst legemiddel eller gruppe av legemidler.\r\n\r\nEksempler på legemidler, grupper og klasser av legemidler er \"alendronsyre\", \"osteoporosemedisiner\" og \"bisfosfonater\".\r\n\r\nVanlige bruksområder inkluderer, men er ikke begrenset til:\r\n- Systematiske spørsmål ved konsultasjoner, for eksempel:\r\n--- Bruker du paracetamol? Ja, Nei, Ukjent.\r\n--- Har du brukt noen blodfortynnende medisiner de siste 4 ukene? Ja, Nei, Ukjent.\r\n\r\nSemantikken til denne arketypen er med vilje løst definert, og spørringer etter data i denne arketypen vil normalt bare være hensiktsmessig eller sikkert i konteksten av det spesifikke templatet. I et templat vil hvert dataelement vanligvis døpes om til det (spesifikke) spørsmålet man ønsker svar på. Flere steder er det foreslått verdisett som passer til de vanligste bruksområder, men det er allikevel mulig å tilpasse/endre verdisett for lokal bruk ved å benytte de alternative datatypene DV_TEXT eller DV_BOOLEAN for å harmonere verdisettet til hvert enkelt brukstilfelle.\r\n\r\nEVENT-strukturen fra arketypens referansemodell kan brukes for å spesifisere om spørsmålene relateres til et tidspunkt eller til et tidsintervall.\r\nBruk egne instanser av denne arketypen for å skille mellom spørsmål om bruk av et legemiddel på et hvilket som helst tidspunkt og spørsmål om legemidler som er brukt i et tidsintervall. For eksempel; \"Bruker du paracetamol nå?\" sammenlignet med \"Har du brukt noen smertestillende medisin de siste 4 ukene?\".\r\n\r\nKilden til informasjonen i et spørreskjema kan variere i ulike kontekster, men kan identifiseres spesifikt ved å benytte \"Information provider\" elementet i openEHR referansemodellen.\r\n\r\nDenne arketypen er laget for å bli brukt i et spørreskjema eller for å registrere enkle strukturerte data til for eksempel et sykdomsregister. Dersom det i spørreskjemaet identifiseres at et legemiddel er tilstede, anbefales det at spesifikke detaljer om legemiddelet registreres og lagres i pasientjournalen i en egnet legemiddelarketype, for eksempel arketypen OBSERVATION.medication_statement for å registrere et detaljert øyeblikksbilde om bruken av et enkelt spesifisert legemiddel.",
          "misuse" : "Brukes ikke for å dokumentere forordningen av et legemiddel - bruk arketypen INSTRUCTION.medication_order (Legemiddelordinering) til dette formålet.\r\n\r\nBrukes ikke for å dokumentere administreringen av et legemiddel - bruk arketypen ACTION.medication (Legemiddelhåndtering) til dette formålet.\r\n\r\nBrukes ikke for å registrere et sammendrag om all bruk av et spesifisert legemiddel over et individs livstid, bruk arketypen EVALUATION.medication_summary (Legemiddelsammendrag) til dette formålet.\r\n\r\nBrukes ikke for å registrere et detaljert øyeblikksbilde om bruken av et enkelt spesifisert legemiddel, utenfor konteksten av kartleggingen. Bruk arketypen OBSERVATION.medication_statement for dette formålet.\r\n\r\nBrukes ikke for å registrere detaljer om etablert fravær av et spesifikt legemiddel eller gruppe av legemidler i pasientjournalen, utenfor konteksten av kartleggingen. Bruk arketypen EVALUATION.exclusion_specific for dette formålet.\r\n\r\nBrukes ikke for å lage et rammeverk for registrering av svar på forhåndsdefinerte spørsmål om overfølsomhetsreaksjoner, bruk en egnet arketype for dette formålet.\r\n\r\nBrukes ikke for å registrere detaljer om en enkel utvalgsliste der et spørsmål kan registreres som enten \"Tilstede\" eller \"Ubestemt\". Bruk arketypen OBSERVATION.selection_list for dette formålet.",
          "copyright" : "© openEHR Foundation, Nasjonal IKT HF, openEHR Foundation, openEHR Foundation",
          "originalResourceUri" : { },
          "otherDetails" : { }
        },
        "en" : {
          "@type" : "RESOURCE_DESCRIPTION_ITEM",
          "language" : {
            "terminologyId" : {
              "value" : "ISO_639-1"
            },
            "codeString" : "en"
          },
          "purpose" : "To create a framework for recording answers to pre-defined screening questions about the use of any specified medication or grouping of medications.",
          "keywords" : [ "medication, screening, questionnaire, drug, treatment" ],
          "use" : "Use to create a framework for recording answers to pre-defined screening questions about the use of any specified medication or grouping (including classes) of medications.\r\n\r\nExamples of medications, groupings and classes of medications are 'alendronic acid', 'anti osteoporosis medications' and 'bisphosphonates', respectively.\r\n\r\nCommon use cases include, but are not limited to:\r\n- Systematic questioning in any consultation related to patterns of medication usage, for example:\r\n--- Do you use paracetamol? Yes, No, Unknown.\r\n--- Have you been using any anticoagulants the last four weeks? Yes, No, Unknown.\r\n\r\nThe semantics of this archetype are intentionally loose, and querying this archetype would normally only be useful or safe within the context of each specific template. In a template, each data element would usually be renamed to the specific question asked. Where value sets have been proposed for common use cases, these can be adapted for local use by using the DV_TEXT or the DV_BOOLEAN datatypes choice to match each specific use case.\r\n\r\nThe EVENT structure from the reference model can be used to specify whether the questions relate to point in time or over a period of time. Use a separate instance of this archetype to distinguish between a questionnaire recording information about a medication that has been used at any time in the past and information about a medication used within a specified time interval - for example the difference between \"Do you use paracetamol?\" compared to \"Have you been using any anticoagulants during the last four weeks?\".\r\n\r\nThe source of the information in a questionnaire response may vary in different contexts but can be specifically identified using the 'Information provider' element in the Reference Model.\r\n\r\nThis archetype has been designed to be used as a screening tool or to record simple questionnaire-format data for use in situations such as a disease registry. If the screening questionnaire identifies the presence of a medication it is recommended that clinical system record and persist the specific details about the medication using a relevant medication archetype, for example the OBSERVATION.medication_statement to record a detailed snapshot view about the actual use of a single specified medication.",
          "misuse" : "Not to be used for recording an order for a medication to be administered or consumed - use INSTRUCTION.medication_order for this purpose.\r\n\r\nNot to be used for recording the administration, dispensing or consumption of a medication - use ACTION.medication for this purpose.\r\n\r\nNot to be used for recording a summary of use of a medication over the lifetime of the individual - use EVALUATION.medication_summary for this purpose.\r\n\r\nNot to be used to record a detailed snapshot view about the actual use of a single specified medication, outside of a screening context. - use OBSERVATION.medication_statement for this purpose.\r\n\r\nNot to be used to record details about the positive absence of a specific medication or grouping of medication, outside of a screening context. Use EVALUATION.exclusion_specific for this purpose.\r\n\r\nNot to be used to to create a framework for recording answers to pre-defined screening questions about adverse reactions, use an appropriate archetype for this purpose.\r\n\r\nNot to be used to record details about a simple selection list where a question may be recorded as either \"present\" or \"indeterminate\". Use OBSERVATION.selection_list for this purpose.",
          "copyright" : "© openEHR Foundation, Nasjonal IKT HF",
          "originalResourceUri" : { },
          "otherDetails" : { }
        },
        "nl" : {
          "@type" : "RESOURCE_DESCRIPTION_ITEM",
          "language" : {
            "terminologyId" : {
              "value" : "ISO_639-1"
            },
            "codeString" : "nl"
          },
          "purpose" : "*To create a framework for recording answers to pre-defined screening questions about the use of a any medication. (en)",
          "keywords" : [ "*medication, screening, questionnaire, drug, treatment (en)" ],
          "use" : "*Use to create a framework for recording answers to pre-defined screening questions about the use of any specified medication or grouping (including classes) of medications.\r\n\r\nExamples of medications, groupings and classes of medications are 'alendronic acid', 'anti osteoporosis medications' and 'bisphosphonates', respectively.\r\n\r\nCommon use cases include, but are not limited to:\r\n- Systematic questioning in any consultation related to patterns of medication usage , for example:\r\n--- Do you use paracetamol? Yes, No, Unknown.\r\n--- Have you been using any anticoagulants the last four weeks? Yes, No, Unknown.\r\n\r\nThe semantics of this archetype are intentionally loose, and querying this archetype would normally only be useful or safe within the context of each specific template. In a template, each data element would usually be renamed to the specific question asked. Where value sets have been proposed for common use cases, these can be adapted for local use by using the 'text' choice to match each specific use case.\r\n\r\nThe EVENT structure from the reference model can be used to specify whether the questions relate to point in time or over a period of time. Use a separate instance of this archetype to distinguish between a questionnaire recording information about a procedure that has been performed at any time in the past and information about a procedure performed within a specified time interval - for example the difference between \"Do you use paracetamol?\" compared to \"Have you been using any anticoagulants the last four weeks?\".\r\n\r\nThe source of the information in a questionnaire response may vary in different contexts but can be specifically identified using the 'Information provider' element in the Reference Model.\r\n\r\nThis archetype has been designed to be used as a screening tool or to record simple questionnaire-format data for use in situations such as a disease registry. If the screening questionnaire identifies the presence of a medication it is recommended that clinical system record and persist the specific details about the medication using a relevant medication archetype, for example the OBSERVATION.medication_statement to record a detailed snapshot view about the actual use of a single specified medication. (en)",
          "misuse" : "*Not to be used for recording an order for a medication to be administered or consumed - use INSTRUCTION.medication_order for this purpose.\r\n\r\nNot to be used for recording the administration, dispensing or consumption of a medication - use ACTION.medication for this purpose.\r\n\r\nNot to be used for recording a summary of use of a medication over the lifetime of the individual - use EVALUATION.medication_summary for this purpose.\r\n\r\nNot to be used to record a detailed snapshot view about the actual use of a single specified medication, outside of a screening context. - use OBSERVATION.medication_statement for this purpose.\r\n\r\nNot to be used to record details about the positive absence of a specific medication or grouping of medication, outside of a screening context. Use EVALUATION.exclusion_specific for this purpose.\r\n\r\nNot to be used to to create a framework for recording answers to pre-defined screening questions about adverse reactions, use an appropriate archetype for this purpose.\r\n\r\nNot to be used to record details about a simple selection list where a question may be recorded as either \"present\" or \"indeterminate\". Use OBSERVATION.selection_list for this purpose. (en)",
          "originalResourceUri" : { },
          "otherDetails" : { }
        }
      }
    },
    "parentArchetypeId" : "openEHR-EHR-OBSERVATION.medication_screening.v1",
    "differential" : true,
    "archetypeId" : {
      "@type" : "ARCHETYPE_HRID",
      "value" : "openEHR-EHR-OBSERVATION.ovl-medication_screening-001.v1"
    },
    "definition" : {
      "@type" : "C_COMPLEX_OBJECT",
      "rmTypeName" : "OBSERVATION",
      "nodeId" : "at0000.1",
      "attributes" : [ {
        "@type" : "C_ATTRIBUTE",
        "rmAttributeName" : "data",
        "children" : [ {
          "@type" : "C_COMPLEX_OBJECT",
          "rmTypeName" : "HISTORY",
          "nodeId" : "at0022",
          "attributes" : [ {
            "@type" : "C_ATTRIBUTE",
            "rmAttributeName" : "events",
            "children" : [ {
              "@type" : "C_COMPLEX_OBJECT",
              "rmTypeName" : "EVENT",
              "nodeId" : "at0023",
              "attributes" : [ {
                "@type" : "C_ATTRIBUTE",
                "rmAttributeName" : "data",
                "children" : [ {
                  "@type" : "C_COMPLEX_OBJECT",
                  "rmTypeName" : "ITEM_TREE",
                  "nodeId" : "at0001",
                  "attributes" : [ {
                    "@type" : "C_ATTRIBUTE",
                    "rmAttributeName" : "items",
                    "children" : [ {
                      "@type" : "C_COMPLEX_OBJECT",
                      "rmTypeName" : "ELEMENT",
                      "occurrences" : "0..0",
                      "nodeId" : "at0040.1",
                      "attributes" : [ ],
                      "attributeTuples" : [ ]
                    }, {
                      "@type" : "C_COMPLEX_OBJECT",
                      "rmTypeName" : "ELEMENT",
                      "occurrences" : "0..0",
                      "nodeId" : "at0027.1",
                      "attributes" : [ {
                        "@type" : "C_ATTRIBUTE",
                        "rmAttributeName" : "value",
                        "children" : [ {
                          "@type" : "C_COMPLEX_OBJECT",
                          "rmTypeName" : "DV_CODED_TEXT",
                          "attributes" : [ {
                            "@type" : "C_ATTRIBUTE",
                            "rmAttributeName" : "defining_code",
                            "children" : [ {
                              "@type" : "C_TERMINOLOGY_CODE",
                              "rmTypeName" : "CODE_PHRASE",
                              "occurrences" : "1..1",
                              "terminologyId" : {
                                "value" : "local"
                              },
                              "constraint" : [ "at0028", "at0029", "at0030" ]
                            } ]
                          } ],
                          "attributeTuples" : [ ]
                        }, {
                          "@type" : "C_COMPLEX_OBJECT",
                          "rmTypeName" : "DV_TEXT",
                          "attributes" : [ ],
                          "attributeTuples" : [ ]
                        }, {
                          "@type" : "C_COMPLEX_OBJECT",
                          "rmTypeName" : "DV_BOOLEAN",
                          "attributes" : [ ],
                          "attributeTuples" : [ ]
                        } ]
                      } ],
                      "attributeTuples" : [ ]
                    }, {
                      "@type" : "C_COMPLEX_OBJECT",
                      "rmTypeName" : "ELEMENT",
                      "occurrences" : "0..0",
                      "nodeId" : "at0043.1",
                      "attributes" : [ ],
                      "attributeTuples" : [ ]
                    }, {
                      "@type" : "C_COMPLEX_OBJECT",
                      "rmTypeName" : "CLUSTER",
                      "nodeId" : "at0026",
                      "attributes" : [ {
                        "@type" : "C_ATTRIBUTE",
                        "rmAttributeName" : "items",
                        "children" : [ {
                          "@type" : "C_COMPLEX_OBJECT",
                          "rmTypeName" : "ELEMENT",
                          "nodeId" : "at0021.1",
                          "attributes" : [ {
                            "@type" : "C_ATTRIBUTE",
                            "rmAttributeName" : "value",
                            "children" : [ {
                              "@type" : "C_COMPLEX_OBJECT",
                              "rmTypeName" : "DV_TEXT",
                              "defaultValue" : {
                                "value" : "Tidak ada pengobatan",
                                "@type" : "DV_TEXT"
                              },
                              "attributes" : [ {
                                "@type" : "C_ATTRIBUTE",
                                "rmAttributeName" : "value",
                                "children" : [ {
                                  "@type" : "C_STRING",
                                  "rmTypeName" : "STRING",
                                  "constraint" : [ "Tidak ada pengobatan", "/.+/" ]
                                } ]
                              } ],
                              "attributeTuples" : [ ]
                            } ]
                          } ],
                          "attributeTuples" : [ ]
                        }, {
                          "@type" : "C_COMPLEX_OBJECT",
                          "rmTypeName" : "ELEMENT",
                          "occurrences" : "0..0",
                          "nodeId" : "at0024.1",
                          "attributes" : [ {
                            "@type" : "C_ATTRIBUTE",
                            "rmAttributeName" : "value",
                            "children" : [ {
                              "@type" : "C_COMPLEX_OBJECT",
                              "rmTypeName" : "DV_TEXT",
                              "attributes" : [ ],
                              "attributeTuples" : [ ]
                            } ]
                          } ],
                          "attributeTuples" : [ ]
                        }, {
                          "@type" : "C_COMPLEX_OBJECT",
                          "rmTypeName" : "ELEMENT",
                          "occurrences" : "0..0",
                          "nodeId" : "at0003.1",
                          "attributes" : [ {
                            "@type" : "C_ATTRIBUTE",
                            "rmAttributeName" : "value",
                            "children" : [ {
                              "@type" : "C_COMPLEX_OBJECT",
                              "rmTypeName" : "DV_DATE_TIME",
                              "attributes" : [ ],
                              "attributeTuples" : [ ]
                            }, {
                              "@type" : "C_COMPLEX_OBJECT",
                              "rmTypeName" : "DV_TEXT",
                              "attributes" : [ ],
                              "attributeTuples" : [ ]
                            } ]
                          } ],
                          "attributeTuples" : [ ]
                        }, {
                          "@type" : "C_COMPLEX_OBJECT",
                          "rmTypeName" : "ELEMENT",
                          "nodeId" : "at0002.1",
                          "attributes" : [ {
                            "@type" : "C_ATTRIBUTE",
                            "rmAttributeName" : "value",
                            "children" : [ {
                              "@type" : "C_COMPLEX_OBJECT",
                              "rmTypeName" : "DV_DATE_TIME",
                              "attributes" : [ {
                                "@type" : "C_ATTRIBUTE",
                                "rmAttributeName" : "value",
                                "children" : [ {
                                  "@type" : "C_DATE_TIME",
                                  "rmTypeName" : "DATE_TIME",
                                  "patternedConstraint" : "yyyy-mm-ddTXX:XX:XX",
                                  "constraint" : [ ]
                                } ]
                              } ],
                              "attributeTuples" : [ ]
                            } ]
                          } ],
                          "attributeTuples" : [ ]
                        }, {
                          "@type" : "C_COMPLEX_OBJECT",
                          "rmTypeName" : "ELEMENT",
                          "nodeId" : "at0002.2",
                          "attributes" : [ {
                            "@type" : "C_ATTRIBUTE",
                            "rmAttributeName" : "value",
                            "children" : [ {
                              "@type" : "C_COMPLEX_OBJECT",
                              "rmTypeName" : "DV_DATE_TIME",
                              "attributes" : [ {
                                "@type" : "C_ATTRIBUTE",
                                "rmAttributeName" : "value",
                                "children" : [ {
                                  "@type" : "C_DATE_TIME",
                                  "rmTypeName" : "DATE_TIME",
                                  "patternedConstraint" : "yyyy-mm-ddTXX:XX:XX",
                                  "constraint" : [ ]
                                } ]
                              } ],
                              "attributeTuples" : [ ]
                            } ]
                          } ],
                          "attributeTuples" : [ ]
                        }, {
                          "@type" : "C_COMPLEX_OBJECT",
                          "rmTypeName" : "ELEMENT",
                          "nodeId" : "at0002.3",
                          "attributes" : [ {
                            "@type" : "C_ATTRIBUTE",
                            "rmAttributeName" : "value",
                            "children" : [ {
                              "@type" : "C_COMPLEX_OBJECT",
                              "rmTypeName" : "DV_CODED_TEXT",
                              "occurrences" : "1..1",
                              "attributes" : [ {
                                "@type" : "C_ATTRIBUTE",
                                "rmAttributeName" : "defining_code",
                                "children" : [ {
                                  "@type" : "C_TERMINOLOGY_CODE",
                                  "rmTypeName" : "TERMINOLOGY_CODE",
                                  "occurrences" : "0..1",
                                  "terminologyId" : {
                                    "value" : "SNOMEDCT"
                                  },
                                  "constraint" : [ ],
                                  "selectedTerminologies" : [ "SNOMEDCT" ],
                                  "includedExternalTerminologyCodes" : [ {
                                    "terminologyId" : "SNOMEDCT",
                                    "code" : "31874001",
                                    "value" : "Masih"
                                  }, {
                                    "terminologyId" : "SNOMEDCT",
                                    "code" : "64100000",
                                    "value" : "Tidak"
                                  } ]
                                } ]
                              } ],
                              "attributeTuples" : [ ]
                            } ]
                          } ],
                          "attributeTuples" : [ ]
                        }, {
                          "@type" : "C_COMPLEX_OBJECT",
                          "rmTypeName" : "ELEMENT",
                          "occurrences" : "0..0",
                          "nodeId" : "at0025.1",
                          "attributes" : [ ],
                          "attributeTuples" : [ ]
                        }, {
                          "@type" : "C_ARCHETYPE_ROOT",
                          "rmTypeName" : "CLUSTER",
                          "occurrences" : "0..1",
                          "nodeId" : "at0041.1",
                          "attributes" : [ ],
                          "attributeTuples" : [ ],
                          "archetypeRef" : "openEHR-EHR-CLUSTER.ovl-dosage-001.v2",
                          "referenceType" : "archetypeOverlay"
                        } ]
                      } ],
                      "attributeTuples" : [ ]
                    } ]
                  } ],
                  "attributeTuples" : [ ]
                } ]
              } ],
              "attributeTuples" : [ ]
            } ]
          } ],
          "attributeTuples" : [ ]
        } ]
      } ],
      "attributeTuples" : [ ]
    },
    "terminology" : {
      "@type" : "ARCHETYPE_TERMINOLOGY",
      "conceptCode" : "at0000",
      "termDefinitions" : {
        "en" : {
          "at0002.1" : {
            "@type" : "ARCHETYPE_TERM",
            "code" : "at0002.1",
            "text" : "Mulai tanggal",
            "description" : "The onset, cessation or duration of use of the medication or grouping of medications.",
            "comment" : "The 'Timing' data element has deliberately been loosely modelled to support the myriad of ways that it can be used in questionnaires to capture when a medication was used. The specific and intended semantics can be further clarified in a template. For example: \r\nClone and rename the element in a template to 'Start' and 'Stopped' to record the Date/time when the individual started using a medication. Interval of date/time for a period of time eg. between 1940 and 1942. Text for descriptions like 'Immediately after the operation', or 'Up to one week ago', 'Up to two weeks ago', 'Three weeks ago'. Duration for the individual's age at the onset of duration OR the length of time during which the individual has been using the medication. Interval of Duration for the approximate age of the individual at the time of onset."
          },
          "at0021.1" : {
            "@type" : "ARCHETYPE_TERM",
            "code" : "at0021.1",
            "text" : "Nama Obat",
            "description" : "Name of medication or grouping of medication.",
            "comment" : "For example: 'alendronic acid', 'anti osteoporosis medications' or 'bisphosphonates'.\r\nCoding of the 'Medication name' with a terminology is preferred, where possible."
          },
          "at0002.2" : {
            "@type" : "ARCHETYPE_TERM",
            "code" : "at0002.2",
            "text" : "Berakhir tanggal",
            "description" : "The onset, cessation or duration of use of the medication or grouping of medications.",
            "comment" : "The 'Timing' data element has deliberately been loosely modelled to support the myriad of ways that it can be used in questionnaires to capture when a medication was used. The specific and intended semantics can be further clarified in a template. For example: \r\nClone and rename the element in a template to 'Start' and 'Stopped' to record the Date/time when the individual started using a medication. Interval of date/time for a period of time eg. between 1940 and 1942. Text for descriptions like 'Immediately after the operation', or 'Up to one week ago', 'Up to two weeks ago', 'Three weeks ago'. Duration for the individual's age at the onset of duration OR the length of time during which the individual has been using the medication. Interval of Duration for the approximate age of the individual at the time of onset."
          },
          "at0002.3" : {
            "@type" : "ARCHETYPE_TERM",
            "code" : "at0002.3",
            "text" : "Masih berlangsung saat pemeriksaan",
            "description" : "The onset, cessation or duration of use of the medication or grouping of medications.",
            "comment" : "The 'Timing' data element has deliberately been loosely modelled to support the myriad of ways that it can be used in questionnaires to capture when a medication was used. The specific and intended semantics can be further clarified in a template. For example: \r\nClone and rename the element in a template to 'Start' and 'Stopped' to record the Date/time when the individual started using a medication. Interval of date/time for a period of time eg. between 1940 and 1942. Text for descriptions like 'Immediately after the operation', or 'Up to one week ago', 'Up to two weeks ago', 'Three weeks ago'. Duration for the individual's age at the onset of duration OR the length of time during which the individual has been using the medication. Interval of Duration for the approximate age of the individual at the time of onset."
          },
          "at0024.1" : {
            "@type" : "ARCHETYPE_TERM",
            "code" : "at0024.1",
            "text" : "Nama Obat",
            "description" : "Is there a history of use of a specific medication or group of medications.",
            "comment" : "In a template, the data element would usually be renamed to the specific question asked. The proposed value set can be adapted for local use by using the DV_TEXT or the DV_BOOLEAN datatypes choice to match each specific use case. \r\nFor example an alternative valueset using the DV_TEXT datatype can be: \r\nCurrently using [The individual currently uses the specific medication either on a regular basis or as required.]\r\nNever used [The individual has never used the specific medication.]\r\nUsed in the past [The individual has used the specific medication in the past, but isn't currently using it.]\r\nUnknown [It is not known whether the individual uses or has used the specific medication.]"
          }
        },
        "nb" : {
          "at0002.2" : {
            "@type" : "ARCHETYPE_TERM",
            "code" : "at0002.1",
            "text" : "Timing (2)",
            "description" : "Debut, opphør eller varighet av bruken av legemiddelet eller gruppen av legemidler.",
            "comment" : "Dataelementet \"Timing\" er løst modellert for å støtte ulike måter spørsmål om tid om bruken av et legemiddel stilles i et spørreskjema. Den spesifikke og tiltenkte semantikken defineres i et templat. For eksempel: Dato/klokkeslett brukes for dato for når legemiddelet først ble tatt i bruk. Intervall av dato/ klokkeslett brukes for å sette en tidsperiode, for eksempel mellom 1940 og 1942. Tekst brukes for spørsmålstillinger som \"Rett etter en operasjon\", \"For en uke siden\", \"Opp til to uker siden\", \"Tre uker siden\". Varighet brukes for å registrere individets alder ved debut. Intervall av varighet for å registrere tilnærmet alder ved debut."
          },
          "at0002.3" : {
            "@type" : "ARCHETYPE_TERM",
            "code" : "at0002.1",
            "text" : "Timing (3)",
            "description" : "Debut, opphør eller varighet av bruken av legemiddelet eller gruppen av legemidler.",
            "comment" : "Dataelementet \"Timing\" er løst modellert for å støtte ulike måter spørsmål om tid om bruken av et legemiddel stilles i et spørreskjema. Den spesifikke og tiltenkte semantikken defineres i et templat. For eksempel: Dato/klokkeslett brukes for dato for når legemiddelet først ble tatt i bruk. Intervall av dato/ klokkeslett brukes for å sette en tidsperiode, for eksempel mellom 1940 og 1942. Tekst brukes for spørsmålstillinger som \"Rett etter en operasjon\", \"For en uke siden\", \"Opp til to uker siden\", \"Tre uker siden\". Varighet brukes for å registrere individets alder ved debut. Intervall av varighet for å registrere tilnærmet alder ved debut."
          }
        },
        "de" : {
          "at0002.2" : {
            "@type" : "ARCHETYPE_TERM",
            "code" : "at0002.1",
            "text" : "Zeitangaben (2)",
            "description" : "Der Beginn, das Ende oder die Dauer der Anwendung des Medikaments oder der Medikamentengruppe.",
            "comment" : "Das Datenelement „Zeitangaben“ wurde absichtlich locker modelliert, um die unzähligen Möglichkeiten zu unterstützen, wie es in Fragebögen verwendet werden können, um zu erfassen, wann ein Medikament angewendet wurde. Die spezifische und beabsichtigte Semantik kann in einem Template weiter präzisiert werden. Zum Beispiel:\r\nKlonen Sie das Element in einem Template und benennen Sie es in „Start“ und „Stopp“ um, um das Datum/die Uhrzeit darzustellen, wann die Person mit der Einnahme eines Medikaments begonnen hat. Intervall von Datum/Uhrzeit für einen Zeitraum, z. B. zwischen 1940 und 1942. Text für Beschreibungen wie \"Unmittelbar nach der Operation\" oder \"Bis vor einer Woche\", \"Bis vor zwei Wochen\", \"Vor drei Wochen\". Dauer für das Alter der Person zu Beginn der Dauer ODER die Zeitdauer, während der die Person das Medikament eingenommen hat. Intervall der Dauer für das ungefähre Alter der Person zum Zeitpunkt des Beginns."
          },
          "at0002.3" : {
            "@type" : "ARCHETYPE_TERM",
            "code" : "at0002.1",
            "text" : "Zeitangaben (3)",
            "description" : "Der Beginn, das Ende oder die Dauer der Anwendung des Medikaments oder der Medikamentengruppe.",
            "comment" : "Das Datenelement „Zeitangaben“ wurde absichtlich locker modelliert, um die unzähligen Möglichkeiten zu unterstützen, wie es in Fragebögen verwendet werden können, um zu erfassen, wann ein Medikament angewendet wurde. Die spezifische und beabsichtigte Semantik kann in einem Template weiter präzisiert werden. Zum Beispiel:\r\nKlonen Sie das Element in einem Template und benennen Sie es in „Start“ und „Stopp“ um, um das Datum/die Uhrzeit darzustellen, wann die Person mit der Einnahme eines Medikaments begonnen hat. Intervall von Datum/Uhrzeit für einen Zeitraum, z. B. zwischen 1940 und 1942. Text für Beschreibungen wie \"Unmittelbar nach der Operation\" oder \"Bis vor einer Woche\", \"Bis vor zwei Wochen\", \"Vor drei Wochen\". Dauer für das Alter der Person zu Beginn der Dauer ODER die Zeitdauer, während der die Person das Medikament eingenommen hat. Intervall der Dauer für das ungefähre Alter der Person zum Zeitpunkt des Beginns."
          }
        },
        "nl" : {
          "at0002.2" : {
            "@type" : "ARCHETYPE_TERM",
            "code" : "at0002.1",
            "text" : "*Timing (en) (2)",
            "description" : "*The onset, cessation or duration of use of the medication or grouping of medications. (en)",
            "comment" : "*The 'Timing' data element has deliberately been loosely modelled to support the myriad of ways that it can be used in questionnaires to capture when a medication was used. The specific and intended semantics can be further clarified in a template. For example: \r\nClone and rename the element in a template to 'Start' and 'Stopped' to record the Date/time when the individual started using a medication. Interval of date/time for a period of time eg. between 1940 and 1942. Text for descriptions like 'Immediately after the operation', or 'Up to one week ago', 'Up to two weeks ago', 'Three weeks ago'. Duration for the individual's age at the onset of duration OR the length of time during which the individual has been using the medication. Interval of Duration for the approximate age of the individual at the time of onset. (en)"
          },
          "at0002.3" : {
            "@type" : "ARCHETYPE_TERM",
            "code" : "at0002.1",
            "text" : "*Timing (en) (3)",
            "description" : "*The onset, cessation or duration of use of the medication or grouping of medications. (en)",
            "comment" : "*The 'Timing' data element has deliberately been loosely modelled to support the myriad of ways that it can be used in questionnaires to capture when a medication was used. The specific and intended semantics can be further clarified in a template. For example: \r\nClone and rename the element in a template to 'Start' and 'Stopped' to record the Date/time when the individual started using a medication. Interval of date/time for a period of time eg. between 1940 and 1942. Text for descriptions like 'Immediately after the operation', or 'Up to one week ago', 'Up to two weeks ago', 'Three weeks ago'. Duration for the individual's age at the onset of duration OR the length of time during which the individual has been using the medication. Interval of Duration for the approximate age of the individual at the time of onset. (en)"
          }
        }
      },
      "termBindings" : { },
      "terminologyExtracts" : { },
      "valueSets" : {
        "ac0.1" : {
          "@type" : "VALUE_SET",
          "id" : "ac0.1",
          "members" : [ "at0036", "at0037", "at0039" ]
        }
      }
    },
    "adlVersion" : "1.4",
    "buildUid" : "50972535-e86b-43fe-b395-e61b52101ad7",
    "rmName" : "openehr",
    "rmRelease" : "1.1.0",
    "generated" : true,
    "otherMetaData" : { },
    "originalLanguage" : {
      "terminologyId" : {
        "value" : "ISO_639-1"
      },
      "codeString" : "en"
    },
    "translations" : [ {
      "@type" : "TRANSLATION_DETAILS",
      "language" : {
        "terminologyId" : {
          "value" : "ISO_639-1"
        },
        "codeString" : "de"
      },
      "author" : {
        "name" : "Kim Sommer, Natalia Strauch, Alina Rehberg",
        "organisation" : "Medizinische Hochschule Hannover",
        "email" : "sommer.kimkatrin@mh-hannover.de, Strauch.Natalia@mh-hannover.de, rehberg.alina@mh-hannover.de"
      },
      "otherDetails" : { }
    }, {
      "@type" : "TRANSLATION_DETAILS",
      "language" : {
        "terminologyId" : {
          "value" : "ISO_639-1"
        },
        "codeString" : "nb"
      },
      "author" : {
        "name" : "Silje Ljosland Bakke, John Tore Valand",
        "organisation" : "Helse Vest IKT AS, Helse Bergen",
        "email" : "silje.ljosland.bakke@helse-vest-ikt.no, john.tore.valand@helse-bergen.no, john.tore.valand@helse-vest-ikt.no"
      },
      "otherDetails" : { }
    }, {
      "@type" : "TRANSLATION_DETAILS",
      "language" : {
        "terminologyId" : {
          "value" : "ISO_639-1"
        },
        "codeString" : "nl"
      },
      "author" : {
        "name" : "Martijn van Eenennaam",
        "organisation" : "Nedap Healthcare",
        "email" : "martijn.vaneenennaam@nedap.com"
      },
      "accreditation" : "PhD",
      "otherDetails" : { }
    } ]
  }, {
    "@type" : "TEMPLATE_OVERLAY",
    "uid" : "14e1eb75-0ad9-4cb6-8a37-330d00ca1178",
    "description" : {
      "@type" : "RESOURCE_DESCRIPTION",
      "originalAuthor" : { },
      "otherContributors" : [ ],
      "ipAcknowledgements" : { },
      "references" : { },
      "conversionDetails" : { },
      "otherDetails" : {
        "PARENT:MD5-CAM-1.0.1" : "926B8773E3FBB271F2820D4198B4F63E"
      },
      "details" : {
        "de" : {
          "@type" : "RESOURCE_DESCRIPTION_ITEM",
          "language" : {
            "terminologyId" : {
              "value" : "ISO_639-1"
            },
            "codeString" : "de"
          },
          "purpose" : "Zur Darstellung der Kombination von Medikamentendosis und Verabreichungszeit an einem Tag im Kontext einer Medikamentenverordnung oder der Arzneimittelverwaltung oder gegebenenfalls für andere therapeutische/verschreibungspflichtige Produkte.",
          "keywords" : [ "Medikation", "Verordnung", "verschreiben", "verordnen", "Therapie", "Substanz", "Wirkstoff", "Arzneimittel", "Medikament", "therapeutisch", "therapeutisches Erzeugnis", "Pharmazeutikum", "Produkt", "Posologie", "Dosierung", "Behandlung", "Fluid", "Flüssigkeit", "Ernährung", "Timing", "Zeitplan", "Verabreichung", "Applikation", "Dosis" ],
          "use" : "Wird verwendet, um die Kombination einer Medikamentendosis und der Verabreichungszeiten innerhalb eines Tages, als Teil einer Medikamentenverordnung oder der Arzneimittelverwaltung oder gegebenenfalls für andere verschriebene therapeutische Produkte darzustellen.\r\nDas Zeitmuster für einen einzelnen Tag kann einfach eine einzelne Verabreichungszeit oder mehrere Verabreichungszeiten mit unterschiedlichem Komplexitätsgrad sein.\r\n\r\nTiming-Details, die nicht innerhalb eines Tages liegen, z. B. wöchentlicher oder monatlicher Rhythmus, werden im CLUSTER-Archetyp \"Verabreichungszeitpunkte - nicht täglich\" aufgeführt, der im CLUSTER-Archetyp \"Therapeutische Anweisungen\" (CLUSTER.therapeutic_direction) enthalten ist.\r\n\r\nIm Kontext einer therapeutischen INSTRUCTION kann dieser Archetyp in den SLOT \"Strukturierte Dosis- und Zeitangaben\" im CLUSTER \"Therapeutische Anweisung\" (CLUSTER.therapeutic_direction) eingefügt werden, um die Dosis und Details zum Zeitmuster der einzelnen beabsichtigten Verabreichungen eines therapeutischen Produktes darzustellen.\r\n\r\nIm Kontext eines ACTION-Archetyps fügen Sie diesen Archetyp direkt in den SLOT \"Dosis\" ein, um die Dosis und den Zeitpunkt der tatsächlichen Verabreichung eines therapeutischen Produktes darzustellen.\r\n\r\nSpezifische Start- / Stoppzeiten der Verabreichung sollten in einem CLUSTER-Archetyp \"Verabreichungszeitpunkte - täglich\" angegeben werden.",
          "originalResourceUri" : { },
          "otherDetails" : { }
        },
        "sv" : {
          "@type" : "RESOURCE_DESCRIPTION_ITEM",
          "language" : {
            "terminologyId" : {
              "value" : "ISO_639-1"
            },
            "codeString" : "sv"
          },
          "purpose" : "Att registrera kombinationen av läkemedelsmängd och administrationstid för en enda dag, som en del av en läkemedelsorder eller läkemedelshantering eller för andra lämpliga terapeutiska / förskrivningsbara föremål.",
          "keywords" : [ "medicinering", "beställa", "ordinera", "terapi", "ämne", "läkemedel", "terapeutisk", "terapeutiskt bra", "läkemedel", "produkt", "dosering", "behandling", "vätska", "näring", "timing", "administration", "dos" ],
          "use" : "Används för att registrera kombinationen av läkemedelsmängd och administreringstid för en enda dag, som en del av en läkemedelsorder eller läkemedelshantering eller för andra lämpliga terapeutiska / förskrivningsbara föremål.\r\nTidmönstret för en dag kan vara så enkelt som en enda administreringstid eller flera administreringstider med varierande nivåer av komplexitet.\r\n\r\nTidsuppgifter som inte ligger inom en enda dag, t.ex. vecko- eller månatliga tider, tas i CLUSTER 'Timing - non-daily' arketypen, inom CLUSTER 'Therapeutic direction' arketypen.\r\n\r\nI samband med en terapeutisk INSTRUCTION kan den här arketypen införas i 'Strukturerad dos och tidsriktning' SLOT i 'Therapeutic direction' CLUSTER för att registrera dos- och tidsdetaljer för mönstret för enstaka avsedda administrationer av en terapeutisk artikel.\r\n\r\nI samband med en ACTION-arketyp, sätt in den här arketypen direkt i 'Amount' SLOT för att registrera dosen och tidpunkten för den faktiska administreringen av ett terapeutisk objekt\r\n\r\nSpecifika administrationsstart / stopptider bör anges inom en innesluten CLUSTER 'Timing - daily' arketyp.",
          "originalResourceUri" : { },
          "otherDetails" : { }
        },
        "nb" : {
          "@type" : "RESOURCE_DESCRIPTION_ITEM",
          "language" : {
            "terminologyId" : {
              "value" : "ISO_639-1"
            },
            "codeString" : "nb"
          },
          "purpose" : "For å registrere kombinasjonen av en legemiddeldose og administrasjonstidspunkter innenfor en dag, som del av en legemiddelordinering eller legemiddelhåndtering, eller for andre ordinerte produkter der det er passende.",
          "keywords" : [ "legemiddel", "ordinering", "foreskrive", "terapi", "substans", "medisin", "terapeutisk", "farmasøytisk", "produkt", "behandling", "væske", "ernæring", "timing", "administrering", "administrasjon", "dose" ],
          "use" : "Brukes for å registrere kombinasjonen av en legemiddeldose og administrasjonstidspunkter innenfor en dag, som del av en legemiddelordinering eller legemiddelhåndtering, eller for andre ordinerte produkter der det er passende. Mønsteret for administrasjonstidspunkter innenfor en dag kan være så enkelt som ett administrasjonstidspunkt, eller flere administrasjonstidspunkter med forskjellige nivåer av kompleksitet.\r\n\r\nTimingdetaljer som ikke er innenfor én dag, f.eks. ukentlig eller månedlige timinger, håndteres av CLUSTER-arketypen \"Timing - repetering\" som benyttes i CLUSTER-arketypen \"Terapeutisk anvisning\".\r\n\r\nInnenfor en INSTRUCTION og i den igjen innenfor CLUSTER-arketypen \"Terapeutisk anvisning\" (CLUSTER.therapeutic_direction) for å registrere dose og timing av et ordinert produkt, som f.eks. et legemiddel.\r\n\r\nInnenfor en ACTION-arketype kan denne arketypen brukes for å registrere dosen og timing for den faktiske administreringen av det ordinerte produktet.\r\n\r\nSpesifikke tidspunkter for administrering og start/stopp-tidspunkter spesifiseres i CLUSTER-arketypen \"Timing - daglig\".",
          "originalResourceUri" : { },
          "otherDetails" : { }
        },
        "pt-br" : {
          "@type" : "RESOURCE_DESCRIPTION_ITEM",
          "language" : {
            "terminologyId" : {
              "value" : "ISO_639-1"
            },
            "codeString" : "pt-br"
          },
          "purpose" : "Para gravar a combinação de uma quantidade de medicamento e o tempo de administração diário, como parte de uma solicitação ou gestão de medicamentos ou para outros itens terapêuticos/prescritos apropriados.\r\n",
          "keywords" : [ "medicamento", "solicitação", "prescrever", "terapia", "substância", "fármaco", "terapêutico", "item terapêutico", "farmacêutico", "produto", "posologia", "tratamento", "fluido", "nutrição", "tempo", "administração", "dose" ],
          "use" : "Usado para gravar a combinação de uma quantidade de medicamento e o tempo de administração diário, como parte de uma solicitação ou gestão de medicamentos ou para outros itens terapêuticos/prescritos apropriados.\r\nO padrão de tempo diário pode ser simples como uma administração única ou múltiplas administrações com níveis variados de complexidade.\r\n\r\nOs detalhes de tempo que não estão dentro de um mesmo dia p.e. semanalmente ou mensalmente são incluídos dentro do arquétipo CLUSTER \"Timing repetition\" carregado dentro do arquétipo CLUSTER \"Therapeutic direction\".\r\n\r\nNo contexto de uma INSTRUÇÃO terapêutica este arquétipo pode ser inserido dentro do SLOT \"Dosage administration\" no CLUSTER \"Therapeutic direction\" para gravar a dose e detalhes de tempo do padrão de uma administração única de um item terapêutico.\r\n\r\nNo contexto de um arquétipo tipo ACTION insira este arquétipo diretamente no SLOT \"Amount\" para gravar a dose e tempo da administração de um item terapêutico.\r\n\r\nTempos específicos de início e parada de administração devem ser especificados dentro do arquétipo CLUSTER \"Timing - daily\".\r\n",
          "originalResourceUri" : { },
          "otherDetails" : { }
        },
        "en" : {
          "@type" : "RESOURCE_DESCRIPTION_ITEM",
          "language" : {
            "terminologyId" : {
              "value" : "ISO_639-1"
            },
            "codeString" : "en"
          },
          "purpose" : "To record the combination of a medication amount and the administration timing within a single day, as part of a medication order or medication management or for other appropriate therapeutic/prescribable items.",
          "keywords" : [ "medication", "order", "prescribe", "therapy", "substance", "drug", "therapeutic", "therapeutic good", "pharmaceutical", "product", "posology", "treatment", "fluid", "nutrition", "timing", "administration", "dose" ],
          "use" : "Use to record the combination of a medication amount and the administration timing for a single day, as part of a medication order or medication management or for other appropriate therapeutic/prescribable items. \r\nThe timing pattern for a single day can be as simple as a single administration time, or multiple administration times with varying levels of complexity.\r\n\r\nTiming details which are not within a single day, for example, weekly or monthly timings, are carried in the CLUSTER 'Timing - non-daily' archetype carried within the CLUSTER 'Therapeutic direction' archetype.\r\n\r\nIn the context of a therapeutic INSTRUCTION, this archetype may be inserted into the 'Structured dose and timing directions' SLOT in the 'Therapeutic direction' CLUSTER to record the dose and timing details of the pattern of single intended administrations of a therapeutic item. \r\n\r\nIn the context of an ACTION archetype insert this archetype directly into the 'Amount' SLOT to record the dose and timing of the actual administration of a therapeutic item.\r\n\r\nSpecific administration start/stop times should be specified within a contained CLUSTER 'Timing - daily' archetype.",
          "copyright" : "© openEHR Foundation",
          "originalResourceUri" : { },
          "otherDetails" : { }
        }
      }
    },
    "parentArchetypeId" : "openEHR-EHR-CLUSTER.dosage.v2",
    "differential" : true,
    "archetypeId" : {
      "@type" : "ARCHETYPE_HRID",
      "value" : "openEHR-EHR-CLUSTER.ovl-dosage-001.v2"
    },
    "definition" : {
      "@type" : "C_COMPLEX_OBJECT",
      "rmTypeName" : "CLUSTER",
      "nodeId" : "at0000.1",
      "attributes" : [ {
        "@type" : "C_ATTRIBUTE",
        "rmAttributeName" : "items",
        "children" : [ {
          "@type" : "C_COMPLEX_OBJECT",
          "rmTypeName" : "ELEMENT",
          "occurrences" : "0..0",
          "nodeId" : "at0164.1",
          "attributes" : [ {
            "@type" : "C_ATTRIBUTE",
            "rmAttributeName" : "value",
            "children" : [ {
              "@type" : "C_COMPLEX_OBJECT",
              "rmTypeName" : "DV_COUNT",
              "attributes" : [ {
                "@type" : "C_ATTRIBUTE",
                "rmAttributeName" : "magnitude",
                "children" : [ {
                  "@type" : "C_INTEGER",
                  "rmTypeName" : "Integer",
                  "occurrences" : "1..1",
                  "constraint" : [ {
                    "lower" : 1,
                    "lowerIncluded" : true,
                    "upperIncluded" : false,
                    "lowerUnbounded" : false,
                    "upperUnbounded" : true
                  } ]
                } ]
              } ],
              "attributeTuples" : [ ]
            } ]
          } ],
          "attributeTuples" : [ ]
        }, {
          "@type" : "C_COMPLEX_OBJECT",
          "rmTypeName" : "ELEMENT",
          "nodeId" : "at0144.1",
          "attributes" : [ {
            "@type" : "C_ATTRIBUTE",
            "rmAttributeName" : "value",
            "children" : [ {
              "@type" : "C_COMPLEX_OBJECT",
              "rmTypeName" : "DV_QUANTITY",
              "attributes" : [ ],
              "attributeTuples" : [ ]
            } ]
          } ],
          "attributeTuples" : [ ]
        }, {
          "@type" : "C_COMPLEX_OBJECT",
          "rmTypeName" : "ELEMENT",
          "occurrences" : "0..0",
          "nodeId" : "at0135.1",
          "attributes" : [ {
            "@type" : "C_ATTRIBUTE",
            "rmAttributeName" : "value",
            "children" : [ {
              "@type" : "C_COMPLEX_OBJECT",
              "rmTypeName" : "DV_TEXT",
              "attributes" : [ ],
              "attributeTuples" : [ ]
            }, {
              "@type" : "C_COMPLEX_OBJECT",
              "rmTypeName" : "DV_QUANTITY",
              "attributes" : [ ],
              "attributeTuples" : [ ]
            } ]
          } ],
          "attributeTuples" : [ ]
        }, {
          "@type" : "C_COMPLEX_OBJECT",
          "rmTypeName" : "ELEMENT",
          "occurrences" : "0..0",
          "nodeId" : "at0178.1",
          "attributes" : [ ],
          "attributeTuples" : [ ]
        }, {
          "@type" : "C_COMPLEX_OBJECT",
          "rmTypeName" : "ELEMENT",
          "occurrences" : "0..0",
          "nodeId" : "at0134.1",
          "attributes" : [ {
            "@type" : "C_ATTRIBUTE",
            "rmAttributeName" : "value",
            "children" : [ {
              "@type" : "C_COMPLEX_OBJECT",
              "rmTypeName" : "DV_QUANTITY",
              "attributes" : [ {
                "@type" : "C_ATTRIBUTE",
                "rmAttributeName" : "property",
                "children" : [ {
                  "@type" : "C_TERMINOLOGY_CODE",
                  "terminologyId" : {
                    "value" : "openehr"
                  },
                  "constraint" : [ "126" ]
                } ]
              } ],
              "attributeTuples" : [ {
                "@type" : "C_ATTRIBUTE_TUPLE",
                "members" : [ {
                  "@type" : "C_ATTRIBUTE",
                  "rmAttributeName" : "magnitude",
                  "children" : [ ]
                }, {
                  "@type" : "C_ATTRIBUTE",
                  "rmAttributeName" : "units",
                  "children" : [ ]
                } ],
                "tuples" : [ {
                  "@type" : "C_PRIMITIVE_TUPLE",
                  "members" : [ {
                    "@type" : "C_REAL",
                    "constraint" : [ {
                      "lower" : 0.0,
                      "lowerIncluded" : true,
                      "upperIncluded" : false,
                      "lowerUnbounded" : false,
                      "upperUnbounded" : true
                    } ]
                  }, {
                    "@type" : "C_STRING",
                    "constraint" : [ "l/h" ]
                  } ]
                }, {
                  "@type" : "C_PRIMITIVE_TUPLE",
                  "members" : [ {
                    "@type" : "C_REAL",
                    "constraint" : [ {
                      "lower" : 0.0,
                      "lowerIncluded" : true,
                      "upperIncluded" : false,
                      "lowerUnbounded" : false,
                      "upperUnbounded" : true
                    } ]
                  }, {
                    "@type" : "C_STRING",
                    "constraint" : [ "ml/min" ]
                  } ]
                }, {
                  "@type" : "C_PRIMITIVE_TUPLE",
                  "members" : [ {
                    "@type" : "C_REAL",
                    "constraint" : [ {
                      "lower" : 0.0,
                      "lowerIncluded" : true,
                      "upperIncluded" : false,
                      "lowerUnbounded" : false,
                      "upperUnbounded" : true
                    } ]
                  }, {
                    "@type" : "C_STRING",
                    "constraint" : [ "ml/s" ]
                  } ]
                }, {
                  "@type" : "C_PRIMITIVE_TUPLE",
                  "members" : [ {
                    "@type" : "C_REAL",
                    "constraint" : [ {
                      "lower" : 0.0,
                      "lowerIncluded" : true,
                      "upperIncluded" : false,
                      "lowerUnbounded" : false,
                      "upperUnbounded" : true
                    } ]
                  }, {
                    "@type" : "C_STRING",
                    "constraint" : [ "ml/h" ]
                  } ]
                } ]
              } ]
            }, {
              "@type" : "C_COMPLEX_OBJECT",
              "rmTypeName" : "DV_TEXT",
              "attributes" : [ ],
              "attributeTuples" : [ ]
            } ]
          } ],
          "attributeTuples" : [ ]
        }, {
          "@type" : "C_COMPLEX_OBJECT",
          "rmTypeName" : "ELEMENT",
          "occurrences" : "0..0",
          "nodeId" : "at0102.1",
          "attributes" : [ {
            "@type" : "C_ATTRIBUTE",
            "rmAttributeName" : "value",
            "children" : [ {
              "@type" : "C_COMPLEX_OBJECT",
              "rmTypeName" : "DV_DURATION",
              "attributes" : [ {
                "@type" : "C_ATTRIBUTE",
                "rmAttributeName" : "value",
                "children" : [ {
                  "@type" : "C_DURATION",
                  "rmTypeName" : "DURATION",
                  "occurrences" : "1..1",
                  "patternedConstraint" : "PDTHMS",
                  "constraint" : [ {
                    "lower" : "PT0S",
                    "lowerIncluded" : true,
                    "upperIncluded" : false,
                    "lowerUnbounded" : false,
                    "upperUnbounded" : true
                  } ]
                } ]
              } ],
              "attributeTuples" : [ ]
            }, {
              "@type" : "C_COMPLEX_OBJECT",
              "rmTypeName" : "DV_INTERVAL<DV_DURATION>",
              "attributes" : [ {
                "@type" : "C_ATTRIBUTE",
                "rmAttributeName" : "lower",
                "children" : [ {
                  "@type" : "C_COMPLEX_OBJECT",
                  "rmTypeName" : "DV_DURATION",
                  "attributes" : [ {
                    "@type" : "C_ATTRIBUTE",
                    "rmAttributeName" : "value",
                    "children" : [ {
                      "@type" : "C_DURATION",
                      "rmTypeName" : "DURATION",
                      "occurrences" : "1..1",
                      "patternedConstraint" : "PDTHMS",
                      "constraint" : [ {
                        "lower" : "PT0S",
                        "lowerIncluded" : true,
                        "upperIncluded" : false,
                        "lowerUnbounded" : false,
                        "upperUnbounded" : true
                      } ]
                    } ]
                  } ],
                  "attributeTuples" : [ ]
                } ]
              }, {
                "@type" : "C_ATTRIBUTE",
                "rmAttributeName" : "upper",
                "children" : [ {
                  "@type" : "C_COMPLEX_OBJECT",
                  "rmTypeName" : "DV_DURATION",
                  "attributes" : [ {
                    "@type" : "C_ATTRIBUTE",
                    "rmAttributeName" : "value",
                    "children" : [ {
                      "@type" : "C_DURATION",
                      "rmTypeName" : "DURATION",
                      "occurrences" : "1..1",
                      "patternedConstraint" : "PDTHMS",
                      "constraint" : [ {
                        "lower" : "PT0S",
                        "lowerIncluded" : true,
                        "upperIncluded" : false,
                        "lowerUnbounded" : false,
                        "upperUnbounded" : true
                      } ]
                    } ]
                  } ],
                  "attributeTuples" : [ ]
                } ]
              } ],
              "attributeTuples" : [ ]
            } ]
          } ],
          "attributeTuples" : [ ]
        }, {
          "@type" : "C_COMPLEX_OBJECT",
          "rmTypeName" : "ELEMENT",
          "occurrences" : "0..0",
          "nodeId" : "at0176.1",
          "attributes" : [ {
            "@type" : "C_ATTRIBUTE",
            "rmAttributeName" : "value",
            "children" : [ {
              "@type" : "C_COMPLEX_OBJECT",
              "rmTypeName" : "DV_QUANTITY",
              "attributes" : [ ],
              "attributeTuples" : [ ]
            }, {
              "@type" : "C_COMPLEX_OBJECT",
              "rmTypeName" : "DV_INTERVAL<DV_QUANTITY>",
              "attributes" : [ ],
              "attributeTuples" : [ ]
            } ]
          } ],
          "attributeTuples" : [ ]
        } ]
      } ],
      "attributeTuples" : [ ]
    },
    "terminology" : {
      "@type" : "ARCHETYPE_TERMINOLOGY",
      "conceptCode" : "at0000",
      "termDefinitions" : {
        "en" : {
          "at0144.1" : {
            "@type" : "ARCHETYPE_TERM",
            "code" : "at0144.1",
            "text" : "Dosis Obat",
            "description" : "The amount of medication administered at one time.",
            "comment" : "For example: 1 mg, 1.5 ml, 0.125 g; or 1-2 ml, 12.5-20.5 mg."
          }
        },
        "nb" : { },
        "pt-br" : { },
        "de" : { },
        "sv" : { }
      },
      "termBindings" : { },
      "terminologyExtracts" : { },
      "valueSets" : { }
    },
    "adlVersion" : "1.4",
    "buildUid" : "54847bc3-76e5-48b9-831f-d3002ef5cf63",
    "rmName" : "openehr",
    "rmRelease" : "1.1.0",
    "generated" : true,
    "otherMetaData" : { },
    "originalLanguage" : {
      "terminologyId" : {
        "value" : "ISO_639-1"
      },
      "codeString" : "en"
    },
    "translations" : [ {
      "@type" : "TRANSLATION_DETAILS",
      "language" : {
        "terminologyId" : {
          "value" : "ISO_639-1"
        },
        "codeString" : "de"
      },
      "author" : {
        "name" : "Nazli Soltani, Natalia Strauch, Alexander Bachmeier",
        "organisation" : "UMG, Medizinische Schule Hannover (MHH), Medizinische Hochschule Hannover, Heidelberg University Hospital",
        "email" : "nazli.soltani@med.uni-goettingen.de, strauch.natalia@mh-hannover.de, Strauch.Natalia@mh-hannover.de, alexander.bachmeier@med.uni-heidelberg.de"
      },
      "otherDetails" : { }
    }, {
      "@type" : "TRANSLATION_DETAILS",
      "language" : {
        "terminologyId" : {
          "value" : "ISO_639-1"
        },
        "codeString" : "sv"
      },
      "author" : {
        "name" : "Therese Lindberg",
        "organisation" : "Cambio CDS",
        "email" : "therese.lindberg@cambio.se"
      },
      "otherDetails" : { }
    }, {
      "@type" : "TRANSLATION_DETAILS",
      "language" : {
        "terminologyId" : {
          "value" : "ISO_639-1"
        },
        "codeString" : "nb"
      },
      "author" : {
        "name" : "Silje Ljosland Bakke",
        "organisation" : "Nasjonal IKT HF, Helse Vest IKT AS",
        "email" : "silje.ljosland.bakke@helse-vest-ikt.no"
      },
      "otherDetails" : { }
    }, {
      "@type" : "TRANSLATION_DETAILS",
      "language" : {
        "terminologyId" : {
          "value" : "ISO_639-1"
        },
        "codeString" : "pt-br"
      },
      "author" : {
        "name" : "Debora Farage, Fernanda Maia, Laíse Figueiredo",
        "organisation" : "Core Consulting",
        "email" : "contato@coreconsulting.com.br"
      },
      "accreditation" : "Hospital Alemão Oswaldo Cruz (HAOC)",
      "otherDetails" : { }
    } ]
  } ],
  "originalLanguage" : {
    "terminologyId" : {
      "value" : "ISO_639-1"
    },
    "codeString" : "en"
  },
  "translations" : [ {
    "@type" : "TRANSLATION_DETAILS",
    "language" : {
      "terminologyId" : {
        "value" : "ISO_639-1"
      },
      "codeString" : "de"
    },
    "author" : { },
    "otherDetails" : { }
  }, {
    "@type" : "TRANSLATION_DETAILS",
    "language" : {
      "terminologyId" : {
        "value" : "ISO_639-1"
      },
      "codeString" : "sv"
    },
    "author" : { },
    "otherDetails" : { }
  }, {
    "@type" : "TRANSLATION_DETAILS",
    "language" : {
      "terminologyId" : {
        "value" : "ISO_639-1"
      },
      "codeString" : "fi"
    },
    "author" : { },
    "otherDetails" : { }
  }, {
    "@type" : "TRANSLATION_DETAILS",
    "language" : {
      "terminologyId" : {
        "value" : "ISO_639-1"
      },
      "codeString" : "es-ar"
    },
    "author" : { },
    "otherDetails" : { }
  }, {
    "@type" : "TRANSLATION_DETAILS",
    "language" : {
      "terminologyId" : {
        "value" : "ISO_639-1"
      },
      "codeString" : "ko"
    },
    "author" : { },
    "otherDetails" : { }
  }, {
    "@type" : "TRANSLATION_DETAILS",
    "language" : {
      "terminologyId" : {
        "value" : "ISO_639-1"
      },
      "codeString" : "nb"
    },
    "author" : { },
    "otherDetails" : { }
  }, {
    "@type" : "TRANSLATION_DETAILS",
    "language" : {
      "terminologyId" : {
        "value" : "ISO_639-1"
      },
      "codeString" : "pt-br"
    },
    "author" : { },
    "otherDetails" : { }
  }, {
    "@type" : "TRANSLATION_DETAILS",
    "language" : {
      "terminologyId" : {
        "value" : "ISO_639-1"
      },
      "codeString" : "ar-sy"
    },
    "author" : { },
    "otherDetails" : { }
  }, {
    "@type" : "TRANSLATION_DETAILS",
    "language" : {
      "terminologyId" : {
        "value" : "ISO_639-1"
      },
      "codeString" : "it"
    },
    "author" : { },
    "otherDetails" : { }
  }, {
    "@type" : "TRANSLATION_DETAILS",
    "language" : {
      "terminologyId" : {
        "value" : "ISO_639-1"
      },
      "codeString" : "fr"
    },
    "author" : { },
    "otherDetails" : { }
  }, {
    "@type" : "TRANSLATION_DETAILS",
    "language" : {
      "terminologyId" : {
        "value" : "ISO_639-1"
      },
      "codeString" : "es"
    },
    "author" : { },
    "otherDetails" : { }
  }, {
    "@type" : "TRANSLATION_DETAILS",
    "language" : {
      "terminologyId" : {
        "value" : "ISO_639-1"
      },
      "codeString" : "nl"
    },
    "author" : { },
    "otherDetails" : { }
  } ]
}