{
  "@type" : "TEMPLATE",
  "uid" : "9bd29942-0390-4953-970d-34f385e44b44",
  "description" : {
    "@type" : "RESOURCE_DESCRIPTION",
    "originalAuthor" : {
      "name" : "Heather Leslie",
      "organisation" : "Atomica Informatics",
      "email" : "heather.leslie@atomicainformatics.com",
      "date" : "2020-03-06"
    },
    "otherContributors" : [ ],
    "lifecycleState" : {
      "codeString" : "unmanaged"
    },
    "ipAcknowledgements" : { },
    "references" : { },
    "conversionDetails" : { },
    "otherDetails" : {
      "licence" : "This work is licensed under the Creative Commons Attribution-ShareAlike 4.0 International License. To view a copy of this license, visit http://creativecommons.org/licenses/by-sa/4.0/.",
      "custodian_organisation" : "openEHR Foundation",
      "original_namespace" : "org.openehr",
      "original_publisher" : "openEHR Foundation",
      "custodian_namespace" : "org.openehr",
      "MD5-CAM-1.0.1" : "6f1e06451843193cc819cd790cf2b1bd"
    },
    "details" : {
      "en" : {
        "@type" : "RESOURCE_DESCRIPTION_ITEM",
        "language" : {
          "terminologyId" : {
            "value" : "ISO_639-1"
          },
          "codeString" : "en"
        },
        "originalResourceUri" : { },
        "otherDetails" : { }
      },
      "de" : {
        "@type" : "RESOURCE_DESCRIPTION_ITEM",
        "language" : {
          "terminologyId" : {
            "value" : "ISO_639-1"
          },
          "codeString" : "de"
        },
        "originalResourceUri" : { },
        "otherDetails" : {
          "notes" : "Generated automatically by Adl Designer"
        }
      },
      "sv" : {
        "@type" : "RESOURCE_DESCRIPTION_ITEM",
        "language" : {
          "terminologyId" : {
            "value" : "ISO_639-1"
          },
          "codeString" : "sv"
        },
        "originalResourceUri" : { },
        "otherDetails" : {
          "notes" : "Generated automatically by Adl Designer"
        }
      },
      "nb" : {
        "@type" : "RESOURCE_DESCRIPTION_ITEM",
        "language" : {
          "terminologyId" : {
            "value" : "ISO_639-1"
          },
          "codeString" : "nb"
        },
        "originalResourceUri" : { },
        "otherDetails" : {
          "notes" : "Generated automatically by Adl Designer"
        }
      }
    }
  },
  "parentArchetypeId" : "openEHR-EHR-OBSERVATION.imaging_exam_result.v0",
  "differential" : true,
  "archetypeId" : {
    "@type" : "ARCHETYPE_HRID",
    "value" : "openEHR-EHR-OBSERVATION.t_imaging_exam_result.v0"
  },
  "definition" : {
    "@type" : "C_COMPLEX_OBJECT",
    "rmTypeName" : "OBSERVATION",
    "nodeId" : "at0000.1",
    "attributes" : [ ],
    "attributeTuples" : [ ]
  },
  "terminology" : {
    "@type" : "ARCHETYPE_TERMINOLOGY",
    "conceptCode" : "at0000",
    "termDefinitions" : {
      "en" : { },
      "nb" : { },
      "de" : { },
      "sv" : { }
    },
    "termBindings" : { },
    "terminologyExtracts" : { },
    "valueSets" : { }
  },
  "adlVersion" : "1.4",
  "buildUid" : "1177055b-c214-337d-b8fe-3e93bdf91859",
  "rmName" : "openehr",
  "rmRelease" : "1.1.0",
  "generated" : true,
  "templateId" : "Imaging examination result",
  "otherMetaData" : { },
  "templateOverlays" : [ ],
  "originalLanguage" : {
    "terminologyId" : {
      "value" : "ISO_639-1"
    },
    "codeString" : "en"
  },
  "translations" : [ {
    "@type" : "TRANSLATION_DETAILS",
    "language" : {
      "terminologyId" : {
        "value" : "ISO_639-1"
      },
      "codeString" : "de"
    },
    "author" : {
      "application" : "Adl Designer",
      "name" : "Natalia Strauch",
      "organisation" : "Medizinische Hochschule Hannover",
      "email" : "Strauch.Natalia@mh-hannover.de"
    },
    "otherDetails" : {
      "notes" : "Generated automatically by Adl Designer"
    }
  }, {
    "@type" : "TRANSLATION_DETAILS",
    "language" : {
      "terminologyId" : {
        "value" : "ISO_639-1"
      },
      "codeString" : "sv"
    },
    "author" : {
      "name" : "Linda Aulin",
      "organisation" : "Region Stockholm",
      "email" : "linda.aulin@sll.se"
    },
    "otherDetails" : { }
  }, {
    "@type" : "TRANSLATION_DETAILS",
    "language" : {
      "terminologyId" : {
        "value" : "ISO_639-1"
      },
      "codeString" : "nb"
    },
    "author" : {
      "application" : "Adl Designer",
      "name" : "Vebjørn Arntzen, Liv Laugen",
      "organisation" : "​Oslo University Hospital, Norway",
      "email" : "varntzen@ous-hf.no, liv.laugen@ous-hf.no"
    },
    "otherDetails" : {
      "notes" : "Generated automatically by Adl Designer"
    }
  } ]
}