{
  "@type" : "TEMPLATE",
  "uid" : "2a2c4c08-2cac-4b6b-8795-b4c6dd3bc284",
  "description" : {
    "@type" : "RESOURCE_DESCRIPTION",
    "originalAuthor" : {
      "date" : "2022-11-18"
    },
    "otherContributors" : [ ],
    "lifecycleState" : {
      "codeString" : "unmanaged"
    },
    "ipAcknowledgements" : { },
    "references" : { },
    "conversionDetails" : { },
    "otherDetails" : {
      "licence" : "",
      "custodian_organisation" : "",
      "original_namespace" : "",
      "original_publisher" : "",
      "custodian_namespace" : "",
      "sem_ver" : "1.0.0",
      "build_uid" : "346ce60a-4533-49ad-afc6-d3045ffb39a6",
      "MD5-CAM-1.0.1" : "effdd3be817a36b60e9ea42738f26134",
      "PARENT:MD5-CAM-1.0.1" : "8F3156560D39B12C8362DF26A4C575BD"
    },
    "details" : {
      "de" : {
        "@type" : "RESOURCE_DESCRIPTION_ITEM",
        "language" : {
          "terminologyId" : {
            "value" : "ISO_639-1"
          },
          "codeString" : "de"
        },
        "keywords" : [ ],
        "originalResourceUri" : { },
        "otherDetails" : { }
      },
      "fi" : {
        "@type" : "RESOURCE_DESCRIPTION_ITEM",
        "language" : {
          "terminologyId" : {
            "value" : "ISO_639-1"
          },
          "codeString" : "fi"
        },
        "keywords" : [ ],
        "originalResourceUri" : { },
        "otherDetails" : { }
      },
      "sv" : {
        "@type" : "RESOURCE_DESCRIPTION_ITEM",
        "language" : {
          "terminologyId" : {
            "value" : "ISO_639-1"
          },
          "codeString" : "sv"
        },
        "keywords" : [ ],
        "originalResourceUri" : { },
        "otherDetails" : { }
      },
      "ko" : {
        "@type" : "RESOURCE_DESCRIPTION_ITEM",
        "language" : {
          "terminologyId" : {
            "value" : "ISO_639-1"
          },
          "codeString" : "ko"
        },
        "keywords" : [ ],
        "originalResourceUri" : { },
        "otherDetails" : { }
      },
      "pt-br" : {
        "@type" : "RESOURCE_DESCRIPTION_ITEM",
        "language" : {
          "terminologyId" : {
            "value" : "ISO_639-1"
          },
          "codeString" : "pt-br"
        },
        "keywords" : [ ],
        "originalResourceUri" : { },
        "otherDetails" : { }
      },
      "en" : {
        "@type" : "RESOURCE_DESCRIPTION_ITEM",
        "language" : {
          "terminologyId" : {
            "value" : "ISO_639-1"
          },
          "codeString" : "en"
        },
        "purpose" : "Form untuk mendapatkan data mengenai keluhan sosial anak yang terjadi sehari-hari",
        "keywords" : [ ],
        "originalResourceUri" : { },
        "otherDetails" : { }
      },
      "ar-sy" : {
        "@type" : "RESOURCE_DESCRIPTION_ITEM",
        "language" : {
          "terminologyId" : {
            "value" : "ISO_639-1"
          },
          "codeString" : "ar-sy"
        },
        "keywords" : [ ],
        "originalResourceUri" : { },
        "otherDetails" : { }
      },
      "it" : {
        "@type" : "RESOURCE_DESCRIPTION_ITEM",
        "language" : {
          "terminologyId" : {
            "value" : "ISO_639-1"
          },
          "codeString" : "it"
        },
        "keywords" : [ ],
        "originalResourceUri" : { },
        "otherDetails" : { }
      },
      "fr" : {
        "@type" : "RESOURCE_DESCRIPTION_ITEM",
        "language" : {
          "terminologyId" : {
            "value" : "ISO_639-1"
          },
          "codeString" : "fr"
        },
        "keywords" : [ ],
        "originalResourceUri" : { },
        "otherDetails" : { }
      },
      "es" : {
        "@type" : "RESOURCE_DESCRIPTION_ITEM",
        "language" : {
          "terminologyId" : {
            "value" : "ISO_639-1"
          },
          "codeString" : "es"
        },
        "keywords" : [ ],
        "originalResourceUri" : { },
        "otherDetails" : { }
      },
      "nb" : {
        "@type" : "RESOURCE_DESCRIPTION_ITEM",
        "language" : {
          "terminologyId" : {
            "value" : "ISO_639-1"
          },
          "codeString" : "nb"
        },
        "keywords" : [ ],
        "originalResourceUri" : { },
        "otherDetails" : { }
      },
      "es-ar" : {
        "@type" : "RESOURCE_DESCRIPTION_ITEM",
        "language" : {
          "terminologyId" : {
            "value" : "ISO_639-1"
          },
          "codeString" : "es-ar"
        },
        "keywords" : [ ],
        "originalResourceUri" : { },
        "otherDetails" : { }
      },
      "nl" : {
        "@type" : "RESOURCE_DESCRIPTION_ITEM",
        "language" : {
          "terminologyId" : {
            "value" : "ISO_639-1"
          },
          "codeString" : "nl"
        },
        "keywords" : [ ],
        "originalResourceUri" : { },
        "otherDetails" : { }
      }
    }
  },
  "parentArchetypeId" : "openEHR-EHR-COMPOSITION.encounter.v1",
  "differential" : true,
  "archetypeId" : {
    "@type" : "ARCHETYPE_HRID",
    "value" : "openEHR-EHR-COMPOSITION.t_encounter.v1"
  },
  "definition" : {
    "@type" : "C_COMPLEX_OBJECT",
    "rmTypeName" : "COMPOSITION",
    "nodeId" : "at0000.1",
    "attributes" : [ {
      "@type" : "C_ATTRIBUTE",
      "rmAttributeName" : "context",
      "children" : [ {
        "@type" : "C_COMPLEX_OBJECT",
        "rmTypeName" : "EVENT_CONTEXT",
        "attributes" : [ ],
        "attributeTuples" : [ ]
      } ]
    }, {
      "@type" : "C_ATTRIBUTE",
      "rmAttributeName" : "content",
      "existence" : "0..1",
      "cardinality" : {
        "@type" : "CARDINALITY",
        "interval" : "1..*",
        "ordered" : false,
        "unique" : false
      },
      "children" : [ {
        "@type" : "C_ARCHETYPE_ROOT",
        "rmTypeName" : "OBSERVATION",
        "occurrences" : "0..1",
        "nodeId" : "at0.4",
        "attributes" : [ ],
        "attributeTuples" : [ ],
        "archetypeRef" : "openEHR-EHR-OBSERVATION.ovl-age-001.v0",
        "referenceType" : "archetypeOverlay"
      }, {
        "@type" : "C_ARCHETYPE_ROOT",
        "rmTypeName" : "SECTION",
        "occurrences" : "0..1",
        "nodeId" : "at0.6",
        "attributes" : [ ],
        "attributeTuples" : [ ],
        "archetypeRef" : "DMAnak-KekuatandanKesulitan(SDQ)",
        "referenceType" : "templateId"
      }, {
        "@type" : "C_ARCHETYPE_ROOT",
        "rmTypeName" : "SECTION",
        "occurrences" : "0..0",
        "nodeId" : "at0.13",
        "attributes" : [ ],
        "attributeTuples" : [ ],
        "archetypeRef" : "openEHR-EHR-SECTION.ovl-adhoc-003.v1",
        "referenceType" : "archetypeOverlay"
      }, {
        "@type" : "C_ARCHETYPE_ROOT",
        "rmTypeName" : "SECTION",
        "occurrences" : "0..0",
        "nodeId" : "at0.8",
        "attributes" : [ ],
        "attributeTuples" : [ ],
        "archetypeRef" : "openEHR-EHR-SECTION.ovl-adhoc-001.v1",
        "referenceType" : "archetypeOverlay"
      }, {
        "@type" : "C_ARCHETYPE_ROOT",
        "rmTypeName" : "SECTION",
        "occurrences" : "0..0",
        "nodeId" : "at0.10",
        "attributes" : [ ],
        "attributeTuples" : [ ],
        "archetypeRef" : "openEHR-EHR-SECTION.ovl-adhoc-002.v1",
        "referenceType" : "archetypeOverlay"
      } ]
    } ],
    "attributeTuples" : [ ]
  },
  "terminology" : {
    "@type" : "ARCHETYPE_TERMINOLOGY",
    "conceptCode" : "at0000",
    "termDefinitions" : {
      "ar-sy" : {
        "at0000.1" : {
          "@type" : "ARCHETYPE_TERM",
          "code" : "at0000.1",
          "text" : "MetabolicDiseases-(DiabetesMellitusAnak)-Sosial-v0.0.0",
          "description" : "*Interaction, contact or care event between a subject of care and healthcare provider(s).(en)"
        }
      },
      "en" : {
        "at0000.1" : {
          "@type" : "ARCHETYPE_TERM",
          "code" : "at0000.1",
          "text" : "MetabolicDiseases-(DiabetesMellitusAnak)-Sosial-v2",
          "description" : "Interaction, contact or care event between a subject of care and healthcare provider(s)."
        }
      },
      "es-ar" : {
        "at0000.1" : {
          "@type" : "ARCHETYPE_TERM",
          "code" : "at0000.1",
          "text" : "MetabolicDiseases-(DiabetesMellitusAnak)-Sosial-v0.0.0",
          "description" : "Interacción, contacto o evento de cuidados entre un sujeto de cuidados y uno o más proveedores de cuidados de la salud."
        }
      },
      "ko" : {
        "at0000.1" : {
          "@type" : "ARCHETYPE_TERM",
          "code" : "at0000.1",
          "text" : "MetabolicDiseases-(DiabetesMellitusAnak)-Sosial-v0.0.0",
          "description" : "*Interaction, contact or care event between a subject of care and healthcare provider(s).(en)"
        }
      },
      "pt-br" : {
        "at0000.1" : {
          "@type" : "ARCHETYPE_TERM",
          "code" : "at0000.1",
          "text" : "MetabolicDiseases-(DiabetesMellitusAnak)-Sosial-v0.0.0",
          "description" : "Interação, contato ou cuidado entre o sujeito do cuidado e profissional(is) de saúde."
        }
      },
      "es" : {
        "at0000.1" : {
          "@type" : "ARCHETYPE_TERM",
          "code" : "at0000.1",
          "text" : "MetabolicDiseases-(DiabetesMellitusAnak)-Sosial-v0.0.0",
          "description" : "Interacción, contacto o evento de cuidado entre un paciente y un proveedor de salud."
        }
      },
      "nl" : {
        "at0000.1" : {
          "@type" : "ARCHETYPE_TERM",
          "code" : "at0000.1",
          "text" : "MetabolicDiseases-(DiabetesMellitusAnak)-Sosial-v0.0.0",
          "description" : "Interactie, contact of zorggebeurtenis tussen een onderwerp van zorg en zorgverlener(s)."
        }
      },
      "sv" : {
        "at0000.1" : {
          "@type" : "ARCHETYPE_TERM",
          "code" : "at0000.1",
          "text" : "MetabolicDiseases-(DiabetesMellitusAnak)-Sosial-v0.0.0",
          "description" : "Interaktion, kontakt eller vårdhändelse mellan vårdtagare och vårdgivare inom hälso- och sjukvården."
        }
      },
      "de" : {
        "at0000.1" : {
          "@type" : "ARCHETYPE_TERM",
          "code" : "at0000.1",
          "text" : "MetabolicDiseases-(DiabetesMellitusAnak)-Sosial-v0.0.0",
          "description" : "Interaktion, Kontakt oder Versorgungsereignis, zwischen einem Versorgungsempfänger und einem Gesundheitsdienstleister."
        }
      },
      "fi" : {
        "at0000.1" : {
          "@type" : "ARCHETYPE_TERM",
          "code" : "at0000.1",
          "text" : "MetabolicDiseases-(DiabetesMellitusAnak)-Sosial-v0.0.0",
          "description" : "Hoitohenkilön ja terveydenhuollon tarjoajan välinen vuorovaikutus, kontakti- tai hoitotapahtuma."
        }
      },
      "it" : {
        "at0000.1" : {
          "@type" : "ARCHETYPE_TERM",
          "code" : "at0000.1",
          "text" : "MetabolicDiseases-(DiabetesMellitusAnak)-Sosial-v0.0.0",
          "description" : "Interazione, contatto o evento di cura tra un soggetto di cura e il/i fornitore/i di assistenza sanitaria."
        }
      },
      "fr" : {
        "at0000.1" : {
          "@type" : "ARCHETYPE_TERM",
          "code" : "at0000.1",
          "text" : "MetabolicDiseases-(DiabetesMellitusAnak)-Sosial-v0.0.0",
          "description" : "Interaction, contact ou événement de soins entre un sujet de soins et un ou des prestataires de soins."
        }
      },
      "nb" : {
        "at0000.1" : {
          "@type" : "ARCHETYPE_TERM",
          "code" : "at0000.1",
          "text" : "MetabolicDiseases-(DiabetesMellitusAnak)-Sosial-v0.0.0",
          "description" : "Interaksjon, kontakt eller omsorgshendelse mellom et individ og helsepersonell."
        }
      }
    },
    "termBindings" : { },
    "terminologyExtracts" : { },
    "valueSets" : { }
  },
  "adlVersion" : "1.4",
  "buildUid" : "ed2cc0eb-c508-3e66-a7bc-0e3f3e3f196f",
  "rmName" : "openehr",
  "rmRelease" : "1.1.0",
  "generated" : true,
  "templateId" : "MetabolicDiseases-(DiabetesMellitusAnak)-Sosial-v2",
  "otherMetaData" : { },
  "templateOverlays" : [ {
    "@type" : "TEMPLATE_OVERLAY",
    "uid" : "0ef8a944-7b81-4705-ba78-64b831fe2233",
    "description" : {
      "@type" : "RESOURCE_DESCRIPTION",
      "originalAuthor" : { },
      "otherContributors" : [ ],
      "ipAcknowledgements" : { },
      "references" : { },
      "conversionDetails" : { },
      "otherDetails" : {
        "PARENT:MD5-CAM-1.0.1" : "A9AA24874908E5DFC16BABE7C45F48A9"
      },
      "details" : {
        "de" : {
          "@type" : "RESOURCE_DESCRIPTION_ITEM",
          "language" : {
            "terminologyId" : {
              "value" : "ISO_639-1"
            },
            "codeString" : "de"
          },
          "purpose" : "Zur Darstellung der Altersparameter einer Person zu einem bestimmten Zeitpunkt.",
          "keywords" : [ "Alter, Chronologisches Alter, Korrigiertes alter, Altersklasse, Alterkategorie, Altersgruppe" ],
          "use" : "Verwenden Sie diesen Archetyp, um die Altersparameter einer Person zu einem bestimmten Zeitpunkt darzustellen.\r\n\r\nVerwenden Sie diesen Archetyp innerhalb eines Templates zusammen mit anderen kontextbezogenen Archetypen. Beispiel: Verwendung mit dem Archetyp OBSERVATION.child_growth, um das korrigierte Alter eines Säuglings im Rahmen der Überwachung des Kinderwachstums darzustellen.",
          "originalResourceUri" : { },
          "otherDetails" : { }
        },
        "nb" : {
          "@type" : "RESOURCE_DESCRIPTION_ITEM",
          "language" : {
            "terminologyId" : {
              "value" : "ISO_639-1"
            },
            "codeString" : "nb"
          },
          "purpose" : "For å registrere detaljer om alderen til et individ på et gitt tidspunkt.",
          "keywords" : [ ],
          "use" : "Bruk for å registrere detaljer om alderen til et individ på et gitt tidspunkt.\r\n\r\nBruk i et templat sammen med andre relevante arketyper som passer med konteksten alderen skal registreres i. For eksempel sammen med arketyper for vekstkurve, for å registrere justert alder for premature.",
          "originalResourceUri" : { },
          "otherDetails" : { }
        },
        "en" : {
          "@type" : "RESOURCE_DESCRIPTION_ITEM",
          "language" : {
            "terminologyId" : {
              "value" : "ISO_639-1"
            },
            "codeString" : "en"
          },
          "purpose" : "To record details about the age of an individual at a specific point in time.",
          "keywords" : [ ],
          "use" : "Use to record parameters about the age of an individual at a specific point in time.\r\n\r\nUse within a template alongside other contextually relevant archetypes. For example: use with OBSERVATION.child_growth to record the adjusted age of an infant as part of monitoring child growth patterns.",
          "copyright" : "© openEHR Foundation",
          "originalResourceUri" : { },
          "otherDetails" : { }
        }
      }
    },
    "parentArchetypeId" : "openEHR-EHR-OBSERVATION.age.v0",
    "differential" : true,
    "archetypeId" : {
      "@type" : "ARCHETYPE_HRID",
      "value" : "openEHR-EHR-OBSERVATION.ovl-age-001.v0"
    },
    "definition" : {
      "@type" : "C_COMPLEX_OBJECT",
      "rmTypeName" : "OBSERVATION",
      "nodeId" : "at0000.1",
      "attributes" : [ {
        "@type" : "C_ATTRIBUTE",
        "rmAttributeName" : "data",
        "children" : [ {
          "@type" : "C_COMPLEX_OBJECT",
          "rmTypeName" : "HISTORY",
          "nodeId" : "at0001",
          "attributes" : [ {
            "@type" : "C_ATTRIBUTE",
            "rmAttributeName" : "events",
            "children" : [ {
              "@type" : "C_COMPLEX_OBJECT",
              "rmTypeName" : "POINT_EVENT",
              "nodeId" : "at0002",
              "attributes" : [ {
                "@type" : "C_ATTRIBUTE",
                "rmAttributeName" : "data",
                "children" : [ {
                  "@type" : "C_COMPLEX_OBJECT",
                  "rmTypeName" : "ITEM_TREE",
                  "nodeId" : "at0003",
                  "attributes" : [ {
                    "@type" : "C_ATTRIBUTE",
                    "rmAttributeName" : "items",
                    "children" : [ {
                      "@type" : "C_COMPLEX_OBJECT",
                      "rmTypeName" : "ELEMENT",
                      "occurrences" : "0..0",
                      "nodeId" : "at0004.1",
                      "attributes" : [ {
                        "@type" : "C_ATTRIBUTE",
                        "rmAttributeName" : "value",
                        "children" : [ {
                          "@type" : "C_COMPLEX_OBJECT",
                          "rmTypeName" : "DV_DURATION",
                          "attributes" : [ {
                            "@type" : "C_ATTRIBUTE",
                            "rmAttributeName" : "value",
                            "children" : [ {
                              "@type" : "C_DURATION",
                              "rmTypeName" : "DURATION",
                              "occurrences" : "1..1",
                              "patternedConstraint" : "PY",
                              "constraint" : [ {
                                "lower" : "PT0S",
                                "upper" : "P200Y",
                                "lowerIncluded" : true,
                                "upperIncluded" : true,
                                "lowerUnbounded" : false,
                                "upperUnbounded" : false
                              } ]
                            } ]
                          } ],
                          "attributeTuples" : [ ]
                        } ]
                      } ],
                      "attributeTuples" : [ ]
                    }, {
                      "@type" : "C_COMPLEX_OBJECT",
                      "rmTypeName" : "ELEMENT",
                      "occurrences" : "0..0",
                      "nodeId" : "at0005.1",
                      "attributes" : [ ],
                      "attributeTuples" : [ ]
                    }, {
                      "@type" : "C_COMPLEX_OBJECT",
                      "rmTypeName" : "ELEMENT",
                      "occurrences" : "1..1",
                      "nodeId" : "at0007.1",
                      "attributes" : [ {
                        "@type" : "C_ATTRIBUTE",
                        "rmAttributeName" : "value",
                        "children" : [ {
                          "@type" : "C_COMPLEX_OBJECT",
                          "rmTypeName" : "DV_CODED_TEXT",
                          "occurrences" : "1..1",
                          "attributes" : [ {
                            "@type" : "C_ATTRIBUTE",
                            "rmAttributeName" : "defining_code",
                            "children" : [ {
                              "@type" : "C_TERMINOLOGY_CODE",
                              "rmTypeName" : "TERMINOLOGY_CODE",
                              "occurrences" : "0..1",
                              "terminologyId" : {
                                "value" : "SNOMED_CT"
                              },
                              "constraint" : [ ],
                              "selectedTerminologies" : [ "SNOMED_CT" ],
                              "includedExternalTerminologyCodes" : [ {
                                "terminologyId" : "SNOMED_CT",
                                "code" : "31874001",
                                "value" : "Ya"
                              }, {
                                "terminologyId" : "SNOMED_CT",
                                "code" : "64100000",
                                "value" : "Tidak"
                              } ]
                            } ]
                          } ],
                          "attributeTuples" : [ ]
                        } ]
                      } ],
                      "attributeTuples" : [ ]
                    }, {
                      "@type" : "C_COMPLEX_OBJECT",
                      "rmTypeName" : "ELEMENT",
                      "occurrences" : "0..0",
                      "nodeId" : "at0006.1",
                      "attributes" : [ ],
                      "attributeTuples" : [ ]
                    } ]
                  } ],
                  "attributeTuples" : [ ]
                } ]
              } ],
              "attributeTuples" : [ ]
            } ]
          } ],
          "attributeTuples" : [ ]
        } ]
      } ],
      "attributeTuples" : [ ]
    },
    "terminology" : {
      "@type" : "ARCHETYPE_TERMINOLOGY",
      "conceptCode" : "at0000",
      "termDefinitions" : {
        "en" : {
          "at0000.1" : {
            "@type" : "ARCHETYPE_TERM",
            "code" : "at0000.1",
            "text" : "Umur Responden",
            "description" : "Details about the age of an individual at a specific point in time."
          },
          "at0004.1" : {
            "@type" : "ARCHETYPE_TERM",
            "code" : "at0004.1",
            "text" : "Umur Responden",
            "description" : "Duration of time since birth."
          },
          "at0007.1" : {
            "@type" : "ARCHETYPE_TERM",
            "code" : "at0007.1",
            "text" : "Umur Responden lebih dari sama dengan 4 Tahun dan kurang dari sama dengan 10 Tahun",
            "description" : "Duration of time since birth, expressed as a specified age range or grouping.",
            "comment" : "Categories for each specific use case will be defined within a template."
          }
        },
        "de" : { },
        "nb" : { }
      },
      "termBindings" : { },
      "terminologyExtracts" : { },
      "valueSets" : { }
    },
    "adlVersion" : "1.4",
    "buildUid" : "e598f443-76e0-4e4e-8395-c9026325b0b9",
    "rmName" : "openehr",
    "rmRelease" : "1.1.0",
    "generated" : true,
    "otherMetaData" : { },
    "originalLanguage" : {
      "terminologyId" : {
        "value" : "ISO_639-1"
      },
      "codeString" : "en"
    },
    "translations" : [ {
      "@type" : "TRANSLATION_DETAILS",
      "language" : {
        "terminologyId" : {
          "value" : "ISO_639-1"
        },
        "codeString" : "de"
      },
      "author" : {
        "name" : "Sarah Ballout, Natalia Strauch",
        "organisation" : "MHH-Hannover, Medizinische Hochschule Hannover",
        "email" : "ballout.sarah@mh-hannover.de, Strauch.Natalia@mh-hannover.de"
      },
      "otherDetails" : { }
    }, {
      "@type" : "TRANSLATION_DETAILS",
      "language" : {
        "terminologyId" : {
          "value" : "ISO_639-1"
        },
        "codeString" : "nb"
      },
      "author" : {
        "name" : "Silje Ljosland Bakke, Vebjørn Arntzen",
        "organisation" : "Helse Vest IKT AS, Oslo University Hospital",
        "email" : "silje.ljosland.bakke@helse-vest-ikt.no, varntzen@ous-hf.no"
      },
      "otherDetails" : { }
    } ]
  }, {
    "@type" : "TEMPLATE_OVERLAY",
    "uid" : "e396aecc-3480-4ea7-88a1-8e45d5f4f3c1",
    "description" : {
      "@type" : "RESOURCE_DESCRIPTION",
      "originalAuthor" : { },
      "otherContributors" : [ ],
      "ipAcknowledgements" : { },
      "references" : { },
      "conversionDetails" : { },
      "otherDetails" : {
        "PARENT:MD5-CAM-1.0.1" : "8FE80F3E80C594AAF99D3BA540A53D73"
      },
      "details" : {
        "de" : {
          "@type" : "RESOURCE_DESCRIPTION_ITEM",
          "language" : {
            "terminologyId" : {
              "value" : "ISO_639-1"
            },
            "codeString" : "de"
          },
          "purpose" : "Eine generische Abschnittsüberschrift eines Templates, welche entsprechend dem spezifischen klinischen Kontext umbenannt werden sollte.",
          "keywords" : [ "Abschnitt", "Template", "Überschrift", "Ad hoc", "Abschnittsüberschrift" ],
          "use" : "Dieser Archetyp kann für die Erstellung einer Abschnittsüberschrift in einem Template verwendet werden. Die Überschrift kann, passend zu dem jeweiligen klinischen Kontext, umbenannt werden. Zum Beispiel: \"Ad hoc Überschrift\" wird umbenannt in \"Untersuchungsergebnisse\".\r\n\r\n",
          "misuse" : "Die Überschrift sollte in einem Template nicht unverändert verwendet werden.",
          "originalResourceUri" : { },
          "otherDetails" : { }
        },
        "sv" : {
          "@type" : "RESOURCE_DESCRIPTION_ITEM",
          "language" : {
            "terminologyId" : {
              "value" : "ISO_639-1"
            },
            "codeString" : "sv"
          },
          "purpose" : "En allmän avsnittsrubrik som döps om i en openEHR-mall för att passa in i en specifik klinisk kontext.",
          "keywords" : [ ],
          "use" : "Används för att skapa en avsnittsrubrik i en openEHR-mall som sedan döps om för att passa in i den specifika kliniska kontexten. Exempelvis \"Rubrik\" döps om till \"Undersökningsfynd\".",
          "misuse" : "Ska inte lämnas oförändrad i en openEHR-mall.",
          "originalResourceUri" : { },
          "otherDetails" : { }
        },
        "ru" : {
          "@type" : "RESOURCE_DESCRIPTION_ITEM",
          "language" : {
            "terminologyId" : {
              "value" : "ISO_639-1"
            },
            "codeString" : "ru"
          },
          "purpose" : "Базовый заголовок раздела, должен быть переименован в локальном шаблоне ",
          "keywords" : [ "раздел", "шаблон", "заготовка", "название", "образец" ],
          "use" : "используется для создания и именования разделов в локальных шаблонах",
          "misuse" : "*Not to be left unchanged in a template.(en)",
          "copyright" : "© openEHR Foundation",
          "originalResourceUri" : { },
          "otherDetails" : { }
        },
        "nb" : {
          "@type" : "RESOURCE_DESCRIPTION_ITEM",
          "language" : {
            "terminologyId" : {
              "value" : "ISO_639-1"
            },
            "codeString" : "nb"
          },
          "purpose" : "Brukes som en generisk seksjonsoverskrift som skal gis nytt navn i en templat for å passe i en gitt klinisk kontekst.",
          "keywords" : [ ],
          "use" : "Brukes til å lage en seksjonsoverskrift i en templat, hvis navn deretter endres for å passe i den aktuelle kliniske konteksten. For eksempel: \"Templat-overskrift\" endret til \"Funn ved undersøkelse\", \"Anamnese\", \"Personopplysninger\" eller \"Oppsummering\".",
          "misuse" : "Skal ikke stå med uendret navn i en templat.",
          "originalResourceUri" : { },
          "otherDetails" : { }
        },
        "es-ar" : {
          "@type" : "RESOURCE_DESCRIPTION_ITEM",
          "language" : {
            "terminologyId" : {
              "value" : "ISO_639-1"
            },
            "codeString" : "es-ar"
          },
          "purpose" : "Proporcionar un encabezado de sección de tipo genérico que será renombrado en una plantilla para su empleo en un contexto clínico específico.",
          "keywords" : [ ],
          "use" : "Utilizar para construir un encabezado de sección en una plantilla y que será renombrado para su empleo en un contexto clínico específico. Por ejemplo, \"Encabezado ad hoc\" puede renombrarse como \"Hallazgos de examen\".",
          "misuse" : "No debe mantenerse sin cambios en una plantilla.",
          "copyright" : "© openEHR Foundation",
          "originalResourceUri" : { },
          "otherDetails" : { }
        },
        "pt-br" : {
          "@type" : "RESOURCE_DESCRIPTION_ITEM",
          "language" : {
            "terminologyId" : {
              "value" : "ISO_639-1"
            },
            "codeString" : "pt-br"
          },
          "purpose" : "Oferecer um cabeçalho de uma sessão genérica que será renomeado no template para adequar-se a um contexto clínico específico.",
          "keywords" : [ "cabeçalho" ],
          "use" : "Utilize para construir um cabeçalho de uma sessão (de um template) que será renomeada para adequar-se a um contexto clínico específico. Por exemplo: \"cabeçalho Ad hoc\" renomeado para \"Achados de exame\".",
          "misuse" : "Não deve manter a configuração original no template.",
          "originalResourceUri" : { },
          "otherDetails" : { }
        },
        "en" : {
          "@type" : "RESOURCE_DESCRIPTION_ITEM",
          "language" : {
            "terminologyId" : {
              "value" : "ISO_639-1"
            },
            "codeString" : "en"
          },
          "purpose" : "To provide a generic section header which will be renamed in a template to suit a specific clinical context.",
          "keywords" : [ ],
          "use" : "Use to construct a section heading in a template that will be renamed to suit the specific clinical context. For example: \"Ad hoc heading\" renamed to \"Examination findings\".",
          "misuse" : "Not to be left unchanged in a template.",
          "copyright" : "© openEHR Foundation",
          "originalResourceUri" : { },
          "otherDetails" : { }
        },
        "sl" : {
          "@type" : "RESOURCE_DESCRIPTION_ITEM",
          "language" : {
            "terminologyId" : {
              "value" : "ISO_639-1"
            },
            "codeString" : "sl"
          },
          "purpose" : "*To provide a generic section header which will be renamed in a template to suit a specific clinical context.(en)",
          "keywords" : [ ],
          "use" : "*Use to construct a section heading in a template that will be renamed to suit the specific clinical context. For example: \"Ad hoc heading\" renamed to \"Examination findings\".(en)",
          "misuse" : "*Not to be left unchanged in a template.(en)",
          "copyright" : "© openEHR Foundation",
          "originalResourceUri" : { },
          "otherDetails" : { }
        },
        "it" : {
          "@type" : "RESOURCE_DESCRIPTION_ITEM",
          "language" : {
            "terminologyId" : {
              "value" : "ISO_639-1"
            },
            "codeString" : "it"
          },
          "purpose" : "Fornire un'intestazione generica della sezione che sarà rinominata in un template per adattarsi ad uno specifico contesto clinico.",
          "keywords" : [ ],
          "use" : "Usato per costruire un'intestazione di sezione in un template che sarà rinominato in base al contesto clinico specifico. Per esempio: \"Intestazione ad hoc\" rinominata in \"Risultati dell'esame\".",
          "misuse" : "Non deve essere lasciato invariato in un template.",
          "originalResourceUri" : { },
          "otherDetails" : { }
        },
        "fr" : {
          "@type" : "RESOURCE_DESCRIPTION_ITEM",
          "language" : {
            "terminologyId" : {
              "value" : "ISO_639-1"
            },
            "codeString" : "fr"
          },
          "purpose" : "*To provide a generic section header which will be renamed in a template to suit a specific clinical context.(en)",
          "keywords" : [ ],
          "use" : "*Use to construct a section heading in a template that will be renamed to suit the specific clinical context. For example: \"Ad hoc heading\" renamed to \"Examination findings\".(en)",
          "misuse" : "*Not to be left unchanged in a template.(en)",
          "originalResourceUri" : { },
          "otherDetails" : { }
        }
      }
    },
    "parentArchetypeId" : "openEHR-EHR-SECTION.adhoc.v1",
    "differential" : true,
    "archetypeId" : {
      "@type" : "ARCHETYPE_HRID",
      "value" : "openEHR-EHR-SECTION.ovl-adhoc-001.v1"
    },
    "definition" : {
      "@type" : "C_COMPLEX_OBJECT",
      "rmTypeName" : "SECTION",
      "nodeId" : "at0000.1",
      "attributes" : [ ],
      "attributeTuples" : [ ]
    },
    "terminology" : {
      "@type" : "ARCHETYPE_TERMINOLOGY",
      "conceptCode" : "at0000",
      "termDefinitions" : {
        "en" : {
          "at0000.1" : {
            "@type" : "ARCHETYPE_TERM",
            "code" : "at0000.1",
            "text" : "Ketrampilan pengelolaan DM",
            "description" : "A generic section header which should be renamed in a template to suit a specific clinical context."
          }
        },
        "ru" : { },
        "es-ar" : { },
        "sl" : { },
        "nb" : { },
        "pt-br" : { },
        "sv" : { },
        "de" : { },
        "it" : { },
        "fr" : { }
      },
      "termBindings" : { },
      "terminologyExtracts" : { },
      "valueSets" : { }
    },
    "adlVersion" : "1.4",
    "buildUid" : "46fe0e95-f5cc-44c8-8616-3b9fd0ca6e61",
    "rmName" : "openehr",
    "rmRelease" : "1.1.0",
    "generated" : true,
    "otherMetaData" : { },
    "originalLanguage" : {
      "terminologyId" : {
        "value" : "ISO_639-1"
      },
      "codeString" : "en"
    },
    "translations" : [ {
      "@type" : "TRANSLATION_DETAILS",
      "language" : {
        "terminologyId" : {
          "value" : "ISO_639-1"
        },
        "codeString" : "de"
      },
      "author" : {
        "name" : "Ramona Wellmann",
        "organisation" : "Medizinische Hochschule Hannover",
        "email" : "wellmann.ramona@mh-hannover.de"
      },
      "otherDetails" : { }
    }, {
      "@type" : "TRANSLATION_DETAILS",
      "language" : {
        "terminologyId" : {
          "value" : "ISO_639-1"
        },
        "codeString" : "ru"
      },
      "author" : {
        "name" : "Art Latyp Латыпов Артур Шамилевич",
        "organisation" : "RusBITech РусБИТех, Москва"
      },
      "otherDetails" : { }
    }, {
      "@type" : "TRANSLATION_DETAILS",
      "language" : {
        "terminologyId" : {
          "value" : "ISO_639-1"
        },
        "codeString" : "sv"
      },
      "author" : {
        "name" : "Daniel Hall",
        "organisation" : "Region Östergötland",
        "email" : "daniel.hall@regionostergotland.se"
      },
      "accreditation" : "Åsa Skagerhult, Lisa Axelsson",
      "otherDetails" : { }
    }, {
      "@type" : "TRANSLATION_DETAILS",
      "language" : {
        "terminologyId" : {
          "value" : "ISO_639-1"
        },
        "codeString" : "es-ar"
      },
      "author" : {
        "name" : "Alan March",
        "organisation" : "Hospital Universitario Austral, Buenos Aires, Argentina"
      },
      "otherDetails" : { }
    }, {
      "@type" : "TRANSLATION_DETAILS",
      "language" : {
        "terminologyId" : {
          "value" : "ISO_639-1"
        },
        "codeString" : "nb"
      },
      "author" : {
        "einar.fosse@unn.no" : "einar.fosse@unn.no",
        "name" : "Einar Fosse",
        "organisation" : "Norwegian Centre for Integrated Care and Telemedicine, Tromsø, Norway"
      },
      "otherDetails" : { }
    }, {
      "@type" : "TRANSLATION_DETAILS",
      "language" : {
        "terminologyId" : {
          "value" : "ISO_639-1"
        },
        "codeString" : "pt-br"
      },
      "author" : {
        "name" : "Vladimir Pizzo",
        "organisation" : "Hospital Sírio Libanês, São Paulo, Brazil",
        "email" : "vladimir.pizzo@hsl.org.br"
      },
      "otherDetails" : { }
    }, {
      "@type" : "TRANSLATION_DETAILS",
      "language" : {
        "terminologyId" : {
          "value" : "ISO_639-1"
        },
        "codeString" : "sl"
      },
      "author" : {
        "name" : "?"
      },
      "otherDetails" : { }
    }, {
      "@type" : "TRANSLATION_DETAILS",
      "language" : {
        "terminologyId" : {
          "value" : "ISO_639-1"
        },
        "codeString" : "it"
      },
      "author" : {
        "name" : "Paolo Anedda",
        "organisation" : "Inpeco",
        "email" : "paolo.anedda@inpeco.com"
      },
      "otherDetails" : { }
    }, {
      "@type" : "TRANSLATION_DETAILS",
      "language" : {
        "terminologyId" : {
          "value" : "ISO_639-1"
        },
        "codeString" : "fr"
      },
      "author" : {
        "name" : "Vanessa Pereira",
        "organisation" : "Better - Pathfinder",
        "email" : "vanessapereira@protonmail.com"
      },
      "otherDetails" : { }
    } ]
  }, {
    "@type" : "TEMPLATE_OVERLAY",
    "uid" : "63ebe942-8448-42cf-a13b-7ed630efdcb5",
    "description" : {
      "@type" : "RESOURCE_DESCRIPTION",
      "originalAuthor" : { },
      "otherContributors" : [ ],
      "ipAcknowledgements" : { },
      "references" : { },
      "conversionDetails" : { },
      "otherDetails" : {
        "PARENT:MD5-CAM-1.0.1" : "8FE80F3E80C594AAF99D3BA540A53D73"
      },
      "details" : {
        "de" : {
          "@type" : "RESOURCE_DESCRIPTION_ITEM",
          "language" : {
            "terminologyId" : {
              "value" : "ISO_639-1"
            },
            "codeString" : "de"
          },
          "purpose" : "Eine generische Abschnittsüberschrift eines Templates, welche entsprechend dem spezifischen klinischen Kontext umbenannt werden sollte.",
          "keywords" : [ "Abschnitt", "Template", "Überschrift", "Ad hoc", "Abschnittsüberschrift" ],
          "use" : "Dieser Archetyp kann für die Erstellung einer Abschnittsüberschrift in einem Template verwendet werden. Die Überschrift kann, passend zu dem jeweiligen klinischen Kontext, umbenannt werden. Zum Beispiel: \"Ad hoc Überschrift\" wird umbenannt in \"Untersuchungsergebnisse\".\r\n\r\n",
          "misuse" : "Die Überschrift sollte in einem Template nicht unverändert verwendet werden.",
          "originalResourceUri" : { },
          "otherDetails" : { }
        },
        "sv" : {
          "@type" : "RESOURCE_DESCRIPTION_ITEM",
          "language" : {
            "terminologyId" : {
              "value" : "ISO_639-1"
            },
            "codeString" : "sv"
          },
          "purpose" : "En allmän avsnittsrubrik som döps om i en openEHR-mall för att passa in i en specifik klinisk kontext.",
          "keywords" : [ ],
          "use" : "Används för att skapa en avsnittsrubrik i en openEHR-mall som sedan döps om för att passa in i den specifika kliniska kontexten. Exempelvis \"Rubrik\" döps om till \"Undersökningsfynd\".",
          "misuse" : "Ska inte lämnas oförändrad i en openEHR-mall.",
          "originalResourceUri" : { },
          "otherDetails" : { }
        },
        "ru" : {
          "@type" : "RESOURCE_DESCRIPTION_ITEM",
          "language" : {
            "terminologyId" : {
              "value" : "ISO_639-1"
            },
            "codeString" : "ru"
          },
          "purpose" : "Базовый заголовок раздела, должен быть переименован в локальном шаблоне ",
          "keywords" : [ "раздел", "шаблон", "заготовка", "название", "образец" ],
          "use" : "используется для создания и именования разделов в локальных шаблонах",
          "misuse" : "*Not to be left unchanged in a template.(en)",
          "copyright" : "© openEHR Foundation",
          "originalResourceUri" : { },
          "otherDetails" : { }
        },
        "nb" : {
          "@type" : "RESOURCE_DESCRIPTION_ITEM",
          "language" : {
            "terminologyId" : {
              "value" : "ISO_639-1"
            },
            "codeString" : "nb"
          },
          "purpose" : "Brukes som en generisk seksjonsoverskrift som skal gis nytt navn i en templat for å passe i en gitt klinisk kontekst.",
          "keywords" : [ ],
          "use" : "Brukes til å lage en seksjonsoverskrift i en templat, hvis navn deretter endres for å passe i den aktuelle kliniske konteksten. For eksempel: \"Templat-overskrift\" endret til \"Funn ved undersøkelse\", \"Anamnese\", \"Personopplysninger\" eller \"Oppsummering\".",
          "misuse" : "Skal ikke stå med uendret navn i en templat.",
          "originalResourceUri" : { },
          "otherDetails" : { }
        },
        "es-ar" : {
          "@type" : "RESOURCE_DESCRIPTION_ITEM",
          "language" : {
            "terminologyId" : {
              "value" : "ISO_639-1"
            },
            "codeString" : "es-ar"
          },
          "purpose" : "Proporcionar un encabezado de sección de tipo genérico que será renombrado en una plantilla para su empleo en un contexto clínico específico.",
          "keywords" : [ ],
          "use" : "Utilizar para construir un encabezado de sección en una plantilla y que será renombrado para su empleo en un contexto clínico específico. Por ejemplo, \"Encabezado ad hoc\" puede renombrarse como \"Hallazgos de examen\".",
          "misuse" : "No debe mantenerse sin cambios en una plantilla.",
          "copyright" : "© openEHR Foundation",
          "originalResourceUri" : { },
          "otherDetails" : { }
        },
        "pt-br" : {
          "@type" : "RESOURCE_DESCRIPTION_ITEM",
          "language" : {
            "terminologyId" : {
              "value" : "ISO_639-1"
            },
            "codeString" : "pt-br"
          },
          "purpose" : "Oferecer um cabeçalho de uma sessão genérica que será renomeado no template para adequar-se a um contexto clínico específico.",
          "keywords" : [ "cabeçalho" ],
          "use" : "Utilize para construir um cabeçalho de uma sessão (de um template) que será renomeada para adequar-se a um contexto clínico específico. Por exemplo: \"cabeçalho Ad hoc\" renomeado para \"Achados de exame\".",
          "misuse" : "Não deve manter a configuração original no template.",
          "originalResourceUri" : { },
          "otherDetails" : { }
        },
        "en" : {
          "@type" : "RESOURCE_DESCRIPTION_ITEM",
          "language" : {
            "terminologyId" : {
              "value" : "ISO_639-1"
            },
            "codeString" : "en"
          },
          "purpose" : "To provide a generic section header which will be renamed in a template to suit a specific clinical context.",
          "keywords" : [ ],
          "use" : "Use to construct a section heading in a template that will be renamed to suit the specific clinical context. For example: \"Ad hoc heading\" renamed to \"Examination findings\".",
          "misuse" : "Not to be left unchanged in a template.",
          "copyright" : "© openEHR Foundation",
          "originalResourceUri" : { },
          "otherDetails" : { }
        },
        "sl" : {
          "@type" : "RESOURCE_DESCRIPTION_ITEM",
          "language" : {
            "terminologyId" : {
              "value" : "ISO_639-1"
            },
            "codeString" : "sl"
          },
          "purpose" : "*To provide a generic section header which will be renamed in a template to suit a specific clinical context.(en)",
          "keywords" : [ ],
          "use" : "*Use to construct a section heading in a template that will be renamed to suit the specific clinical context. For example: \"Ad hoc heading\" renamed to \"Examination findings\".(en)",
          "misuse" : "*Not to be left unchanged in a template.(en)",
          "copyright" : "© openEHR Foundation",
          "originalResourceUri" : { },
          "otherDetails" : { }
        },
        "it" : {
          "@type" : "RESOURCE_DESCRIPTION_ITEM",
          "language" : {
            "terminologyId" : {
              "value" : "ISO_639-1"
            },
            "codeString" : "it"
          },
          "purpose" : "Fornire un'intestazione generica della sezione che sarà rinominata in un template per adattarsi ad uno specifico contesto clinico.",
          "keywords" : [ ],
          "use" : "Usato per costruire un'intestazione di sezione in un template che sarà rinominato in base al contesto clinico specifico. Per esempio: \"Intestazione ad hoc\" rinominata in \"Risultati dell'esame\".",
          "misuse" : "Non deve essere lasciato invariato in un template.",
          "originalResourceUri" : { },
          "otherDetails" : { }
        },
        "fr" : {
          "@type" : "RESOURCE_DESCRIPTION_ITEM",
          "language" : {
            "terminologyId" : {
              "value" : "ISO_639-1"
            },
            "codeString" : "fr"
          },
          "purpose" : "*To provide a generic section header which will be renamed in a template to suit a specific clinical context.(en)",
          "keywords" : [ ],
          "use" : "*Use to construct a section heading in a template that will be renamed to suit the specific clinical context. For example: \"Ad hoc heading\" renamed to \"Examination findings\".(en)",
          "misuse" : "*Not to be left unchanged in a template.(en)",
          "originalResourceUri" : { },
          "otherDetails" : { }
        }
      }
    },
    "parentArchetypeId" : "openEHR-EHR-SECTION.adhoc.v1",
    "differential" : true,
    "archetypeId" : {
      "@type" : "ARCHETYPE_HRID",
      "value" : "openEHR-EHR-SECTION.ovl-adhoc-002.v1"
    },
    "definition" : {
      "@type" : "C_COMPLEX_OBJECT",
      "rmTypeName" : "SECTION",
      "nodeId" : "at0000.1",
      "attributes" : [ ],
      "attributeTuples" : [ ]
    },
    "terminology" : {
      "@type" : "ARCHETYPE_TERMINOLOGY",
      "conceptCode" : "at0000",
      "termDefinitions" : {
        "en" : {
          "at0000.1" : {
            "@type" : "ARCHETYPE_TERM",
            "code" : "at0000.1",
            "text" : "Persiapan transisi",
            "description" : "A generic section header which should be renamed in a template to suit a specific clinical context."
          }
        },
        "ru" : {
          "at0000.1" : {
            "@type" : "ARCHETYPE_TERM",
            "code" : "at0000.1",
            "text" : "заготовка заголовка (2)",
            "description" : "Образец заголовка раздела"
          }
        },
        "es-ar" : {
          "at0000.1" : {
            "@type" : "ARCHETYPE_TERM",
            "code" : "at0000.1",
            "text" : "Encabezado ad hoc (2)",
            "description" : "Un encabezado de sección de tipo genérico que será renombrado en una plantilla para su empleo en un contexto clínico específico."
          }
        },
        "sl" : {
          "at0000.1" : {
            "@type" : "ARCHETYPE_TERM",
            "code" : "at0000.1",
            "text" : "Naslov sekcije (2)",
            "description" : "Naslov sekcije"
          }
        },
        "nb" : {
          "at0000.1" : {
            "@type" : "ARCHETYPE_TERM",
            "code" : "at0000.1",
            "text" : "Templat-overskrift (2)",
            "description" : "En generisk seksjonsoverskrift som skal gis nytt navn i en templat for å passe i en gitt klinisk kontekst."
          }
        },
        "pt-br" : {
          "at0000.1" : {
            "@type" : "ARCHETYPE_TERM",
            "code" : "at0000.1",
            "text" : "Cabeçalho Ad hoc (2)",
            "description" : "Um cabeçalho de sessão genérico que deve ser renomeado no template para adequar-se a um contexto clínico específico."
          }
        },
        "sv" : {
          "at0000.1" : {
            "@type" : "ARCHETYPE_TERM",
            "code" : "at0000.1",
            "text" : "Rubrik (2)",
            "description" : "En allmän avsnittsrubrik som döps om i en openEHR-mall för att passa in i en specifik klinisk kontext."
          }
        },
        "de" : {
          "at0000.1" : {
            "@type" : "ARCHETYPE_TERM",
            "code" : "at0000.1",
            "text" : "Ad hoc Überschrift (2)",
            "description" : "Eine generische Abschnittsüberschrift eines Templates, welche entsprechend dem spezifischen klinischen Kontext umbenannt werden sollte."
          }
        },
        "it" : {
          "at0000.1" : {
            "@type" : "ARCHETYPE_TERM",
            "code" : "at0000.1",
            "text" : "Intestazione di sezione ad hoc (2)",
            "description" : "Un'intestazione di sezione generica che dovrebbe essere rinominata in un template per adattarsi ad uno specifico contesto clinico."
          }
        },
        "fr" : {
          "at0000.1" : {
            "@type" : "ARCHETYPE_TERM",
            "code" : "at0000.1",
            "text" : "Rubrique ad hoc (2)",
            "description" : "Un en-tête de section générique qui doit être renommé dans un modèle pour s'adapter à un contexte clinique spécifique."
          }
        }
      },
      "termBindings" : { },
      "terminologyExtracts" : { },
      "valueSets" : { }
    },
    "adlVersion" : "1.4",
    "buildUid" : "46fe0e95-f5cc-44c8-8616-3b9fd0ca6e61",
    "rmName" : "openehr",
    "rmRelease" : "1.1.0",
    "generated" : true,
    "otherMetaData" : { },
    "originalLanguage" : {
      "terminologyId" : {
        "value" : "ISO_639-1"
      },
      "codeString" : "en"
    },
    "translations" : [ {
      "@type" : "TRANSLATION_DETAILS",
      "language" : {
        "terminologyId" : {
          "value" : "ISO_639-1"
        },
        "codeString" : "de"
      },
      "author" : {
        "name" : "Ramona Wellmann",
        "organisation" : "Medizinische Hochschule Hannover",
        "email" : "wellmann.ramona@mh-hannover.de"
      },
      "otherDetails" : { }
    }, {
      "@type" : "TRANSLATION_DETAILS",
      "language" : {
        "terminologyId" : {
          "value" : "ISO_639-1"
        },
        "codeString" : "ru"
      },
      "author" : {
        "name" : "Art Latyp Латыпов Артур Шамилевич",
        "organisation" : "RusBITech РусБИТех, Москва"
      },
      "otherDetails" : { }
    }, {
      "@type" : "TRANSLATION_DETAILS",
      "language" : {
        "terminologyId" : {
          "value" : "ISO_639-1"
        },
        "codeString" : "sv"
      },
      "author" : {
        "name" : "Daniel Hall",
        "organisation" : "Region Östergötland",
        "email" : "daniel.hall@regionostergotland.se"
      },
      "accreditation" : "Åsa Skagerhult, Lisa Axelsson",
      "otherDetails" : { }
    }, {
      "@type" : "TRANSLATION_DETAILS",
      "language" : {
        "terminologyId" : {
          "value" : "ISO_639-1"
        },
        "codeString" : "es-ar"
      },
      "author" : {
        "name" : "Alan March",
        "organisation" : "Hospital Universitario Austral, Buenos Aires, Argentina"
      },
      "otherDetails" : { }
    }, {
      "@type" : "TRANSLATION_DETAILS",
      "language" : {
        "terminologyId" : {
          "value" : "ISO_639-1"
        },
        "codeString" : "nb"
      },
      "author" : {
        "einar.fosse@unn.no" : "einar.fosse@unn.no",
        "name" : "Einar Fosse",
        "organisation" : "Norwegian Centre for Integrated Care and Telemedicine, Tromsø, Norway"
      },
      "otherDetails" : { }
    }, {
      "@type" : "TRANSLATION_DETAILS",
      "language" : {
        "terminologyId" : {
          "value" : "ISO_639-1"
        },
        "codeString" : "pt-br"
      },
      "author" : {
        "name" : "Vladimir Pizzo",
        "organisation" : "Hospital Sírio Libanês, São Paulo, Brazil",
        "email" : "vladimir.pizzo@hsl.org.br"
      },
      "otherDetails" : { }
    }, {
      "@type" : "TRANSLATION_DETAILS",
      "language" : {
        "terminologyId" : {
          "value" : "ISO_639-1"
        },
        "codeString" : "sl"
      },
      "author" : {
        "name" : "?"
      },
      "otherDetails" : { }
    }, {
      "@type" : "TRANSLATION_DETAILS",
      "language" : {
        "terminologyId" : {
          "value" : "ISO_639-1"
        },
        "codeString" : "it"
      },
      "author" : {
        "name" : "Paolo Anedda",
        "organisation" : "Inpeco",
        "email" : "paolo.anedda@inpeco.com"
      },
      "otherDetails" : { }
    }, {
      "@type" : "TRANSLATION_DETAILS",
      "language" : {
        "terminologyId" : {
          "value" : "ISO_639-1"
        },
        "codeString" : "fr"
      },
      "author" : {
        "name" : "Vanessa Pereira",
        "organisation" : "Better - Pathfinder",
        "email" : "vanessapereira@protonmail.com"
      },
      "otherDetails" : { }
    } ]
  }, {
    "@type" : "TEMPLATE_OVERLAY",
    "uid" : "9d106d61-8f0a-4578-9211-28715aae4c46",
    "description" : {
      "@type" : "RESOURCE_DESCRIPTION",
      "originalAuthor" : { },
      "otherContributors" : [ ],
      "ipAcknowledgements" : { },
      "references" : { },
      "conversionDetails" : { },
      "otherDetails" : {
        "PARENT:MD5-CAM-1.0.1" : "8FE80F3E80C594AAF99D3BA540A53D73"
      },
      "details" : {
        "de" : {
          "@type" : "RESOURCE_DESCRIPTION_ITEM",
          "language" : {
            "terminologyId" : {
              "value" : "ISO_639-1"
            },
            "codeString" : "de"
          },
          "purpose" : "Eine generische Abschnittsüberschrift eines Templates, welche entsprechend dem spezifischen klinischen Kontext umbenannt werden sollte.",
          "keywords" : [ "Abschnitt", "Template", "Überschrift", "Ad hoc", "Abschnittsüberschrift" ],
          "use" : "Dieser Archetyp kann für die Erstellung einer Abschnittsüberschrift in einem Template verwendet werden. Die Überschrift kann, passend zu dem jeweiligen klinischen Kontext, umbenannt werden. Zum Beispiel: \"Ad hoc Überschrift\" wird umbenannt in \"Untersuchungsergebnisse\".\r\n\r\n",
          "misuse" : "Die Überschrift sollte in einem Template nicht unverändert verwendet werden.",
          "originalResourceUri" : { },
          "otherDetails" : { }
        },
        "sv" : {
          "@type" : "RESOURCE_DESCRIPTION_ITEM",
          "language" : {
            "terminologyId" : {
              "value" : "ISO_639-1"
            },
            "codeString" : "sv"
          },
          "purpose" : "En allmän avsnittsrubrik som döps om i en openEHR-mall för att passa in i en specifik klinisk kontext.",
          "keywords" : [ ],
          "use" : "Används för att skapa en avsnittsrubrik i en openEHR-mall som sedan döps om för att passa in i den specifika kliniska kontexten. Exempelvis \"Rubrik\" döps om till \"Undersökningsfynd\".",
          "misuse" : "Ska inte lämnas oförändrad i en openEHR-mall.",
          "originalResourceUri" : { },
          "otherDetails" : { }
        },
        "ru" : {
          "@type" : "RESOURCE_DESCRIPTION_ITEM",
          "language" : {
            "terminologyId" : {
              "value" : "ISO_639-1"
            },
            "codeString" : "ru"
          },
          "purpose" : "Базовый заголовок раздела, должен быть переименован в локальном шаблоне ",
          "keywords" : [ "раздел", "шаблон", "заготовка", "название", "образец" ],
          "use" : "используется для создания и именования разделов в локальных шаблонах",
          "misuse" : "*Not to be left unchanged in a template.(en)",
          "copyright" : "© openEHR Foundation",
          "originalResourceUri" : { },
          "otherDetails" : { }
        },
        "nb" : {
          "@type" : "RESOURCE_DESCRIPTION_ITEM",
          "language" : {
            "terminologyId" : {
              "value" : "ISO_639-1"
            },
            "codeString" : "nb"
          },
          "purpose" : "Brukes som en generisk seksjonsoverskrift som skal gis nytt navn i en templat for å passe i en gitt klinisk kontekst.",
          "keywords" : [ ],
          "use" : "Brukes til å lage en seksjonsoverskrift i en templat, hvis navn deretter endres for å passe i den aktuelle kliniske konteksten. For eksempel: \"Templat-overskrift\" endret til \"Funn ved undersøkelse\", \"Anamnese\", \"Personopplysninger\" eller \"Oppsummering\".",
          "misuse" : "Skal ikke stå med uendret navn i en templat.",
          "originalResourceUri" : { },
          "otherDetails" : { }
        },
        "es-ar" : {
          "@type" : "RESOURCE_DESCRIPTION_ITEM",
          "language" : {
            "terminologyId" : {
              "value" : "ISO_639-1"
            },
            "codeString" : "es-ar"
          },
          "purpose" : "Proporcionar un encabezado de sección de tipo genérico que será renombrado en una plantilla para su empleo en un contexto clínico específico.",
          "keywords" : [ ],
          "use" : "Utilizar para construir un encabezado de sección en una plantilla y que será renombrado para su empleo en un contexto clínico específico. Por ejemplo, \"Encabezado ad hoc\" puede renombrarse como \"Hallazgos de examen\".",
          "misuse" : "No debe mantenerse sin cambios en una plantilla.",
          "copyright" : "© openEHR Foundation",
          "originalResourceUri" : { },
          "otherDetails" : { }
        },
        "pt-br" : {
          "@type" : "RESOURCE_DESCRIPTION_ITEM",
          "language" : {
            "terminologyId" : {
              "value" : "ISO_639-1"
            },
            "codeString" : "pt-br"
          },
          "purpose" : "Oferecer um cabeçalho de uma sessão genérica que será renomeado no template para adequar-se a um contexto clínico específico.",
          "keywords" : [ "cabeçalho" ],
          "use" : "Utilize para construir um cabeçalho de uma sessão (de um template) que será renomeada para adequar-se a um contexto clínico específico. Por exemplo: \"cabeçalho Ad hoc\" renomeado para \"Achados de exame\".",
          "misuse" : "Não deve manter a configuração original no template.",
          "originalResourceUri" : { },
          "otherDetails" : { }
        },
        "en" : {
          "@type" : "RESOURCE_DESCRIPTION_ITEM",
          "language" : {
            "terminologyId" : {
              "value" : "ISO_639-1"
            },
            "codeString" : "en"
          },
          "purpose" : "To provide a generic section header which will be renamed in a template to suit a specific clinical context.",
          "keywords" : [ ],
          "use" : "Use to construct a section heading in a template that will be renamed to suit the specific clinical context. For example: \"Ad hoc heading\" renamed to \"Examination findings\".",
          "misuse" : "Not to be left unchanged in a template.",
          "copyright" : "© openEHR Foundation",
          "originalResourceUri" : { },
          "otherDetails" : { }
        },
        "sl" : {
          "@type" : "RESOURCE_DESCRIPTION_ITEM",
          "language" : {
            "terminologyId" : {
              "value" : "ISO_639-1"
            },
            "codeString" : "sl"
          },
          "purpose" : "*To provide a generic section header which will be renamed in a template to suit a specific clinical context.(en)",
          "keywords" : [ ],
          "use" : "*Use to construct a section heading in a template that will be renamed to suit the specific clinical context. For example: \"Ad hoc heading\" renamed to \"Examination findings\".(en)",
          "misuse" : "*Not to be left unchanged in a template.(en)",
          "copyright" : "© openEHR Foundation",
          "originalResourceUri" : { },
          "otherDetails" : { }
        },
        "it" : {
          "@type" : "RESOURCE_DESCRIPTION_ITEM",
          "language" : {
            "terminologyId" : {
              "value" : "ISO_639-1"
            },
            "codeString" : "it"
          },
          "purpose" : "Fornire un'intestazione generica della sezione che sarà rinominata in un template per adattarsi ad uno specifico contesto clinico.",
          "keywords" : [ ],
          "use" : "Usato per costruire un'intestazione di sezione in un template che sarà rinominato in base al contesto clinico specifico. Per esempio: \"Intestazione ad hoc\" rinominata in \"Risultati dell'esame\".",
          "misuse" : "Non deve essere lasciato invariato in un template.",
          "originalResourceUri" : { },
          "otherDetails" : { }
        },
        "fr" : {
          "@type" : "RESOURCE_DESCRIPTION_ITEM",
          "language" : {
            "terminologyId" : {
              "value" : "ISO_639-1"
            },
            "codeString" : "fr"
          },
          "purpose" : "*To provide a generic section header which will be renamed in a template to suit a specific clinical context.(en)",
          "keywords" : [ ],
          "use" : "*Use to construct a section heading in a template that will be renamed to suit the specific clinical context. For example: \"Ad hoc heading\" renamed to \"Examination findings\".(en)",
          "misuse" : "*Not to be left unchanged in a template.(en)",
          "originalResourceUri" : { },
          "otherDetails" : { }
        }
      }
    },
    "parentArchetypeId" : "openEHR-EHR-SECTION.adhoc.v1",
    "differential" : true,
    "archetypeId" : {
      "@type" : "ARCHETYPE_HRID",
      "value" : "openEHR-EHR-SECTION.ovl-adhoc-003.v1"
    },
    "definition" : {
      "@type" : "C_COMPLEX_OBJECT",
      "rmTypeName" : "SECTION",
      "nodeId" : "at0000.1",
      "attributes" : [ ],
      "attributeTuples" : [ ]
    },
    "terminology" : {
      "@type" : "ARCHETYPE_TERMINOLOGY",
      "conceptCode" : "at0000",
      "termDefinitions" : {
        "en" : { },
        "ru" : {
          "at0000.1" : {
            "@type" : "ARCHETYPE_TERM",
            "code" : "at0000.1",
            "text" : "заготовка заголовка (3)",
            "description" : "Образец заголовка раздела"
          }
        },
        "es-ar" : {
          "at0000.1" : {
            "@type" : "ARCHETYPE_TERM",
            "code" : "at0000.1",
            "text" : "Encabezado ad hoc (3)",
            "description" : "Un encabezado de sección de tipo genérico que será renombrado en una plantilla para su empleo en un contexto clínico específico."
          }
        },
        "sl" : {
          "at0000.1" : {
            "@type" : "ARCHETYPE_TERM",
            "code" : "at0000.1",
            "text" : "Naslov sekcije (3)",
            "description" : "Naslov sekcije"
          }
        },
        "nb" : {
          "at0000.1" : {
            "@type" : "ARCHETYPE_TERM",
            "code" : "at0000.1",
            "text" : "Templat-overskrift (3)",
            "description" : "En generisk seksjonsoverskrift som skal gis nytt navn i en templat for å passe i en gitt klinisk kontekst."
          }
        },
        "pt-br" : {
          "at0000.1" : {
            "@type" : "ARCHETYPE_TERM",
            "code" : "at0000.1",
            "text" : "Cabeçalho Ad hoc (3)",
            "description" : "Um cabeçalho de sessão genérico que deve ser renomeado no template para adequar-se a um contexto clínico específico."
          }
        },
        "sv" : {
          "at0000.1" : {
            "@type" : "ARCHETYPE_TERM",
            "code" : "at0000.1",
            "text" : "Rubrik (3)",
            "description" : "En allmän avsnittsrubrik som döps om i en openEHR-mall för att passa in i en specifik klinisk kontext."
          }
        },
        "de" : {
          "at0000.1" : {
            "@type" : "ARCHETYPE_TERM",
            "code" : "at0000.1",
            "text" : "Ad hoc Überschrift (3)",
            "description" : "Eine generische Abschnittsüberschrift eines Templates, welche entsprechend dem spezifischen klinischen Kontext umbenannt werden sollte."
          }
        },
        "it" : {
          "at0000.1" : {
            "@type" : "ARCHETYPE_TERM",
            "code" : "at0000.1",
            "text" : "Intestazione di sezione ad hoc (3)",
            "description" : "Un'intestazione di sezione generica che dovrebbe essere rinominata in un template per adattarsi ad uno specifico contesto clinico."
          }
        },
        "fr" : {
          "at0000.1" : {
            "@type" : "ARCHETYPE_TERM",
            "code" : "at0000.1",
            "text" : "Rubrique ad hoc (3)",
            "description" : "Un en-tête de section générique qui doit être renommé dans un modèle pour s'adapter à un contexte clinique spécifique."
          }
        }
      },
      "termBindings" : { },
      "terminologyExtracts" : { },
      "valueSets" : { }
    },
    "adlVersion" : "1.4",
    "buildUid" : "46fe0e95-f5cc-44c8-8616-3b9fd0ca6e61",
    "rmName" : "openehr",
    "rmRelease" : "1.1.0",
    "generated" : true,
    "otherMetaData" : { },
    "originalLanguage" : {
      "terminologyId" : {
        "value" : "ISO_639-1"
      },
      "codeString" : "en"
    },
    "translations" : [ {
      "@type" : "TRANSLATION_DETAILS",
      "language" : {
        "terminologyId" : {
          "value" : "ISO_639-1"
        },
        "codeString" : "de"
      },
      "author" : {
        "name" : "Ramona Wellmann",
        "organisation" : "Medizinische Hochschule Hannover",
        "email" : "wellmann.ramona@mh-hannover.de"
      },
      "otherDetails" : { }
    }, {
      "@type" : "TRANSLATION_DETAILS",
      "language" : {
        "terminologyId" : {
          "value" : "ISO_639-1"
        },
        "codeString" : "ru"
      },
      "author" : {
        "name" : "Art Latyp Латыпов Артур Шамилевич",
        "organisation" : "RusBITech РусБИТех, Москва"
      },
      "otherDetails" : { }
    }, {
      "@type" : "TRANSLATION_DETAILS",
      "language" : {
        "terminologyId" : {
          "value" : "ISO_639-1"
        },
        "codeString" : "sv"
      },
      "author" : {
        "name" : "Daniel Hall",
        "organisation" : "Region Östergötland",
        "email" : "daniel.hall@regionostergotland.se"
      },
      "accreditation" : "Åsa Skagerhult, Lisa Axelsson",
      "otherDetails" : { }
    }, {
      "@type" : "TRANSLATION_DETAILS",
      "language" : {
        "terminologyId" : {
          "value" : "ISO_639-1"
        },
        "codeString" : "es-ar"
      },
      "author" : {
        "name" : "Alan March",
        "organisation" : "Hospital Universitario Austral, Buenos Aires, Argentina"
      },
      "otherDetails" : { }
    }, {
      "@type" : "TRANSLATION_DETAILS",
      "language" : {
        "terminologyId" : {
          "value" : "ISO_639-1"
        },
        "codeString" : "nb"
      },
      "author" : {
        "einar.fosse@unn.no" : "einar.fosse@unn.no",
        "name" : "Einar Fosse",
        "organisation" : "Norwegian Centre for Integrated Care and Telemedicine, Tromsø, Norway"
      },
      "otherDetails" : { }
    }, {
      "@type" : "TRANSLATION_DETAILS",
      "language" : {
        "terminologyId" : {
          "value" : "ISO_639-1"
        },
        "codeString" : "pt-br"
      },
      "author" : {
        "name" : "Vladimir Pizzo",
        "organisation" : "Hospital Sírio Libanês, São Paulo, Brazil",
        "email" : "vladimir.pizzo@hsl.org.br"
      },
      "otherDetails" : { }
    }, {
      "@type" : "TRANSLATION_DETAILS",
      "language" : {
        "terminologyId" : {
          "value" : "ISO_639-1"
        },
        "codeString" : "sl"
      },
      "author" : {
        "name" : "?"
      },
      "otherDetails" : { }
    }, {
      "@type" : "TRANSLATION_DETAILS",
      "language" : {
        "terminologyId" : {
          "value" : "ISO_639-1"
        },
        "codeString" : "it"
      },
      "author" : {
        "name" : "Paolo Anedda",
        "organisation" : "Inpeco",
        "email" : "paolo.anedda@inpeco.com"
      },
      "otherDetails" : { }
    }, {
      "@type" : "TRANSLATION_DETAILS",
      "language" : {
        "terminologyId" : {
          "value" : "ISO_639-1"
        },
        "codeString" : "fr"
      },
      "author" : {
        "name" : "Vanessa Pereira",
        "organisation" : "Better - Pathfinder",
        "email" : "vanessapereira@protonmail.com"
      },
      "otherDetails" : { }
    } ]
  } ],
  "originalLanguage" : {
    "terminologyId" : {
      "value" : "ISO_639-1"
    },
    "codeString" : "en"
  },
  "translations" : [ {
    "@type" : "TRANSLATION_DETAILS",
    "language" : {
      "terminologyId" : {
        "value" : "ISO_639-1"
      },
      "codeString" : "de"
    },
    "author" : { },
    "otherDetails" : { }
  }, {
    "@type" : "TRANSLATION_DETAILS",
    "language" : {
      "terminologyId" : {
        "value" : "ISO_639-1"
      },
      "codeString" : "sv"
    },
    "author" : { },
    "otherDetails" : { }
  }, {
    "@type" : "TRANSLATION_DETAILS",
    "language" : {
      "terminologyId" : {
        "value" : "ISO_639-1"
      },
      "codeString" : "fi"
    },
    "author" : { },
    "otherDetails" : { }
  }, {
    "@type" : "TRANSLATION_DETAILS",
    "language" : {
      "terminologyId" : {
        "value" : "ISO_639-1"
      },
      "codeString" : "es-ar"
    },
    "author" : { },
    "otherDetails" : { }
  }, {
    "@type" : "TRANSLATION_DETAILS",
    "language" : {
      "terminologyId" : {
        "value" : "ISO_639-1"
      },
      "codeString" : "ko"
    },
    "author" : { },
    "otherDetails" : { }
  }, {
    "@type" : "TRANSLATION_DETAILS",
    "language" : {
      "terminologyId" : {
        "value" : "ISO_639-1"
      },
      "codeString" : "nb"
    },
    "author" : { },
    "otherDetails" : { }
  }, {
    "@type" : "TRANSLATION_DETAILS",
    "language" : {
      "terminologyId" : {
        "value" : "ISO_639-1"
      },
      "codeString" : "pt-br"
    },
    "author" : { },
    "otherDetails" : { }
  }, {
    "@type" : "TRANSLATION_DETAILS",
    "language" : {
      "terminologyId" : {
        "value" : "ISO_639-1"
      },
      "codeString" : "ar-sy"
    },
    "author" : { },
    "otherDetails" : { }
  }, {
    "@type" : "TRANSLATION_DETAILS",
    "language" : {
      "terminologyId" : {
        "value" : "ISO_639-1"
      },
      "codeString" : "it"
    },
    "author" : { },
    "otherDetails" : { }
  }, {
    "@type" : "TRANSLATION_DETAILS",
    "language" : {
      "terminologyId" : {
        "value" : "ISO_639-1"
      },
      "codeString" : "fr"
    },
    "author" : { },
    "otherDetails" : { }
  }, {
    "@type" : "TRANSLATION_DETAILS",
    "language" : {
      "terminologyId" : {
        "value" : "ISO_639-1"
      },
      "codeString" : "es"
    },
    "author" : { },
    "otherDetails" : { }
  }, {
    "@type" : "TRANSLATION_DETAILS",
    "language" : {
      "terminologyId" : {
        "value" : "ISO_639-1"
      },
      "codeString" : "nl"
    },
    "author" : { },
    "otherDetails" : { }
  } ]
}