{"@type":"TEMPLATE","uid":"296dd1c9-8498-4004-a107-4701de0727be","description":{"@type":"RESOURCE_DESCRIPTION","originalAuthor":{"date":"2022-11-17"},"otherContributors":[],"lifecycleState":{"codeString":"unmanaged"},"ipAcknowledgements":{},"references":{},"conversionDetails":{},"otherDetails":{"licence":"","custodian_organisation":"","original_namespace":"","original_publisher":"","custodian_namespace":"","sem_ver":"1.2.0","build_uid":"0b95e7c3-8754-41a6-9f2f-5bdf927ab898","MD5-CAM-1.0.1":"652d15b355d1da3ff0104d9e75eae9d6","PARENT:MD5-CAM-1.0.1":"8F3156560D39B12C8362DF26A4C575BD"},"details":{"de":{"@type":"RESOURCE_DESCRIPTION_ITEM","language":{"terminologyId":{"value":"ISO_639-1"},"codeString":"de"},"keywords":[],"originalResourceUri":{},"otherDetails":{}},"fi":{"@type":"RESOURCE_DESCRIPTION_ITEM","language":{"terminologyId":{"value":"ISO_639-1"},"codeString":"fi"},"keywords":[],"originalResourceUri":{},"otherDetails":{}},"sv":{"@type":"RESOURCE_DESCRIPTION_ITEM","language":{"terminologyId":{"value":"ISO_639-1"},"codeString":"sv"},"keywords":[],"originalResourceUri":{},"otherDetails":{}},"ko":{"@type":"RESOURCE_DESCRIPTION_ITEM","language":{"terminologyId":{"value":"ISO_639-1"},"codeString":"ko"},"keywords":[],"originalResourceUri":{},"otherDetails":{}},"pt-br":{"@type":"RESOURCE_DESCRIPTION_ITEM","language":{"terminologyId":{"value":"ISO_639-1"},"codeString":"pt-br"},"keywords":[],"originalResourceUri":{},"otherDetails":{}},"en":{"@type":"RESOURCE_DESCRIPTION_ITEM","language":{"terminologyId":{"value":"ISO_639-1"},"codeString":"en"},"purpose":"Form ini bertujuan untuk mengumpulkan tanda mengenai keluhan psikiatri yang berkaitan dengan kualitas hidup","keywords":[],"originalResourceUri":{},"otherDetails":{}},"ar-sy":{"@type":"RESOURCE_DESCRIPTION_ITEM","language":{"terminologyId":{"value":"ISO_639-1"},"codeString":"ar-sy"},"keywords":[],"originalResourceUri":{},"otherDetails":{}},"it":{"@type":"RESOURCE_DESCRIPTION_ITEM","language":{"terminologyId":{"value":"ISO_639-1"},"codeString":"it"},"keywords":[],"originalResourceUri":{},"otherDetails":{}},"fr":{"@type":"RESOURCE_DESCRIPTION_ITEM","language":{"terminologyId":{"value":"ISO_639-1"},"codeString":"fr"},"keywords":[],"originalResourceUri":{},"otherDetails":{}},"es":{"@type":"RESOURCE_DESCRIPTION_ITEM","language":{"terminologyId":{"value":"ISO_639-1"},"codeString":"es"},"keywords":[],"originalResourceUri":{},"otherDetails":{}},"nb":{"@type":"RESOURCE_DESCRIPTION_ITEM","language":{"terminologyId":{"value":"ISO_639-1"},"codeString":"nb"},"keywords":[],"originalResourceUri":{},"otherDetails":{}},"es-ar":{"@type":"RESOURCE_DESCRIPTION_ITEM","language":{"terminologyId":{"value":"ISO_639-1"},"codeString":"es-ar"},"keywords":[],"originalResourceUri":{},"otherDetails":{}},"nl":{"@type":"RESOURCE_DESCRIPTION_ITEM","language":{"terminologyId":{"value":"ISO_639-1"},"codeString":"nl"},"keywords":[],"originalResourceUri":{},"otherDetails":{}}}},"parentArchetypeId":"openEHR-EHR-COMPOSITION.encounter.v1","differential":true,"archetypeId":{"@type":"ARCHETYPE_HRID","value":"openEHR-EHR-COMPOSITION.t_encounter.v1"},"definition":{"@type":"C_COMPLEX_OBJECT","rmTypeName":"COMPOSITION","nodeId":"at0000.1","attributes":[{"@type":"C_ATTRIBUTE","rmAttributeName":"context","children":[{"@type":"C_COMPLEX_OBJECT","rmTypeName":"EVENT_CONTEXT","attributes":[],"attributeTuples":[]}]},{"@type":"C_ATTRIBUTE","rmAttributeName":"content","existence":"0..1","cardinality":{"@type":"CARDINALITY","interval":"1..*","ordered":false,"unique":false},"children":[{"@type":"C_ARCHETYPE_ROOT","rmTypeName":"SECTION","occurrences":"0..1","nodeId":"at0.2","attributes":[],"attributeTuples":[],"archetypeRef":"openEHR-EHR-SECTION.ovl-adhoc-001.v1","referenceType":"archetypeOverlay"}]}],"attributeTuples":[]},"terminology":{"@type":"ARCHETYPE_TERMINOLOGY","conceptCode":"at0000","termDefinitions":{"ar-sy":{"at0000.1":{"@type":"ARCHETYPE_TERM","code":"at0000.1","text":"MetabolicDiseases-(DiabetesMellitus)-Psikiatri-v0.0.0","description":"*Interaction, contact or care event between a subject of care and healthcare provider(s).(en)"}},"en":{"at0000.1":{"@type":"ARCHETYPE_TERM","code":"at0000.1","text":"MetabolicDiseases-(DiabetesMellitusAnak)-Psikiatri-v2","description":"Interaction, contact or care event between a subject of care and healthcare provider(s)."}},"es-ar":{"at0000.1":{"@type":"ARCHETYPE_TERM","code":"at0000.1","text":"MetabolicDiseases-(DiabetesMellitus)-Psikiatri-v0.0.0","description":"Interacción, contacto o evento de cuidados entre un sujeto de cuidados y uno o más proveedores de cuidados de la salud."}},"ko":{"at0000.1":{"@type":"ARCHETYPE_TERM","code":"at0000.1","text":"MetabolicDiseases-(DiabetesMellitus)-Psikiatri-v0.0.0","description":"*Interaction, contact or care event between a subject of care and healthcare provider(s).(en)"}},"pt-br":{"at0000.1":{"@type":"ARCHETYPE_TERM","code":"at0000.1","text":"MetabolicDiseases-(DiabetesMellitus)-Psikiatri-v0.0.0","description":"Interação, contato ou cuidado entre o sujeito do cuidado e profissional(is) de saúde."}},"es":{"at0000.1":{"@type":"ARCHETYPE_TERM","code":"at0000.1","text":"MetabolicDiseases-(DiabetesMellitus)-Psikiatri-v0.0.0","description":"Interacción, contacto o evento de cuidado entre un paciente y un proveedor de salud."}},"nl":{"at0000.1":{"@type":"ARCHETYPE_TERM","code":"at0000.1","text":"MetabolicDiseases-(DiabetesMellitus)-Psikiatri-v0.0.0","description":"Interactie, contact of zorggebeurtenis tussen een onderwerp van zorg en zorgverlener(s)."}},"sv":{"at0000.1":{"@type":"ARCHETYPE_TERM","code":"at0000.1","text":"MetabolicDiseases-(DiabetesMellitus)-Psikiatri-v0.0.0","description":"Interaktion, kontakt eller vårdhändelse mellan vårdtagare och vårdgivare inom hälso- och sjukvården."}},"de":{"at0000.1":{"@type":"ARCHETYPE_TERM","code":"at0000.1","text":"MetabolicDiseases-(DiabetesMellitus)-Psikiatri-v0.0.0","description":"Interaktion, Kontakt oder Versorgungsereignis, zwischen einem Versorgungsempfänger und einem Gesundheitsdienstleister."}},"fi":{"at0000.1":{"@type":"ARCHETYPE_TERM","code":"at0000.1","text":"MetabolicDiseases-(DiabetesMellitus)-Psikiatri-v0.0.0","description":"Hoitohenkilön ja terveydenhuollon tarjoajan välinen vuorovaikutus, kontakti- tai hoitotapahtuma."}},"it":{"at0000.1":{"@type":"ARCHETYPE_TERM","code":"at0000.1","text":"MetabolicDiseases-(DiabetesMellitus)-Psikiatri-v0.0.0","description":"Interazione, contatto o evento di cura tra un soggetto di cura e il/i fornitore/i di assistenza sanitaria."}},"fr":{"at0000.1":{"@type":"ARCHETYPE_TERM","code":"at0000.1","text":"MetabolicDiseases-(DiabetesMellitus)-Psikiatri-v0.0.0","description":"Interaction, contact ou événement de soins entre un sujet de soins et un ou des prestataires de soins."}},"nb":{"at0000.1":{"@type":"ARCHETYPE_TERM","code":"at0000.1","text":"MetabolicDiseases-(DiabetesMellitus)-Psikiatri-v0.0.0","description":"Interaksjon, kontakt eller omsorgshendelse mellom et individ og helsepersonell."}}},"termBindings":{},"terminologyExtracts":{},"valueSets":{}},"adlVersion":"1.4","buildUid":"ed2cc0eb-c508-3e66-a7bc-0e3f3e3f196f","rmName":"openehr","rmRelease":"1.1.0","generated":true,"templateId":"MetabolicDiseases-(DiabetesMellitusAnak)-Psikiatri-v2","otherMetaData":{},"templateOverlays":[{"@type":"TEMPLATE_OVERLAY","uid":"56f48f5c-fd71-4707-a571-d41a6ff5046e","description":{"@type":"RESOURCE_DESCRIPTION","originalAuthor":{},"otherContributors":[],"ipAcknowledgements":{},"references":{},"conversionDetails":{},"otherDetails":{"PARENT:MD5-CAM-1.0.1":"8FE80F3E80C594AAF99D3BA540A53D73"},"details":{"de":{"@type":"RESOURCE_DESCRIPTION_ITEM","language":{"terminologyId":{"value":"ISO_639-1"},"codeString":"de"},"purpose":"Eine generische Abschnittsüberschrift eines Templates, welche entsprechend dem spezifischen klinischen Kontext umbenannt werden sollte.","keywords":["Abschnitt","Template","Überschrift","Ad hoc","Abschnittsüberschrift"],"use":"Dieser Archetyp kann für die Erstellung einer Abschnittsüberschrift in einem Template verwendet werden. Die Überschrift kann, passend zu dem jeweiligen klinischen Kontext, umbenannt werden. Zum Beispiel: \"Ad hoc Überschrift\" wird umbenannt in \"Untersuchungsergebnisse\".\r\n\r\n","misuse":"Die Überschrift sollte in einem Template nicht unverändert verwendet werden.","originalResourceUri":{},"otherDetails":{}},"sv":{"@type":"RESOURCE_DESCRIPTION_ITEM","language":{"terminologyId":{"value":"ISO_639-1"},"codeString":"sv"},"purpose":"En allmän avsnittsrubrik som döps om i en openEHR-mall för att passa in i en specifik klinisk kontext.","keywords":[],"use":"Används för att skapa en avsnittsrubrik i en openEHR-mall som sedan döps om för att passa in i den specifika kliniska kontexten. Exempelvis \"Rubrik\" döps om till \"Undersökningsfynd\".","misuse":"Ska inte lämnas oförändrad i en openEHR-mall.","originalResourceUri":{},"otherDetails":{}},"ru":{"@type":"RESOURCE_DESCRIPTION_ITEM","language":{"terminologyId":{"value":"ISO_639-1"},"codeString":"ru"},"purpose":"Базовый заголовок раздела, должен быть переименован в локальном шаблоне ","keywords":["раздел","шаблон","заготовка","название","образец"],"use":"используется для создания и именования разделов в локальных шаблонах","misuse":"*Not to be left unchanged in a template.(en)","copyright":"© openEHR Foundation","originalResourceUri":{},"otherDetails":{}},"nb":{"@type":"RESOURCE_DESCRIPTION_ITEM","language":{"terminologyId":{"value":"ISO_639-1"},"codeString":"nb"},"purpose":"Brukes som en generisk seksjonsoverskrift som skal gis nytt navn i en templat for å passe i en gitt klinisk kontekst.","keywords":[],"use":"Brukes til å lage en seksjonsoverskrift i en templat, hvis navn deretter endres for å passe i den aktuelle kliniske konteksten. For eksempel: \"Templat-overskrift\" endret til \"Funn ved undersøkelse\", \"Anamnese\", \"Personopplysninger\" eller \"Oppsummering\".","misuse":"Skal ikke stå med uendret navn i en templat.","originalResourceUri":{},"otherDetails":{}},"es-ar":{"@type":"RESOURCE_DESCRIPTION_ITEM","language":{"terminologyId":{"value":"ISO_639-1"},"codeString":"es-ar"},"purpose":"Proporcionar un encabezado de sección de tipo genérico que será renombrado en una plantilla para su empleo en un contexto clínico específico.","keywords":[],"use":"Utilizar para construir un encabezado de sección en una plantilla y que será renombrado para su empleo en un contexto clínico específico. Por ejemplo, \"Encabezado ad hoc\" puede renombrarse como \"Hallazgos de examen\".","misuse":"No debe mantenerse sin cambios en una plantilla.","copyright":"© openEHR Foundation","originalResourceUri":{},"otherDetails":{}},"pt-br":{"@type":"RESOURCE_DESCRIPTION_ITEM","language":{"terminologyId":{"value":"ISO_639-1"},"codeString":"pt-br"},"purpose":"Oferecer um cabeçalho de uma sessão genérica que será renomeado no template para adequar-se a um contexto clínico específico.","keywords":["cabeçalho"],"use":"Utilize para construir um cabeçalho de uma sessão (de um template) que será renomeada para adequar-se a um contexto clínico específico. Por exemplo: \"cabeçalho Ad hoc\" renomeado para \"Achados de exame\".","misuse":"Não deve manter a configuração original no template.","originalResourceUri":{},"otherDetails":{}},"en":{"@type":"RESOURCE_DESCRIPTION_ITEM","language":{"terminologyId":{"value":"ISO_639-1"},"codeString":"en"},"purpose":"To provide a generic section header which will be renamed in a template to suit a specific clinical context.","keywords":[],"use":"Use to construct a section heading in a template that will be renamed to suit the specific clinical context. For example: \"Ad hoc heading\" renamed to \"Examination findings\".","misuse":"Not to be left unchanged in a template.","copyright":"© openEHR Foundation","originalResourceUri":{},"otherDetails":{}},"sl":{"@type":"RESOURCE_DESCRIPTION_ITEM","language":{"terminologyId":{"value":"ISO_639-1"},"codeString":"sl"},"purpose":"*To provide a generic section header which will be renamed in a template to suit a specific clinical context.(en)","keywords":[],"use":"*Use to construct a section heading in a template that will be renamed to suit the specific clinical context. For example: \"Ad hoc heading\" renamed to \"Examination findings\".(en)","misuse":"*Not to be left unchanged in a template.(en)","copyright":"© openEHR Foundation","originalResourceUri":{},"otherDetails":{}},"it":{"@type":"RESOURCE_DESCRIPTION_ITEM","language":{"terminologyId":{"value":"ISO_639-1"},"codeString":"it"},"purpose":"Fornire un'intestazione generica della sezione che sarà rinominata in un template per adattarsi ad uno specifico contesto clinico.","keywords":[],"use":"Usato per costruire un'intestazione di sezione in un template che sarà rinominato in base al contesto clinico specifico. Per esempio: \"Intestazione ad hoc\" rinominata in \"Risultati dell'esame\".","misuse":"Non deve essere lasciato invariato in un template.","originalResourceUri":{},"otherDetails":{}},"fr":{"@type":"RESOURCE_DESCRIPTION_ITEM","language":{"terminologyId":{"value":"ISO_639-1"},"codeString":"fr"},"purpose":"*To provide a generic section header which will be renamed in a template to suit a specific clinical context.(en)","keywords":[],"use":"*Use to construct a section heading in a template that will be renamed to suit the specific clinical context. For example: \"Ad hoc heading\" renamed to \"Examination findings\".(en)","misuse":"*Not to be left unchanged in a template.(en)","originalResourceUri":{},"otherDetails":{}}}},"parentArchetypeId":"openEHR-EHR-SECTION.adhoc.v1","differential":true,"archetypeId":{"@type":"ARCHETYPE_HRID","value":"openEHR-EHR-SECTION.ovl-adhoc-001.v1"},"definition":{"@type":"C_COMPLEX_OBJECT","rmTypeName":"SECTION","nodeId":"at0000.1","attributes":[{"@type":"C_ATTRIBUTE","rmAttributeName":"items","existence":"0..1","cardinality":{"@type":"CARDINALITY","interval":"1..*","ordered":false,"unique":false},"children":[{"@type":"C_ARCHETYPE_ROOT","rmTypeName":"OBSERVATION","occurrences":"0..1","nodeId":"at0.2","attributes":[],"attributeTuples":[],"archetypeRef":"openEHR-EHR-OBSERVATION.ovl-problem_screening-001.v1","referenceType":"archetypeOverlay"}]}],"attributeTuples":[]},"terminology":{"@type":"ARCHETYPE_TERMINOLOGY","conceptCode":"at0000","termDefinitions":{"en":{"at0000.1":{"@type":"ARCHETYPE_TERM","code":"at0000.1","text":"Skrining Psikiatri - PHQ-9","description":"A generic section header which should be renamed in a template to suit a specific clinical context."}},"ru":{},"es-ar":{},"sl":{},"nb":{},"pt-br":{},"sv":{},"de":{},"it":{},"fr":{}},"termBindings":{},"terminologyExtracts":{},"valueSets":{}},"adlVersion":"1.4","buildUid":"46fe0e95-f5cc-44c8-8616-3b9fd0ca6e61","rmName":"openehr","rmRelease":"1.1.0","generated":true,"otherMetaData":{},"originalLanguage":{"terminologyId":{"value":"ISO_639-1"},"codeString":"en"},"translations":[{"@type":"TRANSLATION_DETAILS","language":{"terminologyId":{"value":"ISO_639-1"},"codeString":"de"},"author":{"name":"Ramona Wellmann","organisation":"Medizinische Hochschule Hannover","email":"wellmann.ramona@mh-hannover.de"},"otherDetails":{}},{"@type":"TRANSLATION_DETAILS","language":{"terminologyId":{"value":"ISO_639-1"},"codeString":"ru"},"author":{"name":"Art Latyp Латыпов Артур Шамилевич","organisation":"RusBITech РусБИТех, Москва"},"otherDetails":{}},{"@type":"TRANSLATION_DETAILS","language":{"terminologyId":{"value":"ISO_639-1"},"codeString":"sv"},"author":{"name":"Daniel Hall","organisation":"Region Östergötland","email":"daniel.hall@regionostergotland.se"},"accreditation":"Åsa Skagerhult, Lisa Axelsson","otherDetails":{}},{"@type":"TRANSLATION_DETAILS","language":{"terminologyId":{"value":"ISO_639-1"},"codeString":"es-ar"},"author":{"name":"Alan March","organisation":"Hospital Universitario Austral, Buenos Aires, Argentina"},"otherDetails":{}},{"@type":"TRANSLATION_DETAILS","language":{"terminologyId":{"value":"ISO_639-1"},"codeString":"nb"},"author":{"einar.fosse@unn.no":"einar.fosse@unn.no","name":"Einar Fosse","organisation":"Norwegian Centre for Integrated Care and Telemedicine, Tromsø, Norway"},"otherDetails":{}},{"@type":"TRANSLATION_DETAILS","language":{"terminologyId":{"value":"ISO_639-1"},"codeString":"pt-br"},"author":{"name":"Vladimir Pizzo","organisation":"Hospital Sírio Libanês, São Paulo, Brazil","email":"vladimir.pizzo@hsl.org.br"},"otherDetails":{}},{"@type":"TRANSLATION_DETAILS","language":{"terminologyId":{"value":"ISO_639-1"},"codeString":"sl"},"author":{"name":"?"},"otherDetails":{}},{"@type":"TRANSLATION_DETAILS","language":{"terminologyId":{"value":"ISO_639-1"},"codeString":"it"},"author":{"name":"Paolo Anedda","organisation":"Inpeco","email":"paolo.anedda@inpeco.com"},"otherDetails":{}},{"@type":"TRANSLATION_DETAILS","language":{"terminologyId":{"value":"ISO_639-1"},"codeString":"fr"},"author":{"name":"Vanessa Pereira","organisation":"Better - Pathfinder","email":"vanessapereira@protonmail.com"},"otherDetails":{}}]},{"@type":"TEMPLATE_OVERLAY","uid":"b2453f8a-8231-4370-87f2-fc32ab33d1bb","description":{"@type":"RESOURCE_DESCRIPTION","originalAuthor":{},"otherContributors":[],"ipAcknowledgements":{},"references":{},"conversionDetails":{},"otherDetails":{"PARENT:MD5-CAM-1.0.1":"235CEC5164F346AEFA23E18FE6D401AF"},"details":{"de":{"@type":"RESOURCE_DESCRIPTION_ITEM","language":{"terminologyId":{"value":"ISO_639-1"},"codeString":"de"},"purpose":"*To create a framework for recording answers about problems or diagnoses, to the questions of a pre-defined screening questionnaire. (en)","keywords":["*Condition, state, illness, syndrome, questionnaire, screening, issue (en)"],"use":"*Use to create a framework for recording answers to pre-defined screening questions about issues, problems or diagnoses. \r\nThis archeype has deliberately been loosely modelled to be inclusive of the broadest range of issues and problems, as well as diagnoses.\r\n\r\nCommon use cases include, but are not limited to:\r\n- Systematic questioning in any consultation, for example:\r\n--- Diagnosed with cancer? Yes, No, Unknown.\r\n--- Diagnosed with COVID 19 or Influenza in the past twelve months? Yes, No, Unknown.\r\n--- Do you have any worries or concerns? Yes, No, Unknown.\r\n- Specific questioning related to disease surveillance.\r\n\r\nThe semantics of this archetype are intentionally loose, and querying this archetype would normally only be useful or safe within the context of each specific template. In a template, each data element would usually be renamed to the specific question asked. Where value sets have been proposed for common use cases, these can be adapted for local use by using the 'text' choice to match each specific use case.\r\n\r\nThe EVENT structure from the reference model can be used to specify whether the questions relate to point in time or over a period of time. Use a separate instance of this archetype to distinguish between a questionnaire recording information about a procedure that has been performed at any time in the past and information about a procedure performed within a specified time interval - for example the difference between \"Do you have influenza?\" compared to \"Have you had influenza in the past 4 weeks?\"\r\n\r\nThe source of the information in a questionnaire response may vary in different contexts but can be specifically identified using the 'Information provider' element in the Reference Model.\r\n\r\nThis archetype has been designed to be used as a screening tool or to record simple questionnaire-format data for use in situations such as a disease registry. If the screening questionnaire identifies the presence of a problem or diagnosis, it is recommended that clinical system record and persist the specific details about the problem or diagnosis (such as the date of clinical recognition) using the EVALUATION.problem_diagnosis archetype. (en)","misuse":"*Not to be used to record details about the presence or absence of a problem or diagnosis, outside of a screening context. Use EVALUATION.problem_diagnosis or EVALUATION.exclusion_specific for these purposes.\r\n\r\nNot to be used to to create a framework for recording answers to pre-defined screening questions about procedures that has been carried out in the past. Use the OBSERVATION.procedure_screening for this purpose.\r\n\r\nNot to be used to to create a framework for recording answers to pre-defined screening questions about adverse reactions, use an appropriate archetype for this purpose.\r\n\r\nNot to be used to record details about a simple selection list where a question may be recorded as either \"present\" or \"indeterminate\". Use OBSERVATION.selection_list for this purpose. (en)","originalResourceUri":{},"otherDetails":{}},"nb":{"@type":"RESOURCE_DESCRIPTION_ITEM","language":{"terminologyId":{"value":"ISO_639-1"},"codeString":"nb"},"purpose":"For å lage et rammeverk for registrering av svar på forhåndsdefinerte spørsmål om bekymringer, plager, problemer eller diagnoser.","keywords":["tilstand, sykdom, syndrom, spørreskjema, kartlegging, bekymring, plage"],"use":"Brukes for å lage et rammeverk for registrering av svar på forhåndsdefinerte spørsmål om bekymringer, plager, problemer eller diagnoser.\r\nArketypen er løst modellert for å inkludere det bredeste spekteret av bekymringer, plager og problemer, samt diagnoser.\r\n\r\nVanlige bruksområder inkluderer, men er ikke begrenset til:\r\n- Systematiske spørsmål ved konsultasjoner, for eksempel:\r\n--- Diagnostisert med kreft? Ja, Nei, Ukjent.\r\n--- Diagnostisert med Covid 19 eller influensa de siste tolv månedene? Ja, Nei, Ukjent.\r\n- Spesifikke spørsmål relatert til overvåkning av sykdommer.\r\n\r\nSemantikken til denne arketypen er med vilje løst definert, og spørringer etter data i denne arketypen vil normalt bare være hensiktsmessig eller sikkert i konteksten av det spesifikke templatet. I et templat vil hvert dataelement vanligvis døpes om til det (spesifikke) spørsmålet man ønsker svar på. Flere steder er det foreslått verdisett som passer til de vanligste bruksområder, men det er allikevel mulig å tilpasse/endre verdisett for lokal bruk ved å benytte de alternative datatypene DV_TEXT eller DV_BOOLEAN for å harmonere verdisettet til hvert enkelt brukstilfelle.\r\n\r\nEVENT-strukturen fra arketypens referansemodell kan brukes for å spesifisere om spørsmålene relateres til et tidspunkt eller til et tidsintervall.\r\nBruk egne instanser av denne arketypen for å skille mellom spørsmål om prosedyrer som er gjennomførte på et hvilket som helst tidspunkt og spørsmål om prosedyrer som er gjennomført i et tidsintervall. For eksempel; \"Har du influensa?\" sammenlignet med \"Har du hatt influensa de siste 4 ukene?\".\r\n\r\nKilden til informasjonen i et spørreskjema kan variere i ulike kontekster, men kan identifiseres spesifikt ved å benytte \"Information provider\" elementet i openEHR referansemodellen.\r\n\r\nDenne arketypen er laget for å bli brukt i et spørreskjema eller for å registrere enkle strukturerte data til for eksempel et sykdomsregister. Dersom det i kartleggingen identifiseres at et problem eller en diagnose er tilstede, anbefales det at spesifikke detaljer om problemet eller diagnosen (som for eksempel diagnosedato) registreres og lagres i pasientjournalen i arketypen EVALUATION.problem_diagnosis (Problem/diagnose).","misuse":"\t\r\nBrukes ikke for å registrere detaljer om tilstedeværelse eller fravær av et problem eller en diagnose utenfor konteksten av kartleggingen. Bruk arketypen EVALUATION.problem_diagnosis eller EVALUATION.exclusion_specific for dette formålet.\r\n\r\nBrukes ikke for å lage et rammeverk for registrering av svar på forhåndsdefinerte spørsmål om gjennomførte prosedyrer, bruk arketypen OBSERVATION.procedure_screening for dette formålet.\r\n\r\nBrukes ikke for å lage et rammeverk for registrering av svar på forhåndsdefinerte spørsmål om overfølsomhetsreaksjoner, bruk arketypen OBSERVATION.adverse_reaction_screening for dette formålet.\r\n\r\nBrukes ikke for å registrere detaljer om en enkel utvalgsliste der et spørsmål kan registreres som enten \"Tilstede\" eller \"Ubestemt\". Bruk arketypen OBSERVATION.selection_list for dette formålet.","originalResourceUri":{},"otherDetails":{}},"en":{"@type":"RESOURCE_DESCRIPTION_ITEM","language":{"terminologyId":{"value":"ISO_639-1"},"codeString":"en"},"purpose":"To create a framework for recording answers to pre-defined screening questions about issues, problems or diagnoses.","keywords":["Condition, state, illness, syndrome, questionnaire, screening, issue"],"use":"Use to create a framework for recording answers to pre-defined screening questions about issues, problems or diagnoses. \r\nThis archeype has deliberately been loosely modelled to be inclusive of the broadest range of issues and problems, as well as diagnoses.\r\n\r\nCommon use cases include, but are not limited to:\r\n- Systematic questioning in any consultation, for example:\r\n--- Diagnosed with cancer? Yes, No, Unknown.\r\n--- Diagnosed with COVID 19 or Influenza in the past twelve months? Yes, No, Unknown.\r\n--- Do you have any worries or concerns? Yes, No, Unknown.\r\n- Specific questioning related to disease surveillance.\r\n\r\nThe semantics of this archetype are intentionally loose, and querying this archetype would normally only be useful or safe within the context of each specific template. In a template, each data element would usually be renamed to the specific question asked. Where value sets have been proposed for common use cases, these can be adapted for local use by using the DV_TEXT or the DV_BOOLEAN datatypes choice to match each specific use case.\r\n\r\nThe EVENT structure from the reference model can be used to specify whether the questions relate to point in time or over a period of time. Use a separate instance of this archetype to distinguish between a questionnaire recording information about a procedure that has been performed at any time in the past and information about a procedure performed within a specified time interval - for example the difference between \"Do you have influenza?\" compared to \"Have you had influenza in the past 4 weeks?\"\r\n\r\nThe source of the information in a questionnaire response may vary in different contexts but can be specifically identified using the 'Information provider' element in the Reference Model.\r\n\r\nThis archetype has been designed to be used as a screening tool or to record simple questionnaire-format data for use in situations such as a disease registry. If the screening questionnaire identifies the presence of a problem or diagnosis, it is recommended that clinical system record and persist the specific details about the problem or diagnosis (such as the date of clinical recognition) using the EVALUATION.problem_diagnosis archetype.","misuse":"Not to be used to record details about the presence or absence of a problem or diagnosis, outside of a screening context. Use EVALUATION.problem_diagnosis or EVALUATION.exclusion_specific for these purposes.\r\n\r\nNot to be used to to create a framework for recording answers to pre-defined screening questions about procedures that has been carried out in the past. Use the OBSERVATION.procedure_screening for this purpose.\r\n\r\nNot to be used to to create a framework for recording answers to pre-defined screening questions about adverse reactions, use an appropriate archetype for this purpose.\r\n\r\nNot to be used to record details about a simple selection list where a question may be recorded as either \"present\" or \"indeterminate\". Use OBSERVATION.selection_list for this purpose.","originalResourceUri":{},"otherDetails":{}},"nl":{"@type":"RESOURCE_DESCRIPTION_ITEM","language":{"terminologyId":{"value":"ISO_639-1"},"codeString":"nl"},"purpose":"*To create a framework for recording answers to pre-defined screening questions about problems or diagnoses.(en)","keywords":["*Condition, state, illness, syndrome, questionnaire, screening, issue (en)"],"use":"*Use to create a framework for recording answers to pre-defined screening questions about issues, problems or diagnoses. \r\nThis archeype has deliberately been loosely modelled to be inclusive of the broadest range of issues and problems, as well as diagnoses.\r\n\r\nCommon use cases include, but are not limited to:\r\n- Systematic questioning in any consultation, for example:\r\n--- Diagnosed with cancer? Yes, No, Unknown.\r\n--- Diagnosed with COVID 19 or Influenza in the past twelve months? Yes, No, Unknown.\r\n--- Do you have any worries or concerns? Yes, No, Unknown.\r\n- Specific questioning related to disease surveillance.\r\n\r\nThe semantics of this archetype are intentionally loose, and querying this archetype would normally only be useful or safe within the context of each specific template. In a template, each data element would usually be renamed to the specific question asked. Where value sets have been proposed for common use cases, these can be adapted for local use by using the 'text' choice to match each specific use case.\r\n\r\nThe EVENT structure from the reference model can be used to specify whether the questions relate to point in time or over a period of time. Use a separate instance of this archetype to distinguish between a questionnaire recording information about a procedure that has been performed at any time in the past and information about a procedure performed within a specified time interval - for example the difference between \"Do you have influenza?\" compared to \"Have you had influenza in the past 4 weeks?\"\r\n\r\nThe source of the information in a questionnaire response may vary in different contexts but can be specifically identified using the 'Information provider' element in the Reference Model.\r\n\r\nThis archetype has been designed to be used as a screening tool or to record simple questionnaire-format data for use in situations such as a disease registry. If the screening questionnaire identifies the presence of a problem or diagnosis, it is recommended that clinical system record and persist the specific details about the problem or diagnosis (such as the date of clinical recognition) using the EVALUATION.problem_diagnosis archetype. (en)","misuse":"*Not to be used to record details about the presence or absence of a problem or diagnosis, outside of a screening context. Use EVALUATION.problem_diagnosis or EVALUATION.exclusion_specific for these purposes.\r\n\r\nNot to be used to to create a framework for recording answers to pre-defined screening questions about procedures that has been carried out in the past. Use the OBSERVATION.procedure_screening for this purpose.\r\n\r\nNot to be used to to create a framework for recording answers to pre-defined screening questions about adverse reactions, use an appropriate archetype for this purpose.\r\n\r\nNot to be used to record details about a simple selection list where a question may be recorded as either \"present\" or \"indeterminate\". Use OBSERVATION.selection_list for this purpose. (en)","originalResourceUri":{},"otherDetails":{}}}},"parentArchetypeId":"openEHR-EHR-OBSERVATION.problem_screening.v1","differential":true,"archetypeId":{"@type":"ARCHETYPE_HRID","value":"openEHR-EHR-OBSERVATION.ovl-problem_screening-001.v1"},"definition":{"@type":"C_COMPLEX_OBJECT","rmTypeName":"OBSERVATION","nodeId":"at0000.1","attributes":[{"@type":"C_ATTRIBUTE","rmAttributeName":"data","children":[{"@type":"C_COMPLEX_OBJECT","rmTypeName":"HISTORY","nodeId":"at0001","attributes":[{"@type":"C_ATTRIBUTE","rmAttributeName":"events","children":[{"@type":"C_COMPLEX_OBJECT","rmTypeName":"EVENT","nodeId":"at0002","attributes":[{"@type":"C_ATTRIBUTE","rmAttributeName":"data","children":[{"@type":"C_COMPLEX_OBJECT","rmTypeName":"ITEM_TREE","nodeId":"at0003","attributes":[{"@type":"C_ATTRIBUTE","rmAttributeName":"items","children":[{"@type":"C_COMPLEX_OBJECT","rmTypeName":"ELEMENT","occurrences":"0..0","nodeId":"at0034.1","attributes":[],"attributeTuples":[]},{"@type":"C_COMPLEX_OBJECT","rmTypeName":"ELEMENT","occurrences":"0..0","nodeId":"at0028.1","attributes":[{"@type":"C_ATTRIBUTE","rmAttributeName":"value","children":[{"@type":"C_COMPLEX_OBJECT","rmTypeName":"DV_CODED_TEXT","attributes":[{"@type":"C_ATTRIBUTE","rmAttributeName":"defining_code","children":[{"@type":"C_TERMINOLOGY_CODE","rmTypeName":"CODE_PHRASE","occurrences":"1..1","terminologyId":{"value":"local"},"constraint":["at0031","at0032","at0033"]}]}],"attributeTuples":[]},{"@type":"C_COMPLEX_OBJECT","rmTypeName":"DV_TEXT","attributes":[],"attributeTuples":[]},{"@type":"C_COMPLEX_OBJECT","rmTypeName":"DV_BOOLEAN","attributes":[],"attributeTuples":[]}]}],"attributeTuples":[]},{"@type":"C_COMPLEX_OBJECT","rmTypeName":"ELEMENT","occurrences":"0..0","nodeId":"at0043.1","attributes":[],"attributeTuples":[]},{"@type":"C_COMPLEX_OBJECT","rmTypeName":"CLUSTER","nodeId":"at0022.1","attributes":[{"@type":"C_ATTRIBUTE","rmAttributeName":"items","children":[{"@type":"C_COMPLEX_OBJECT","rmTypeName":"ELEMENT","nodeId":"at0004.1","attributes":[{"@type":"C_ATTRIBUTE","rmAttributeName":"value","children":[{"@type":"C_COMPLEX_OBJECT","rmTypeName":"DV_CODED_TEXT","occurrences":"1..1","attributes":[{"@type":"C_ATTRIBUTE","rmAttributeName":"defining_code","children":[{"@type":"C_TERMINOLOGY_CODE","rmTypeName":"TERMINOLOGY_CODE","occurrences":"0..1","terminologyId":{"value":"local_termsphq9"},"constraint":[],"selectedTerminologies":["local_termsphq9"],"includedExternalTerminologyCodes":[{"terminologyId":"local_termsphq9","code":"0","value":"Tidak pernah"},{"terminologyId":"local_termsphq9","code":"1","value":"Beberapa hari"},{"terminologyId":"local_termsphq9","code":"2","value":"Lebih dari separuh waktu yang dimaksud"},{"terminologyId":"local_termsphq9","code":"3","value":"Hampir setiap hari"}]}]}],"attributeTuples":[]}]}],"attributeTuples":[]},{"@type":"C_COMPLEX_OBJECT","rmTypeName":"ELEMENT","occurrences":"0..0","nodeId":"at0005.1","attributes":[{"@type":"C_ATTRIBUTE","rmAttributeName":"value","children":[{"@type":"C_COMPLEX_OBJECT","rmTypeName":"DV_CODED_TEXT","attributes":[{"@type":"C_ATTRIBUTE","rmAttributeName":"defining_code","children":[{"@type":"C_TERMINOLOGY_CODE","rmTypeName":"CODE_PHRASE","occurrences":"1..1","terminologyId":{"value":"local"},"constraint":["at0023","at0024","at0027"]}]}],"attributeTuples":[]},{"@type":"C_COMPLEX_OBJECT","rmTypeName":"DV_TEXT","attributes":[],"attributeTuples":[]},{"@type":"C_COMPLEX_OBJECT","rmTypeName":"DV_BOOLEAN","attributes":[],"attributeTuples":[]}]}],"attributeTuples":[]},{"@type":"C_COMPLEX_OBJECT","rmTypeName":"ELEMENT","occurrences":"0..0","nodeId":"at0040.1","attributes":[{"@type":"C_ATTRIBUTE","rmAttributeName":"value","children":[{"@type":"C_COMPLEX_OBJECT","rmTypeName":"DV_TEXT","attributes":[],"attributeTuples":[]},{"@type":"C_COMPLEX_OBJECT","rmTypeName":"DV_INTERVAL<DV_DURATION>","attributes":[],"attributeTuples":[]},{"@type":"C_COMPLEX_OBJECT","rmTypeName":"DV_DURATION","attributes":[],"attributeTuples":[]},{"@type":"C_COMPLEX_OBJECT","rmTypeName":"DV_DATE_TIME","attributes":[],"attributeTuples":[]},{"@type":"C_COMPLEX_OBJECT","rmTypeName":"DV_INTERVAL<DV_DATE_TIME>","attributes":[],"attributeTuples":[]}]}],"attributeTuples":[]},{"@type":"C_COMPLEX_OBJECT","rmTypeName":"ELEMENT","occurrences":"0..0","nodeId":"at0025.1","attributes":[],"attributeTuples":[]}]}],"attributeTuples":[]},{"@type":"C_COMPLEX_OBJECT","rmTypeName":"CLUSTER","nodeId":"at0022.2","attributes":[{"@type":"C_ATTRIBUTE","rmAttributeName":"items","children":[{"@type":"C_COMPLEX_OBJECT","rmTypeName":"ELEMENT","nodeId":"at0004.2","attributes":[{"@type":"C_ATTRIBUTE","rmAttributeName":"value","children":[{"@type":"C_COMPLEX_OBJECT","rmTypeName":"DV_CODED_TEXT","occurrences":"1..1","attributes":[{"@type":"C_ATTRIBUTE","rmAttributeName":"defining_code","children":[{"@type":"C_TERMINOLOGY_CODE","rmTypeName":"TERMINOLOGY_CODE","occurrences":"0..1","terminologyId":{"value":"local_termsphq9"},"constraint":[],"selectedTerminologies":["local_termsphq9"],"includedExternalTerminologyCodes":[{"terminologyId":"local_termsphq9","code":"0","value":"Tidak pernah"},{"terminologyId":"local_termsphq9","code":"1","value":"Beberapa hari"},{"terminologyId":"local_termsphq9","code":"2","value":"Lebih dari separuh waktu yang dimaksud"},{"terminologyId":"local_termsphq9","code":"3","value":"Hampir setiap hari"}]}]}],"attributeTuples":[]}]}],"attributeTuples":[]},{"@type":"C_COMPLEX_OBJECT","rmTypeName":"ELEMENT","occurrences":"0..0","nodeId":"at0005.2","attributes":[{"@type":"C_ATTRIBUTE","rmAttributeName":"value","children":[{"@type":"C_COMPLEX_OBJECT","rmTypeName":"DV_CODED_TEXT","attributes":[{"@type":"C_ATTRIBUTE","rmAttributeName":"defining_code","children":[{"@type":"C_TERMINOLOGY_CODE","rmTypeName":"CODE_PHRASE","occurrences":"1..1","terminologyId":{"value":"local"},"constraint":["at0023","at0024","at0027"]}]}],"attributeTuples":[]},{"@type":"C_COMPLEX_OBJECT","rmTypeName":"DV_TEXT","attributes":[],"attributeTuples":[]},{"@type":"C_COMPLEX_OBJECT","rmTypeName":"DV_BOOLEAN","attributes":[],"attributeTuples":[]}]}],"attributeTuples":[]},{"@type":"C_COMPLEX_OBJECT","rmTypeName":"ELEMENT","occurrences":"0..0","nodeId":"at0040.2","attributes":[{"@type":"C_ATTRIBUTE","rmAttributeName":"value","children":[{"@type":"C_COMPLEX_OBJECT","rmTypeName":"DV_TEXT","attributes":[],"attributeTuples":[]},{"@type":"C_COMPLEX_OBJECT","rmTypeName":"DV_INTERVAL<DV_DURATION>","attributes":[],"attributeTuples":[]},{"@type":"C_COMPLEX_OBJECT","rmTypeName":"DV_DURATION","attributes":[],"attributeTuples":[]},{"@type":"C_COMPLEX_OBJECT","rmTypeName":"DV_DATE_TIME","attributes":[],"attributeTuples":[]},{"@type":"C_COMPLEX_OBJECT","rmTypeName":"DV_INTERVAL<DV_DATE_TIME>","attributes":[],"attributeTuples":[]}]}],"attributeTuples":[]},{"@type":"C_COMPLEX_OBJECT","rmTypeName":"ELEMENT","occurrences":"0..0","nodeId":"at0025.2","attributes":[],"attributeTuples":[]}]}],"attributeTuples":[]},{"@type":"C_COMPLEX_OBJECT","rmTypeName":"CLUSTER","nodeId":"at0022.3","attributes":[{"@type":"C_ATTRIBUTE","rmAttributeName":"items","children":[{"@type":"C_COMPLEX_OBJECT","rmTypeName":"ELEMENT","nodeId":"at0004.3","attributes":[{"@type":"C_ATTRIBUTE","rmAttributeName":"value","children":[{"@type":"C_COMPLEX_OBJECT","rmTypeName":"DV_CODED_TEXT","occurrences":"1..1","attributes":[{"@type":"C_ATTRIBUTE","rmAttributeName":"defining_code","children":[{"@type":"C_TERMINOLOGY_CODE","rmTypeName":"TERMINOLOGY_CODE","occurrences":"0..1","terminologyId":{"value":"local_termsphq9"},"constraint":[],"selectedTerminologies":["local_termsphq9"],"includedExternalTerminologyCodes":[{"terminologyId":"local_termsphq9","code":"0","value":"Tidak pernah"},{"terminologyId":"local_termsphq9","code":"1","value":"Beberapa hari"},{"terminologyId":"local_termsphq9","code":"2","value":"Lebih dari separuh waktu yang dimaksud"},{"terminologyId":"local_termsphq9","code":"3","value":"Hampir setiap hari"}]}]}],"attributeTuples":[]}]}],"attributeTuples":[]},{"@type":"C_COMPLEX_OBJECT","rmTypeName":"ELEMENT","occurrences":"0..0","nodeId":"at0005.3","attributes":[{"@type":"C_ATTRIBUTE","rmAttributeName":"value","children":[{"@type":"C_COMPLEX_OBJECT","rmTypeName":"DV_CODED_TEXT","attributes":[{"@type":"C_ATTRIBUTE","rmAttributeName":"defining_code","children":[{"@type":"C_TERMINOLOGY_CODE","rmTypeName":"CODE_PHRASE","occurrences":"1..1","terminologyId":{"value":"local"},"constraint":["at0023","at0024","at0027"]}]}],"attributeTuples":[]},{"@type":"C_COMPLEX_OBJECT","rmTypeName":"DV_TEXT","attributes":[],"attributeTuples":[]},{"@type":"C_COMPLEX_OBJECT","rmTypeName":"DV_BOOLEAN","attributes":[],"attributeTuples":[]}]}],"attributeTuples":[]},{"@type":"C_COMPLEX_OBJECT","rmTypeName":"ELEMENT","occurrences":"0..0","nodeId":"at0040.3","attributes":[{"@type":"C_ATTRIBUTE","rmAttributeName":"value","children":[{"@type":"C_COMPLEX_OBJECT","rmTypeName":"DV_TEXT","attributes":[],"attributeTuples":[]},{"@type":"C_COMPLEX_OBJECT","rmTypeName":"DV_INTERVAL<DV_DURATION>","attributes":[],"attributeTuples":[]},{"@type":"C_COMPLEX_OBJECT","rmTypeName":"DV_DURATION","attributes":[],"attributeTuples":[]},{"@type":"C_COMPLEX_OBJECT","rmTypeName":"DV_DATE_TIME","attributes":[],"attributeTuples":[]},{"@type":"C_COMPLEX_OBJECT","rmTypeName":"DV_INTERVAL<DV_DATE_TIME>","attributes":[],"attributeTuples":[]}]}],"attributeTuples":[]},{"@type":"C_COMPLEX_OBJECT","rmTypeName":"ELEMENT","occurrences":"0..0","nodeId":"at0025.3","attributes":[],"attributeTuples":[]}]}],"attributeTuples":[]},{"@type":"C_COMPLEX_OBJECT","rmTypeName":"CLUSTER","nodeId":"at0022.4","attributes":[{"@type":"C_ATTRIBUTE","rmAttributeName":"items","children":[{"@type":"C_COMPLEX_OBJECT","rmTypeName":"ELEMENT","nodeId":"at0004.4","attributes":[{"@type":"C_ATTRIBUTE","rmAttributeName":"value","children":[{"@type":"C_COMPLEX_OBJECT","rmTypeName":"DV_CODED_TEXT","occurrences":"1..1","attributes":[{"@type":"C_ATTRIBUTE","rmAttributeName":"defining_code","children":[{"@type":"C_TERMINOLOGY_CODE","rmTypeName":"TERMINOLOGY_CODE","occurrences":"0..1","terminologyId":{"value":"local_termsphq9"},"constraint":[],"selectedTerminologies":["local_termsphq9"],"includedExternalTerminologyCodes":[{"terminologyId":"local_termsphq9","code":"0","value":"Tidak pernah"},{"terminologyId":"local_termsphq9","code":"1","value":"Beberapa hari"},{"terminologyId":"local_termsphq9","code":"2","value":"Lebih dari separuh waktu yang dimaksud"},{"terminologyId":"local_termsphq9","code":"3","value":"Hampir setiap hari"}]}]}],"attributeTuples":[]}]}],"attributeTuples":[]},{"@type":"C_COMPLEX_OBJECT","rmTypeName":"ELEMENT","occurrences":"0..0","nodeId":"at0005.4","attributes":[{"@type":"C_ATTRIBUTE","rmAttributeName":"value","children":[{"@type":"C_COMPLEX_OBJECT","rmTypeName":"DV_CODED_TEXT","attributes":[{"@type":"C_ATTRIBUTE","rmAttributeName":"defining_code","children":[{"@type":"C_TERMINOLOGY_CODE","rmTypeName":"CODE_PHRASE","occurrences":"1..1","terminologyId":{"value":"local"},"constraint":["at0023","at0024","at0027"]}]}],"attributeTuples":[]},{"@type":"C_COMPLEX_OBJECT","rmTypeName":"DV_TEXT","attributes":[],"attributeTuples":[]},{"@type":"C_COMPLEX_OBJECT","rmTypeName":"DV_BOOLEAN","attributes":[],"attributeTuples":[]}]}],"attributeTuples":[]},{"@type":"C_COMPLEX_OBJECT","rmTypeName":"ELEMENT","occurrences":"0..0","nodeId":"at0040.4","attributes":[{"@type":"C_ATTRIBUTE","rmAttributeName":"value","children":[{"@type":"C_COMPLEX_OBJECT","rmTypeName":"DV_TEXT","attributes":[],"attributeTuples":[]},{"@type":"C_COMPLEX_OBJECT","rmTypeName":"DV_INTERVAL<DV_DURATION>","attributes":[],"attributeTuples":[]},{"@type":"C_COMPLEX_OBJECT","rmTypeName":"DV_DURATION","attributes":[],"attributeTuples":[]},{"@type":"C_COMPLEX_OBJECT","rmTypeName":"DV_DATE_TIME","attributes":[],"attributeTuples":[]},{"@type":"C_COMPLEX_OBJECT","rmTypeName":"DV_INTERVAL<DV_DATE_TIME>","attributes":[],"attributeTuples":[]}]}],"attributeTuples":[]},{"@type":"C_COMPLEX_OBJECT","rmTypeName":"ELEMENT","occurrences":"0..0","nodeId":"at0025.4","attributes":[],"attributeTuples":[]}]}],"attributeTuples":[]},{"@type":"C_COMPLEX_OBJECT","rmTypeName":"CLUSTER","nodeId":"at0022.5","attributes":[{"@type":"C_ATTRIBUTE","rmAttributeName":"items","children":[{"@type":"C_COMPLEX_OBJECT","rmTypeName":"ELEMENT","nodeId":"at0004.5","attributes":[{"@type":"C_ATTRIBUTE","rmAttributeName":"value","children":[{"@type":"C_COMPLEX_OBJECT","rmTypeName":"DV_CODED_TEXT","occurrences":"1..1","attributes":[{"@type":"C_ATTRIBUTE","rmAttributeName":"defining_code","children":[{"@type":"C_TERMINOLOGY_CODE","rmTypeName":"TERMINOLOGY_CODE","occurrences":"0..1","terminologyId":{"value":"local_termsphq9"},"constraint":[],"selectedTerminologies":["local_termsphq9"],"includedExternalTerminologyCodes":[{"terminologyId":"local_termsphq9","code":"0","value":"Tidak pernah"},{"terminologyId":"local_termsphq9","code":"1","value":"Beberapa hari"},{"terminologyId":"local_termsphq9","code":"2","value":"Lebih dari separuh waktu yang dimaksud"},{"terminologyId":"local_termsphq9","code":"3","value":"Hampir setiap hari"}]}]}],"attributeTuples":[]}]}],"attributeTuples":[]},{"@type":"C_COMPLEX_OBJECT","rmTypeName":"ELEMENT","occurrences":"0..0","nodeId":"at0005.5","attributes":[{"@type":"C_ATTRIBUTE","rmAttributeName":"value","children":[{"@type":"C_COMPLEX_OBJECT","rmTypeName":"DV_CODED_TEXT","attributes":[{"@type":"C_ATTRIBUTE","rmAttributeName":"defining_code","children":[{"@type":"C_TERMINOLOGY_CODE","rmTypeName":"CODE_PHRASE","occurrences":"1..1","terminologyId":{"value":"local"},"constraint":["at0023","at0024","at0027"]}]}],"attributeTuples":[]},{"@type":"C_COMPLEX_OBJECT","rmTypeName":"DV_TEXT","attributes":[],"attributeTuples":[]},{"@type":"C_COMPLEX_OBJECT","rmTypeName":"DV_BOOLEAN","attributes":[],"attributeTuples":[]}]}],"attributeTuples":[]},{"@type":"C_COMPLEX_OBJECT","rmTypeName":"ELEMENT","occurrences":"0..0","nodeId":"at0040.5","attributes":[{"@type":"C_ATTRIBUTE","rmAttributeName":"value","children":[{"@type":"C_COMPLEX_OBJECT","rmTypeName":"DV_TEXT","attributes":[],"attributeTuples":[]},{"@type":"C_COMPLEX_OBJECT","rmTypeName":"DV_INTERVAL<DV_DURATION>","attributes":[],"attributeTuples":[]},{"@type":"C_COMPLEX_OBJECT","rmTypeName":"DV_DURATION","attributes":[],"attributeTuples":[]},{"@type":"C_COMPLEX_OBJECT","rmTypeName":"DV_DATE_TIME","attributes":[],"attributeTuples":[]},{"@type":"C_COMPLEX_OBJECT","rmTypeName":"DV_INTERVAL<DV_DATE_TIME>","attributes":[],"attributeTuples":[]}]}],"attributeTuples":[]},{"@type":"C_COMPLEX_OBJECT","rmTypeName":"ELEMENT","occurrences":"0..0","nodeId":"at0025.5","attributes":[],"attributeTuples":[]}]}],"attributeTuples":[]},{"@type":"C_COMPLEX_OBJECT","rmTypeName":"CLUSTER","nodeId":"at0022.6","attributes":[{"@type":"C_ATTRIBUTE","rmAttributeName":"items","children":[{"@type":"C_COMPLEX_OBJECT","rmTypeName":"ELEMENT","nodeId":"at0004.6","attributes":[{"@type":"C_ATTRIBUTE","rmAttributeName":"value","children":[{"@type":"C_COMPLEX_OBJECT","rmTypeName":"DV_CODED_TEXT","occurrences":"1..1","attributes":[{"@type":"C_ATTRIBUTE","rmAttributeName":"defining_code","children":[{"@type":"C_TERMINOLOGY_CODE","rmTypeName":"TERMINOLOGY_CODE","occurrences":"0..1","terminologyId":{"value":"local_termsphq9"},"constraint":[],"selectedTerminologies":["local_termsphq9"],"includedExternalTerminologyCodes":[{"terminologyId":"local_termsphq9","code":"0","value":"Tidak pernah"},{"terminologyId":"local_termsphq9","code":"1","value":"Beberapa hari"},{"terminologyId":"local_termsphq9","code":"2","value":"Lebih dari separuh waktu yang dimaksud"},{"terminologyId":"local_termsphq9","code":"3","value":"Hampir setiap hari"}]}]}],"attributeTuples":[]}]}],"attributeTuples":[]},{"@type":"C_COMPLEX_OBJECT","rmTypeName":"ELEMENT","occurrences":"0..0","nodeId":"at0005.6","attributes":[{"@type":"C_ATTRIBUTE","rmAttributeName":"value","children":[{"@type":"C_COMPLEX_OBJECT","rmTypeName":"DV_CODED_TEXT","attributes":[{"@type":"C_ATTRIBUTE","rmAttributeName":"defining_code","children":[{"@type":"C_TERMINOLOGY_CODE","rmTypeName":"CODE_PHRASE","occurrences":"1..1","terminologyId":{"value":"local"},"constraint":["at0023","at0024","at0027"]}]}],"attributeTuples":[]},{"@type":"C_COMPLEX_OBJECT","rmTypeName":"DV_TEXT","attributes":[],"attributeTuples":[]},{"@type":"C_COMPLEX_OBJECT","rmTypeName":"DV_BOOLEAN","attributes":[],"attributeTuples":[]}]}],"attributeTuples":[]},{"@type":"C_COMPLEX_OBJECT","rmTypeName":"ELEMENT","occurrences":"0..0","nodeId":"at0040.6","attributes":[{"@type":"C_ATTRIBUTE","rmAttributeName":"value","children":[{"@type":"C_COMPLEX_OBJECT","rmTypeName":"DV_TEXT","attributes":[],"attributeTuples":[]},{"@type":"C_COMPLEX_OBJECT","rmTypeName":"DV_INTERVAL<DV_DURATION>","attributes":[],"attributeTuples":[]},{"@type":"C_COMPLEX_OBJECT","rmTypeName":"DV_DURATION","attributes":[],"attributeTuples":[]},{"@type":"C_COMPLEX_OBJECT","rmTypeName":"DV_DATE_TIME","attributes":[],"attributeTuples":[]},{"@type":"C_COMPLEX_OBJECT","rmTypeName":"DV_INTERVAL<DV_DATE_TIME>","attributes":[],"attributeTuples":[]}]}],"attributeTuples":[]},{"@type":"C_COMPLEX_OBJECT","rmTypeName":"ELEMENT","occurrences":"0..0","nodeId":"at0025.6","attributes":[],"attributeTuples":[]}]}],"attributeTuples":[]},{"@type":"C_COMPLEX_OBJECT","rmTypeName":"CLUSTER","nodeId":"at0022.7","attributes":[{"@type":"C_ATTRIBUTE","rmAttributeName":"items","children":[{"@type":"C_COMPLEX_OBJECT","rmTypeName":"ELEMENT","nodeId":"at0004.7","attributes":[{"@type":"C_ATTRIBUTE","rmAttributeName":"value","children":[{"@type":"C_COMPLEX_OBJECT","rmTypeName":"DV_CODED_TEXT","occurrences":"1..1","attributes":[{"@type":"C_ATTRIBUTE","rmAttributeName":"defining_code","children":[{"@type":"C_TERMINOLOGY_CODE","rmTypeName":"TERMINOLOGY_CODE","occurrences":"0..1","terminologyId":{"value":"local_termsphq9"},"constraint":[],"selectedTerminologies":["local_termsphq9"],"includedExternalTerminologyCodes":[{"terminologyId":"local_termsphq9","code":"0","value":"Tidak pernah"},{"terminologyId":"local_termsphq9","code":"1","value":"Beberapa hari"},{"terminologyId":"local_termsphq9","code":"2","value":"Lebih dari separuh waktu yang dimaksud"},{"terminologyId":"local_termsphq9","code":"3","value":"Hampir setiap hari"}]}]}],"attributeTuples":[]}]}],"attributeTuples":[]},{"@type":"C_COMPLEX_OBJECT","rmTypeName":"ELEMENT","occurrences":"0..0","nodeId":"at0005.7","attributes":[{"@type":"C_ATTRIBUTE","rmAttributeName":"value","children":[{"@type":"C_COMPLEX_OBJECT","rmTypeName":"DV_CODED_TEXT","attributes":[{"@type":"C_ATTRIBUTE","rmAttributeName":"defining_code","children":[{"@type":"C_TERMINOLOGY_CODE","rmTypeName":"CODE_PHRASE","occurrences":"1..1","terminologyId":{"value":"local"},"constraint":["at0023","at0024","at0027"]}]}],"attributeTuples":[]},{"@type":"C_COMPLEX_OBJECT","rmTypeName":"DV_TEXT","attributes":[],"attributeTuples":[]},{"@type":"C_COMPLEX_OBJECT","rmTypeName":"DV_BOOLEAN","attributes":[],"attributeTuples":[]}]}],"attributeTuples":[]},{"@type":"C_COMPLEX_OBJECT","rmTypeName":"ELEMENT","occurrences":"0..0","nodeId":"at0040.7","attributes":[{"@type":"C_ATTRIBUTE","rmAttributeName":"value","children":[{"@type":"C_COMPLEX_OBJECT","rmTypeName":"DV_TEXT","attributes":[],"attributeTuples":[]},{"@type":"C_COMPLEX_OBJECT","rmTypeName":"DV_INTERVAL<DV_DURATION>","attributes":[],"attributeTuples":[]},{"@type":"C_COMPLEX_OBJECT","rmTypeName":"DV_DURATION","attributes":[],"attributeTuples":[]},{"@type":"C_COMPLEX_OBJECT","rmTypeName":"DV_DATE_TIME","attributes":[],"attributeTuples":[]},{"@type":"C_COMPLEX_OBJECT","rmTypeName":"DV_INTERVAL<DV_DATE_TIME>","attributes":[],"attributeTuples":[]}]}],"attributeTuples":[]},{"@type":"C_COMPLEX_OBJECT","rmTypeName":"ELEMENT","occurrences":"0..0","nodeId":"at0025.7","attributes":[],"attributeTuples":[]}]}],"attributeTuples":[]},{"@type":"C_COMPLEX_OBJECT","rmTypeName":"CLUSTER","nodeId":"at0022.8","attributes":[{"@type":"C_ATTRIBUTE","rmAttributeName":"items","children":[{"@type":"C_COMPLEX_OBJECT","rmTypeName":"ELEMENT","nodeId":"at0004.8","attributes":[{"@type":"C_ATTRIBUTE","rmAttributeName":"value","children":[{"@type":"C_COMPLEX_OBJECT","rmTypeName":"DV_CODED_TEXT","occurrences":"1..1","attributes":[{"@type":"C_ATTRIBUTE","rmAttributeName":"defining_code","children":[{"@type":"C_TERMINOLOGY_CODE","rmTypeName":"TERMINOLOGY_CODE","occurrences":"0..1","terminologyId":{"value":"local_termsphq9"},"constraint":[],"selectedTerminologies":["local_termsphq9"],"includedExternalTerminologyCodes":[{"terminologyId":"local_termsphq9","code":"0","value":"Tidak pernah"},{"terminologyId":"local_termsphq9","code":"1","value":"Beberapa hari"},{"terminologyId":"local_termsphq9","code":"2","value":"Lebih dari separuh waktu yang dimaksud"},{"terminologyId":"local_termsphq9","code":"3","value":"Hampir setiap hari"}]}]}],"attributeTuples":[]}]}],"attributeTuples":[]},{"@type":"C_COMPLEX_OBJECT","rmTypeName":"ELEMENT","occurrences":"0..0","nodeId":"at0005.8","attributes":[{"@type":"C_ATTRIBUTE","rmAttributeName":"value","children":[{"@type":"C_COMPLEX_OBJECT","rmTypeName":"DV_CODED_TEXT","attributes":[{"@type":"C_ATTRIBUTE","rmAttributeName":"defining_code","children":[{"@type":"C_TERMINOLOGY_CODE","rmTypeName":"CODE_PHRASE","occurrences":"1..1","terminologyId":{"value":"local"},"constraint":["at0023","at0024","at0027"]}]}],"attributeTuples":[]},{"@type":"C_COMPLEX_OBJECT","rmTypeName":"DV_TEXT","attributes":[],"attributeTuples":[]},{"@type":"C_COMPLEX_OBJECT","rmTypeName":"DV_BOOLEAN","attributes":[],"attributeTuples":[]}]}],"attributeTuples":[]},{"@type":"C_COMPLEX_OBJECT","rmTypeName":"ELEMENT","occurrences":"0..0","nodeId":"at0040.8","attributes":[{"@type":"C_ATTRIBUTE","rmAttributeName":"value","children":[{"@type":"C_COMPLEX_OBJECT","rmTypeName":"DV_TEXT","attributes":[],"attributeTuples":[]},{"@type":"C_COMPLEX_OBJECT","rmTypeName":"DV_INTERVAL<DV_DURATION>","attributes":[],"attributeTuples":[]},{"@type":"C_COMPLEX_OBJECT","rmTypeName":"DV_DURATION","attributes":[],"attributeTuples":[]},{"@type":"C_COMPLEX_OBJECT","rmTypeName":"DV_DATE_TIME","attributes":[],"attributeTuples":[]},{"@type":"C_COMPLEX_OBJECT","rmTypeName":"DV_INTERVAL<DV_DATE_TIME>","attributes":[],"attributeTuples":[]}]}],"attributeTuples":[]},{"@type":"C_COMPLEX_OBJECT","rmTypeName":"ELEMENT","occurrences":"0..0","nodeId":"at0025.8","attributes":[],"attributeTuples":[]}]}],"attributeTuples":[]},{"@type":"C_COMPLEX_OBJECT","rmTypeName":"CLUSTER","nodeId":"at0022.10","attributes":[{"@type":"C_ATTRIBUTE","rmAttributeName":"items","children":[{"@type":"C_COMPLEX_OBJECT","rmTypeName":"ELEMENT","nodeId":"at0004.10","attributes":[{"@type":"C_ATTRIBUTE","rmAttributeName":"value","children":[{"@type":"C_COMPLEX_OBJECT","rmTypeName":"DV_CODED_TEXT","occurrences":"1..1","attributes":[{"@type":"C_ATTRIBUTE","rmAttributeName":"defining_code","children":[{"@type":"C_TERMINOLOGY_CODE","rmTypeName":"TERMINOLOGY_CODE","occurrences":"0..1","terminologyId":{"value":"local_termsphq9"},"constraint":[],"selectedTerminologies":["local_termsphq9"],"includedExternalTerminologyCodes":[{"terminologyId":"local_termsphq9","code":"0","value":"Tidak pernah"},{"terminologyId":"local_termsphq9","code":"1","value":"Beberapa hari"},{"terminologyId":"local_termsphq9","code":"2","value":"Lebih dari separuh waktu yang dimaksud"},{"terminologyId":"local_termsphq9","code":"3","value":"Hampir setiap hari"}]}]}],"attributeTuples":[]}]}],"attributeTuples":[]},{"@type":"C_COMPLEX_OBJECT","rmTypeName":"ELEMENT","occurrences":"0..0","nodeId":"at0005.10","attributes":[{"@type":"C_ATTRIBUTE","rmAttributeName":"value","children":[{"@type":"C_COMPLEX_OBJECT","rmTypeName":"DV_CODED_TEXT","attributes":[{"@type":"C_ATTRIBUTE","rmAttributeName":"defining_code","children":[{"@type":"C_TERMINOLOGY_CODE","rmTypeName":"CODE_PHRASE","occurrences":"1..1","terminologyId":{"value":"local"},"constraint":["at0023","at0024","at0027"]}]}],"attributeTuples":[]},{"@type":"C_COMPLEX_OBJECT","rmTypeName":"DV_TEXT","attributes":[],"attributeTuples":[]},{"@type":"C_COMPLEX_OBJECT","rmTypeName":"DV_BOOLEAN","attributes":[],"attributeTuples":[]}]}],"attributeTuples":[]},{"@type":"C_COMPLEX_OBJECT","rmTypeName":"ELEMENT","occurrences":"0..0","nodeId":"at0040.10","attributes":[{"@type":"C_ATTRIBUTE","rmAttributeName":"value","children":[{"@type":"C_COMPLEX_OBJECT","rmTypeName":"DV_TEXT","attributes":[],"attributeTuples":[]},{"@type":"C_COMPLEX_OBJECT","rmTypeName":"DV_INTERVAL<DV_DURATION>","attributes":[],"attributeTuples":[]},{"@type":"C_COMPLEX_OBJECT","rmTypeName":"DV_DURATION","attributes":[],"attributeTuples":[]},{"@type":"C_COMPLEX_OBJECT","rmTypeName":"DV_DATE_TIME","attributes":[],"attributeTuples":[]},{"@type":"C_COMPLEX_OBJECT","rmTypeName":"DV_INTERVAL<DV_DATE_TIME>","attributes":[],"attributeTuples":[]}]}],"attributeTuples":[]},{"@type":"C_COMPLEX_OBJECT","rmTypeName":"ELEMENT","occurrences":"0..0","nodeId":"at0025.10","attributes":[],"attributeTuples":[]}]}],"attributeTuples":[]},{"@type":"C_COMPLEX_OBJECT","rmTypeName":"CLUSTER","nodeId":"at0022.9","attributes":[{"@type":"C_ATTRIBUTE","rmAttributeName":"items","children":[{"@type":"C_COMPLEX_OBJECT","rmTypeName":"ELEMENT","nodeId":"at0004.9","attributes":[{"@type":"C_ATTRIBUTE","rmAttributeName":"value","children":[{"@type":"C_COMPLEX_OBJECT","rmTypeName":"DV_CODED_TEXT","occurrences":"1..1","attributes":[{"@type":"C_ATTRIBUTE","rmAttributeName":"defining_code","children":[{"@type":"C_TERMINOLOGY_CODE","rmTypeName":"TERMINOLOGY_CODE","occurrences":"0..1","terminologyId":{"value":"local_termsphq9KT"},"constraint":[],"selectedTerminologies":["local_termsphq9KT"],"includedExternalTerminologyCodes":[{"terminologyId":"local_termsphq9KT","code":"0","value":"Sangat tidak sulit"},{"terminologyId":"local_termsphq9KT","code":"1","value":"Sedikit sulit"},{"terminologyId":"local_termsphq9KT","code":"2","value":"Sangat sulit"},{"terminologyId":"local_termsphq9KT","code":"3","value":"Luar biasa sulit"}]}]}],"attributeTuples":[]}]}],"attributeTuples":[]},{"@type":"C_COMPLEX_OBJECT","rmTypeName":"ELEMENT","occurrences":"0..0","nodeId":"at0005.9","attributes":[{"@type":"C_ATTRIBUTE","rmAttributeName":"value","children":[{"@type":"C_COMPLEX_OBJECT","rmTypeName":"DV_CODED_TEXT","attributes":[{"@type":"C_ATTRIBUTE","rmAttributeName":"defining_code","children":[{"@type":"C_TERMINOLOGY_CODE","rmTypeName":"CODE_PHRASE","occurrences":"1..1","terminologyId":{"value":"local"},"constraint":["at0023","at0024","at0027"]}]}],"attributeTuples":[]},{"@type":"C_COMPLEX_OBJECT","rmTypeName":"DV_TEXT","attributes":[],"attributeTuples":[]},{"@type":"C_COMPLEX_OBJECT","rmTypeName":"DV_BOOLEAN","attributes":[],"attributeTuples":[]}]}],"attributeTuples":[]},{"@type":"C_COMPLEX_OBJECT","rmTypeName":"ELEMENT","occurrences":"0..0","nodeId":"at0040.9","attributes":[{"@type":"C_ATTRIBUTE","rmAttributeName":"value","children":[{"@type":"C_COMPLEX_OBJECT","rmTypeName":"DV_TEXT","attributes":[],"attributeTuples":[]},{"@type":"C_COMPLEX_OBJECT","rmTypeName":"DV_INTERVAL<DV_DURATION>","attributes":[],"attributeTuples":[]},{"@type":"C_COMPLEX_OBJECT","rmTypeName":"DV_DURATION","attributes":[],"attributeTuples":[]},{"@type":"C_COMPLEX_OBJECT","rmTypeName":"DV_DATE_TIME","attributes":[],"attributeTuples":[]},{"@type":"C_COMPLEX_OBJECT","rmTypeName":"DV_INTERVAL<DV_DATE_TIME>","attributes":[],"attributeTuples":[]}]}],"attributeTuples":[]},{"@type":"C_COMPLEX_OBJECT","rmTypeName":"ELEMENT","occurrences":"0..0","nodeId":"at0025.9","attributes":[],"attributeTuples":[]}]}],"attributeTuples":[]}]}],"attributeTuples":[]}]}],"attributeTuples":[]}]}],"attributeTuples":[]}]}],"attributeTuples":[]},"terminology":{"@type":"ARCHETYPE_TERMINOLOGY","conceptCode":"at0000","termDefinitions":{"en":{"at0000.1":{"@type":"ARCHETYPE_TERM","code":"at0000.1","text":"Selama 2 minggu terakhir, seberapa sering anda terganggu oleh masalah-masalah berikut:","description":"Series of questions and associated answers used to screen for issues, problems or diagnoses.","comment":"The answers may be self-reported."},"at0004.1":{"@type":"ARCHETYPE_TERM","code":"at0004.1","text":"Kurang tertarik atau bergairah dalam melakukan apapun","description":"Identification of an issue, problem or diagnosis, or grouping of issues, problems or diagnoses, by name.","comment":"Coding of the 'Problem/diagnosis name' with a terminology is preferred, where possible."},"at0022.1":{"@type":"ARCHETYPE_TERM","code":"at0022.1","text":"Bergairah","description":"Details about a specific issue, problem or diagnosis or grouping of problems or diagnoses relevant for the screening purpose."},"at0022.2":{"@type":"ARCHETYPE_TERM","code":"at0022.2","text":"Murung","description":"Details about a specific issue, problem or diagnosis or grouping of problems or diagnoses relevant for the screening purpose."},"at0004.2":{"@type":"ARCHETYPE_TERM","code":"at0004.2","text":"Merasa murung, muram, atau putus asa","description":"Identification of an issue, problem or diagnosis, or grouping of issues, problems or diagnoses, by name.","comment":"Coding of the 'Problem/diagnosis name' with a terminology is preferred, where possible."},"at0022.3":{"@type":"ARCHETYPE_TERM","code":"at0022.3","text":"Tidur","description":"Details about a specific issue, problem or diagnosis or grouping of problems or diagnoses relevant for the screening purpose."},"at0004.3":{"@type":"ARCHETYPE_TERM","code":"at0004.3","text":"Sulit tidur atau mudah terbangun, atau terlalu banyak tidur","description":"Identification of an issue, problem or diagnosis, or grouping of issues, problems or diagnoses, by name.","comment":"Coding of the 'Problem/diagnosis name' with a terminology is preferred, where possible."},"at0022.4":{"@type":"ARCHETYPE_TERM","code":"at0022.4","text":"Lelah","description":"Details about a specific issue, problem or diagnosis or grouping of problems or diagnoses relevant for the screening purpose."},"at0004.4":{"@type":"ARCHETYPE_TERM","code":"at0004.4","text":"Merasa lelah atau kurang bertenaga","description":"Identification of an issue, problem or diagnosis, or grouping of issues, problems or diagnoses, by name.","comment":"Coding of the 'Problem/diagnosis name' with a terminology is preferred, where possible."},"at0022.5":{"@type":"ARCHETYPE_TERM","code":"at0022.5","text":"Makan","description":"Details about a specific issue, problem or diagnosis or grouping of problems or diagnoses relevant for the screening purpose."},"at0004.5":{"@type":"ARCHETYPE_TERM","code":"at0004.5","text":"Kurang nafsu makan atau terlalu banyak makan","description":"Identification of an issue, problem or diagnosis, or grouping of issues, problems or diagnoses, by name.","comment":"Coding of the 'Problem/diagnosis name' with a terminology is preferred, where possible."},"at0022.6":{"@type":"ARCHETYPE_TERM","code":"at0022.6","text":"Percaya Diri","description":"Details about a specific issue, problem or diagnosis or grouping of problems or diagnoses relevant for the screening purpose."},"at0004.6":{"@type":"ARCHETYPE_TERM","code":"at0004.6","text":"Kurang percaya diri − atau merasa bahwa Anda adalah orang yang gagal atau lelah mengecewakan diri sendiri atau keluarga","description":"Identification of an issue, problem or diagnosis, or grouping of issues, problems or diagnoses, by name.","comment":"Coding of the 'Problem/diagnosis name' with a terminology is preferred, where possible."},"at0022.7":{"@type":"ARCHETYPE_TERM","code":"at0022.7","text":"Konsentrasi","description":"Details about a specific issue, problem or diagnosis or grouping of problems or diagnoses relevant for the screening purpose."},"at0004.7":{"@type":"ARCHETYPE_TERM","code":"at0004.7","text":"Sulit berkonsentrasi pada sesuatu, misalnya membaca koran atau menonton televisi","description":"Identification of an issue, problem or diagnosis, or grouping of issues, problems or diagnoses, by name.","comment":"Coding of the 'Problem/diagnosis name' with a terminology is preferred, where possible."},"at0022.8":{"@type":"ARCHETYPE_TERM","code":"at0022.8","text":"Lambat","description":"Details about a specific issue, problem or diagnosis or grouping of problems or diagnoses relevant for the screening purpose."},"at0004.8":{"@type":"ARCHETYPE_TERM","code":"at0004.8","text":"Bergerak atau berbicara sangat lambat sehingga orang lain memperhatikannya. Atau sebaliknya − merasa resah atau gelisah sehingga Anda lebih sering bergerak dari biasanya","description":"Identification of an issue, problem or diagnosis, or grouping of issues, problems or diagnoses, by name.","comment":"Coding of the 'Problem/diagnosis name' with a terminology is preferred, where possible."},"at0022.9":{"@type":"ARCHETYPE_TERM","code":"at0022.9","text":"Keterangan Tambahan","description":"Details about a specific issue, problem or diagnosis or grouping of problems or diagnoses relevant for the screening purpose."},"at0004.9":{"@type":"ARCHETYPE_TERM","code":"at0004.9","text":"Jika Anda mencentang salah satu masalah, seberapa besar kesulitan yang ditimbulkan karenanya dalam melakukan pekerjaan, mengurus pekerjaan rumah tangga, atau bergaul dengan orang lain?","description":"Identification of an issue, problem or diagnosis, or grouping of issues, problems or diagnoses, by name.","comment":"Coding of the 'Problem/diagnosis name' with a terminology is preferred, where possible."},"at0022.10":{"@type":"ARCHETYPE_TERM","code":"at0022.10","text":"Bunuh Diri","description":"Details about a specific issue, problem or diagnosis or grouping of problems or diagnoses relevant for the screening purpose."},"at0004.10":{"@type":"ARCHETYPE_TERM","code":"at0004.10","text":"Merasa lebih baik mati atau ingin melukai diri sendiri dengan cara apapun","description":"Identification of an issue, problem or diagnosis, or grouping of issues, problems or diagnoses, by name.","comment":"Coding of the 'Problem/diagnosis name' with a terminology is preferred, where possible."}},"nb":{"at0022.2":{"@type":"ARCHETYPE_TERM","code":"at0022.1","text":"Spesifikt problem eller diagnose (2)","description":"Detaljer om en spesifikt bekymring, plage, problem eller diagnose eller gruppe av bekymringer, plager, problemer eller diagnoser som er innenfor kartleggingsformålet."},"at0022.3":{"@type":"ARCHETYPE_TERM","code":"at0022.1","text":"Spesifikt problem eller diagnose (3)","description":"Detaljer om en spesifikt bekymring, plage, problem eller diagnose eller gruppe av bekymringer, plager, problemer eller diagnoser som er innenfor kartleggingsformålet."},"at0022.4":{"@type":"ARCHETYPE_TERM","code":"at0022.1","text":"Spesifikt problem eller diagnose (4)","description":"Detaljer om en spesifikt bekymring, plage, problem eller diagnose eller gruppe av bekymringer, plager, problemer eller diagnoser som er innenfor kartleggingsformålet."},"at0022.5":{"@type":"ARCHETYPE_TERM","code":"at0022.1","text":"Spesifikt problem eller diagnose (5)","description":"Detaljer om en spesifikt bekymring, plage, problem eller diagnose eller gruppe av bekymringer, plager, problemer eller diagnoser som er innenfor kartleggingsformålet."},"at0022.6":{"@type":"ARCHETYPE_TERM","code":"at0022.1","text":"Spesifikt problem eller diagnose (6)","description":"Detaljer om en spesifikt bekymring, plage, problem eller diagnose eller gruppe av bekymringer, plager, problemer eller diagnoser som er innenfor kartleggingsformålet."},"at0022.7":{"@type":"ARCHETYPE_TERM","code":"at0022.1","text":"Spesifikt problem eller diagnose (7)","description":"Detaljer om en spesifikt bekymring, plage, problem eller diagnose eller gruppe av bekymringer, plager, problemer eller diagnoser som er innenfor kartleggingsformålet."},"at0022.8":{"@type":"ARCHETYPE_TERM","code":"at0022.1","text":"Spesifikt problem eller diagnose (8)","description":"Detaljer om en spesifikt bekymring, plage, problem eller diagnose eller gruppe av bekymringer, plager, problemer eller diagnoser som er innenfor kartleggingsformålet."},"at0022.9":{"@type":"ARCHETYPE_TERM","code":"at0022.1","text":"Spesifikt problem eller diagnose (9)","description":"Detaljer om en spesifikt bekymring, plage, problem eller diagnose eller gruppe av bekymringer, plager, problemer eller diagnoser som er innenfor kartleggingsformålet."},"at0022.10":{"@type":"ARCHETYPE_TERM","code":"at0022.1","text":"Spesifikt problem eller diagnose (10)","description":"Detaljer om en spesifikt bekymring, plage, problem eller diagnose eller gruppe av bekymringer, plager, problemer eller diagnoser som er innenfor kartleggingsformålet."}},"de":{"at0022.2":{"@type":"ARCHETYPE_TERM","code":"at0022.1","text":"Bestimmter Zustand (2)","description":"*Details about a specific issue, problem or diagnosis or grouping of problems or diagnoses relevant for the screening purpose. (en)"},"at0022.3":{"@type":"ARCHETYPE_TERM","code":"at0022.1","text":"Bestimmter Zustand (3)","description":"*Details about a specific issue, problem or diagnosis or grouping of problems or diagnoses relevant for the screening purpose. (en)"},"at0022.4":{"@type":"ARCHETYPE_TERM","code":"at0022.1","text":"Bestimmter Zustand (4)","description":"*Details about a specific issue, problem or diagnosis or grouping of problems or diagnoses relevant for the screening purpose. (en)"},"at0022.5":{"@type":"ARCHETYPE_TERM","code":"at0022.1","text":"Bestimmter Zustand (5)","description":"*Details about a specific issue, problem or diagnosis or grouping of problems or diagnoses relevant for the screening purpose. (en)"},"at0022.6":{"@type":"ARCHETYPE_TERM","code":"at0022.1","text":"Bestimmter Zustand (6)","description":"*Details about a specific issue, problem or diagnosis or grouping of problems or diagnoses relevant for the screening purpose. (en)"},"at0022.7":{"@type":"ARCHETYPE_TERM","code":"at0022.1","text":"Bestimmter Zustand (7)","description":"*Details about a specific issue, problem or diagnosis or grouping of problems or diagnoses relevant for the screening purpose. (en)"},"at0022.8":{"@type":"ARCHETYPE_TERM","code":"at0022.1","text":"Bestimmter Zustand (8)","description":"*Details about a specific issue, problem or diagnosis or grouping of problems or diagnoses relevant for the screening purpose. (en)"},"at0022.9":{"@type":"ARCHETYPE_TERM","code":"at0022.1","text":"Bestimmter Zustand (9)","description":"*Details about a specific issue, problem or diagnosis or grouping of problems or diagnoses relevant for the screening purpose. (en)"},"at0022.10":{"@type":"ARCHETYPE_TERM","code":"at0022.1","text":"Bestimmter Zustand (10)","description":"*Details about a specific issue, problem or diagnosis or grouping of problems or diagnoses relevant for the screening purpose. (en)"}},"nl":{"at0022.2":{"@type":"ARCHETYPE_TERM","code":"at0022.1","text":"*Specifieke aandoening (2)","description":"*Details about a specific issue, problem or diagnosis or grouping of problems or diagnoses relevant for the screening purpose. (en)"},"at0022.3":{"@type":"ARCHETYPE_TERM","code":"at0022.1","text":"*Specifieke aandoening (3)","description":"*Details about a specific issue, problem or diagnosis or grouping of problems or diagnoses relevant for the screening purpose. (en)"},"at0022.4":{"@type":"ARCHETYPE_TERM","code":"at0022.1","text":"*Specifieke aandoening (4)","description":"*Details about a specific issue, problem or diagnosis or grouping of problems or diagnoses relevant for the screening purpose. (en)"},"at0022.5":{"@type":"ARCHETYPE_TERM","code":"at0022.1","text":"*Specifieke aandoening (5)","description":"*Details about a specific issue, problem or diagnosis or grouping of problems or diagnoses relevant for the screening purpose. (en)"},"at0022.6":{"@type":"ARCHETYPE_TERM","code":"at0022.1","text":"*Specifieke aandoening (6)","description":"*Details about a specific issue, problem or diagnosis or grouping of problems or diagnoses relevant for the screening purpose. (en)"},"at0022.7":{"@type":"ARCHETYPE_TERM","code":"at0022.1","text":"*Specifieke aandoening (7)","description":"*Details about a specific issue, problem or diagnosis or grouping of problems or diagnoses relevant for the screening purpose. (en)"},"at0022.8":{"@type":"ARCHETYPE_TERM","code":"at0022.1","text":"*Specifieke aandoening (8)","description":"*Details about a specific issue, problem or diagnosis or grouping of problems or diagnoses relevant for the screening purpose. (en)"},"at0022.9":{"@type":"ARCHETYPE_TERM","code":"at0022.1","text":"*Specifieke aandoening (9)","description":"*Details about a specific issue, problem or diagnosis or grouping of problems or diagnoses relevant for the screening purpose. (en)"},"at0022.10":{"@type":"ARCHETYPE_TERM","code":"at0022.1","text":"*Specifieke aandoening (10)","description":"*Details about a specific issue, problem or diagnosis or grouping of problems or diagnoses relevant for the screening purpose. (en)"}}},"termBindings":{"SNOMED-CT":{}},"terminologyExtracts":{},"valueSets":{}},"adlVersion":"1.4","buildUid":"df0ef912-a426-44ac-891d-b3e2f9222ef7","rmName":"openehr","rmRelease":"1.1.0","generated":true,"otherMetaData":{},"originalLanguage":{"terminologyId":{"value":"ISO_639-1"},"codeString":"en"},"translations":[{"@type":"TRANSLATION_DETAILS","language":{"terminologyId":{"value":"ISO_639-1"},"codeString":"de"},"author":{"name":"Natalia Strauch","organisation":"Medizinische Hochschule Hannover","email":"Strauch.Natalia@mh-hannover.de"},"otherDetails":{}},{"@type":"TRANSLATION_DETAILS","language":{"terminologyId":{"value":"ISO_639-1"},"codeString":"nb"},"author":{"name":"Marit Alice Venheim, Silje Ljosland Bakke, John Tore Valand","organisation":"Helse Vest IKT, Helse Vest IKT AS, Helse Bergen","email":"marit.alice.venheim@helse-vest-ikt.no, silje.ljosland.bakke@helse-vest-ikt.no, john.tore.valand@helse-bergen.no, john.tore.valand@helse-vest-ikt.no"},"otherDetails":{}},{"@type":"TRANSLATION_DETAILS","language":{"terminologyId":{"value":"ISO_639-1"},"codeString":"nl"},"author":{"name":"Martijn van Eenennaam","organisation":"Nedap Healthcare","email":"martijn.vaneenennaam@nedap.com"},"otherDetails":{}}]}],"originalLanguage":{"terminologyId":{"value":"ISO_639-1"},"codeString":"en"},"translations":[{"@type":"TRANSLATION_DETAILS","language":{"terminologyId":{"value":"ISO_639-1"},"codeString":"de"},"author":{},"otherDetails":{}},{"@type":"TRANSLATION_DETAILS","language":{"terminologyId":{"value":"ISO_639-1"},"codeString":"sv"},"author":{},"otherDetails":{}},{"@type":"TRANSLATION_DETAILS","language":{"terminologyId":{"value":"ISO_639-1"},"codeString":"fi"},"author":{},"otherDetails":{}},{"@type":"TRANSLATION_DETAILS","language":{"terminologyId":{"value":"ISO_639-1"},"codeString":"es-ar"},"author":{},"otherDetails":{}},{"@type":"TRANSLATION_DETAILS","language":{"terminologyId":{"value":"ISO_639-1"},"codeString":"ko"},"author":{},"otherDetails":{}},{"@type":"TRANSLATION_DETAILS","language":{"terminologyId":{"value":"ISO_639-1"},"codeString":"nb"},"author":{},"otherDetails":{}},{"@type":"TRANSLATION_DETAILS","language":{"terminologyId":{"value":"ISO_639-1"},"codeString":"pt-br"},"author":{},"otherDetails":{}},{"@type":"TRANSLATION_DETAILS","language":{"terminologyId":{"value":"ISO_639-1"},"codeString":"ar-sy"},"author":{},"otherDetails":{}},{"@type":"TRANSLATION_DETAILS","language":{"terminologyId":{"value":"ISO_639-1"},"codeString":"it"},"author":{},"otherDetails":{}},{"@type":"TRANSLATION_DETAILS","language":{"terminologyId":{"value":"ISO_639-1"},"codeString":"fr"},"author":{},"otherDetails":{}},{"@type":"TRANSLATION_DETAILS","language":{"terminologyId":{"value":"ISO_639-1"},"codeString":"es"},"author":{},"otherDetails":{}},{"@type":"TRANSLATION_DETAILS","language":{"terminologyId":{"value":"ISO_639-1"},"codeString":"nl"},"author":{},"otherDetails":{}}]}