{"@type":"TEMPLATE","uid":"bb312129-edff-49b4-ac6d-564953934a37","description":{"@type":"RESOURCE_DESCRIPTION","originalAuthor":{"date":"2022-11-08"},"otherContributors":[],"lifecycleState":{"codeString":"unmanaged"},"ipAcknowledgements":{},"references":{},"conversionDetails":{},"otherDetails":{"licence":"","custodian_organisation":"","original_namespace":"","original_publisher":"","custodian_namespace":"","sem_ver":"1.3.0","build_uid":"8862143f-5cbf-43c3-84b4-d51c72817ba4","MD5-CAM-1.0.1":"84aa41d0d13fd07fff4a980c2e2f2b0c","PARENT:MD5-CAM-1.0.1":"8F3156560D39B12C8362DF26A4C575BD"},"details":{"de":{"@type":"RESOURCE_DESCRIPTION_ITEM","language":{"terminologyId":{"value":"ISO_639-1"},"codeString":"de"},"keywords":[],"originalResourceUri":{},"otherDetails":{}},"fi":{"@type":"RESOURCE_DESCRIPTION_ITEM","language":{"terminologyId":{"value":"ISO_639-1"},"codeString":"fi"},"keywords":[],"originalResourceUri":{},"otherDetails":{}},"sv":{"@type":"RESOURCE_DESCRIPTION_ITEM","language":{"terminologyId":{"value":"ISO_639-1"},"codeString":"sv"},"keywords":[],"originalResourceUri":{},"otherDetails":{}},"ko":{"@type":"RESOURCE_DESCRIPTION_ITEM","language":{"terminologyId":{"value":"ISO_639-1"},"codeString":"ko"},"keywords":[],"originalResourceUri":{},"otherDetails":{}},"pt-br":{"@type":"RESOURCE_DESCRIPTION_ITEM","language":{"terminologyId":{"value":"ISO_639-1"},"codeString":"pt-br"},"keywords":[],"originalResourceUri":{},"otherDetails":{}},"en":{"@type":"RESOURCE_DESCRIPTION_ITEM","language":{"terminologyId":{"value":"ISO_639-1"},"codeString":"en"},"purpose":"Form untuk mencatat data organ jantung yang mempunyai hubungan risiko dengan dm pada anak","keywords":[],"originalResourceUri":{},"otherDetails":{}},"ar-sy":{"@type":"RESOURCE_DESCRIPTION_ITEM","language":{"terminologyId":{"value":"ISO_639-1"},"codeString":"ar-sy"},"keywords":[],"originalResourceUri":{},"otherDetails":{}},"it":{"@type":"RESOURCE_DESCRIPTION_ITEM","language":{"terminologyId":{"value":"ISO_639-1"},"codeString":"it"},"keywords":[],"originalResourceUri":{},"otherDetails":{}},"fr":{"@type":"RESOURCE_DESCRIPTION_ITEM","language":{"terminologyId":{"value":"ISO_639-1"},"codeString":"fr"},"keywords":[],"originalResourceUri":{},"otherDetails":{}},"es":{"@type":"RESOURCE_DESCRIPTION_ITEM","language":{"terminologyId":{"value":"ISO_639-1"},"codeString":"es"},"keywords":[],"originalResourceUri":{},"otherDetails":{}},"nb":{"@type":"RESOURCE_DESCRIPTION_ITEM","language":{"terminologyId":{"value":"ISO_639-1"},"codeString":"nb"},"keywords":[],"originalResourceUri":{},"otherDetails":{}},"es-ar":{"@type":"RESOURCE_DESCRIPTION_ITEM","language":{"terminologyId":{"value":"ISO_639-1"},"codeString":"es-ar"},"keywords":[],"originalResourceUri":{},"otherDetails":{}},"nl":{"@type":"RESOURCE_DESCRIPTION_ITEM","language":{"terminologyId":{"value":"ISO_639-1"},"codeString":"nl"},"keywords":[],"originalResourceUri":{},"otherDetails":{}}}},"parentArchetypeId":"openEHR-EHR-COMPOSITION.encounter.v1","differential":true,"archetypeId":{"@type":"ARCHETYPE_HRID","value":"openEHR-EHR-COMPOSITION.t_encounter.v1"},"definition":{"@type":"C_COMPLEX_OBJECT","rmTypeName":"COMPOSITION","nodeId":"at0000.1","attributes":[{"@type":"C_ATTRIBUTE","rmAttributeName":"context","children":[{"@type":"C_COMPLEX_OBJECT","rmTypeName":"EVENT_CONTEXT","attributes":[],"attributeTuples":[]}]},{"@type":"C_ATTRIBUTE","rmAttributeName":"content","existence":"0..1","cardinality":{"@type":"CARDINALITY","interval":"1..*","ordered":false,"unique":false},"children":[{"@type":"C_ARCHETYPE_ROOT","rmTypeName":"SECTION","occurrences":"0..1","nodeId":"at0.2","attributes":[],"attributeTuples":[],"archetypeRef":"DM-Kardiologi-Echocardiography","referenceType":"templateId"},{"@type":"C_ARCHETYPE_ROOT","rmTypeName":"SECTION","occurrences":"0..1","nodeId":"at0.4","attributes":[],"attributeTuples":[],"archetypeRef":"DM-Kardiologi-Heart Rate Variability","referenceType":"templateId"}]}],"attributeTuples":[]},"terminology":{"@type":"ARCHETYPE_TERMINOLOGY","conceptCode":"at0000","termDefinitions":{"ar-sy":{"at0000.1":{"@type":"ARCHETYPE_TERM","code":"at0000.1","text":"MetabolicDiseases-(DiabetesMellitus)-PemeriksaanKardiologi-v0.0.0","description":"*Interaction, contact or care event between a subject of care and healthcare provider(s).(en)"}},"en":{"at0000.1":{"@type":"ARCHETYPE_TERM","code":"at0000.1","text":"MetabolicDiseases-(DiabetesMellitusAnak)-PemeriksaanKardiologi-v2","description":"Interaction, contact or care event between a subject of care and healthcare provider(s)."}},"es-ar":{"at0000.1":{"@type":"ARCHETYPE_TERM","code":"at0000.1","text":"MetabolicDiseases-(DiabetesMellitus)-PemeriksaanKardiologi-v0.0.0","description":"Interacción, contacto o evento de cuidados entre un sujeto de cuidados y uno o más proveedores de cuidados de la salud."}},"ko":{"at0000.1":{"@type":"ARCHETYPE_TERM","code":"at0000.1","text":"MetabolicDiseases-(DiabetesMellitus)-PemeriksaanKardiologi-v0.0.0","description":"*Interaction, contact or care event between a subject of care and healthcare provider(s).(en)"}},"pt-br":{"at0000.1":{"@type":"ARCHETYPE_TERM","code":"at0000.1","text":"MetabolicDiseases-(DiabetesMellitus)-PemeriksaanKardiologi-v0.0.0","description":"Interação, contato ou cuidado entre o sujeito do cuidado e profissional(is) de saúde."}},"es":{"at0000.1":{"@type":"ARCHETYPE_TERM","code":"at0000.1","text":"MetabolicDiseases-(DiabetesMellitus)-PemeriksaanKardiologi-v0.0.0","description":"Interacción, contacto o evento de cuidado entre un paciente y un proveedor de salud."}},"nl":{"at0000.1":{"@type":"ARCHETYPE_TERM","code":"at0000.1","text":"MetabolicDiseases-(DiabetesMellitus)-PemeriksaanKardiologi-v0.0.0","description":"Interactie, contact of zorggebeurtenis tussen een onderwerp van zorg en zorgverlener(s)."}},"sv":{"at0000.1":{"@type":"ARCHETYPE_TERM","code":"at0000.1","text":"MetabolicDiseases-(DiabetesMellitus)-PemeriksaanKardiologi-v0.0.0","description":"Interaktion, kontakt eller vårdhändelse mellan vårdtagare och vårdgivare inom hälso- och sjukvården."}},"de":{"at0000.1":{"@type":"ARCHETYPE_TERM","code":"at0000.1","text":"MetabolicDiseases-(DiabetesMellitus)-PemeriksaanKardiologi-v0.0.0","description":"Interaktion, Kontakt oder Versorgungsereignis, zwischen einem Versorgungsempfänger und einem Gesundheitsdienstleister."}},"fi":{"at0000.1":{"@type":"ARCHETYPE_TERM","code":"at0000.1","text":"MetabolicDiseases-(DiabetesMellitus)-PemeriksaanKardiologi-v0.0.0","description":"Hoitohenkilön ja terveydenhuollon tarjoajan välinen vuorovaikutus, kontakti- tai hoitotapahtuma."}},"it":{"at0000.1":{"@type":"ARCHETYPE_TERM","code":"at0000.1","text":"MetabolicDiseases-(DiabetesMellitus)-PemeriksaanKardiologi-v0.0.0","description":"Interazione, contatto o evento di cura tra un soggetto di cura e il/i fornitore/i di assistenza sanitaria."}},"fr":{"at0000.1":{"@type":"ARCHETYPE_TERM","code":"at0000.1","text":"MetabolicDiseases-(DiabetesMellitus)-PemeriksaanKardiologi-v0.0.0","description":"Interaction, contact ou événement de soins entre un sujet de soins et un ou des prestataires de soins."}},"nb":{"at0000.1":{"@type":"ARCHETYPE_TERM","code":"at0000.1","text":"MetabolicDiseases-(DiabetesMellitus)-PemeriksaanKardiologi-v0.0.0","description":"Interaksjon, kontakt eller omsorgshendelse mellom et individ og helsepersonell."}}},"termBindings":{},"terminologyExtracts":{},"valueSets":{}},"adlVersion":"1.4","buildUid":"ed2cc0eb-c508-3e66-a7bc-0e3f3e3f196f","rmName":"openehr","rmRelease":"1.1.0","generated":true,"templateId":"MetabolicDiseases-(DiabetesMellitusAnak)-PemeriksaanKardiologi-v2","otherMetaData":{},"templateOverlays":[],"originalLanguage":{"terminologyId":{"value":"ISO_639-1"},"codeString":"en"},"translations":[{"@type":"TRANSLATION_DETAILS","language":{"terminologyId":{"value":"ISO_639-1"},"codeString":"de"},"author":{},"otherDetails":{}},{"@type":"TRANSLATION_DETAILS","language":{"terminologyId":{"value":"ISO_639-1"},"codeString":"sv"},"author":{},"otherDetails":{}},{"@type":"TRANSLATION_DETAILS","language":{"terminologyId":{"value":"ISO_639-1"},"codeString":"fi"},"author":{},"otherDetails":{}},{"@type":"TRANSLATION_DETAILS","language":{"terminologyId":{"value":"ISO_639-1"},"codeString":"es-ar"},"author":{},"otherDetails":{}},{"@type":"TRANSLATION_DETAILS","language":{"terminologyId":{"value":"ISO_639-1"},"codeString":"ko"},"author":{},"otherDetails":{}},{"@type":"TRANSLATION_DETAILS","language":{"terminologyId":{"value":"ISO_639-1"},"codeString":"nb"},"author":{},"otherDetails":{}},{"@type":"TRANSLATION_DETAILS","language":{"terminologyId":{"value":"ISO_639-1"},"codeString":"pt-br"},"author":{},"otherDetails":{}},{"@type":"TRANSLATION_DETAILS","language":{"terminologyId":{"value":"ISO_639-1"},"codeString":"ar-sy"},"author":{},"otherDetails":{}},{"@type":"TRANSLATION_DETAILS","language":{"terminologyId":{"value":"ISO_639-1"},"codeString":"it"},"author":{},"otherDetails":{}},{"@type":"TRANSLATION_DETAILS","language":{"terminologyId":{"value":"ISO_639-1"},"codeString":"fr"},"author":{},"otherDetails":{}},{"@type":"TRANSLATION_DETAILS","language":{"terminologyId":{"value":"ISO_639-1"},"codeString":"es"},"author":{},"otherDetails":{}},{"@type":"TRANSLATION_DETAILS","language":{"terminologyId":{"value":"ISO_639-1"},"codeString":"nl"},"author":{},"otherDetails":{}}]}