{
  "@type" : "TEMPLATE",
  "uid" : "8aba720d-7f58-4d29-b72d-46287b2121c7",
  "description" : {
    "@type" : "RESOURCE_DESCRIPTION",
    "originalAuthor" : {
      "name" : "Heather Leslie",
      "organisation" : "Atomica Informatics",
      "email" : "heather.leslie@atomicainformatics.com",
      "date" : "2022-03-18"
    },
    "otherContributors" : [ ],
    "lifecycleState" : {
      "codeString" : "unmanaged"
    },
    "ipAcknowledgements" : { },
    "references" : { },
    "conversionDetails" : { },
    "otherDetails" : {
      "licence" : "",
      "custodian_organisation" : "",
      "original_namespace" : "",
      "original_publisher" : "",
      "custodian_namespace" : "",
      "sem_ver" : "0.1.0",
      "build_uid" : "",
      "original_language" : "ISO_639-1::en",
      "MD5-CAM-1.0.1" : "a2956f8e0605f59db6e8213cd9b58f83"
    },
    "details" : {
      "en" : {
        "@type" : "RESOURCE_DESCRIPTION_ITEM",
        "language" : {
          "terminologyId" : {
            "value" : "ISO_639-1"
          },
          "codeString" : "en"
        },
        "originalResourceUri" : { },
        "otherDetails" : { }
      },
      "de" : {
        "@type" : "RESOURCE_DESCRIPTION_ITEM",
        "language" : {
          "terminologyId" : {
            "value" : "ISO_639-1"
          },
          "codeString" : "de"
        },
        "originalResourceUri" : { },
        "otherDetails" : {
          "notes" : "Generated automatically by Adl Designer"
        }
      },
      "nb" : {
        "@type" : "RESOURCE_DESCRIPTION_ITEM",
        "language" : {
          "terminologyId" : {
            "value" : "ISO_639-1"
          },
          "codeString" : "nb"
        },
        "originalResourceUri" : { },
        "otherDetails" : {
          "notes" : "Generated automatically by Adl Designer"
        }
      }
    }
  },
  "parentArchetypeId" : "openEHR-EHR-CLUSTER.structured_name.v0",
  "differential" : true,
  "archetypeId" : {
    "@type" : "ARCHETYPE_HRID",
    "value" : "openEHR-EHR-CLUSTER.t_structured_name.v0"
  },
  "definition" : {
    "@type" : "C_COMPLEX_OBJECT",
    "rmTypeName" : "CLUSTER",
    "nodeId" : "at0000.1",
    "attributes" : [ {
      "@type" : "C_ATTRIBUTE",
      "rmAttributeName" : "items",
      "children" : [ {
        "@type" : "C_COMPLEX_OBJECT",
        "rmTypeName" : "ELEMENT",
        "nodeId" : "at0002.1",
        "attributes" : [ ],
        "attributeTuples" : [ ]
      }, {
        "@type" : "C_COMPLEX_OBJECT",
        "rmTypeName" : "ELEMENT",
        "nodeId" : "at0002.2",
        "attributes" : [ ],
        "attributeTuples" : [ ]
      }, {
        "@type" : "C_COMPLEX_OBJECT",
        "rmTypeName" : "ELEMENT",
        "nodeId" : "at0002.3",
        "attributes" : [ ],
        "attributeTuples" : [ ]
      } ]
    } ],
    "attributeTuples" : [ ]
  },
  "terminology" : {
    "@type" : "ARCHETYPE_TERMINOLOGY",
    "conceptCode" : "at0000",
    "termDefinitions" : {
      "en" : {
        "at0000.1" : {
          "@type" : "ARCHETYPE_TERM",
          "code" : "at0000.1",
          "text" : "Middle name and nickname",
          "description" : "Discrete components of an individual's name."
        },
        "at0002.1" : {
          "@type" : "ARCHETYPE_TERM",
          "code" : "at0002.1",
          "text" : "First name",
          "description" : "The person's identifying first name(s) within the family group or by which they are uniquely socially identified.",
          "comment" : "Occurrences for this data element are set to 0..* to allow for more than one Given name to be recorded. In addition, this data element may be cloned and renamed within a template to allow discrete recording of 'First name', 'Middle name' and 'Nickname' or similar types of given names, as required for a specific use case."
        },
        "at0002.2" : {
          "@type" : "ARCHETYPE_TERM",
          "code" : "at0002.2",
          "text" : "Middle name",
          "description" : "The person's identifying first name(s) within the family group or by which they are uniquely socially identified.",
          "comment" : "Occurrences for this data element are set to 0..* to allow for more than one Given name to be recorded. In addition, this data element may be cloned and renamed within a template to allow discrete recording of 'First name', 'Middle name' and 'Nickname' or similar types of given names, as required for a specific use case."
        },
        "at0002.3" : {
          "@type" : "ARCHETYPE_TERM",
          "code" : "at0002.3",
          "text" : "Nickname",
          "description" : "The person's identifying first name(s) within the family group or by which they are uniquely socially identified.",
          "comment" : "Occurrences for this data element are set to 0..* to allow for more than one Given name to be recorded. In addition, this data element may be cloned and renamed within a template to allow discrete recording of 'First name', 'Middle name' and 'Nickname' or similar types of given names, as required for a specific use case."
        }
      },
      "de" : {
        "at0000.1" : {
          "@type" : "ARCHETYPE_TERM",
          "code" : "at0000.1",
          "text" : "Middle name and nickname",
          "description" : "Details zu den einzelnen Komponenten des Namens einer Person zur Verwendung in einer Gesundheitsakte."
        },
        "at0002.1" : {
          "@type" : "ARCHETYPE_TERM",
          "code" : "at0002.1",
          "text" : "First name",
          "description" : "Der/die identifizierende(n) Vorname(n) der Person innerhalb der Familiengruppe oder durch die sie sozial eindeutig identifiziert wird.",
          "comment" : "Dieses Datenelement kann in einer Vorlage geklont und umbenannt werden, um eine diskrete Aufzeichnung von „Vorname“, „Zweitname“ und „Spitzname“ oder ähnlichen Arten von Vornamen zu ermöglichen, wie dies für einen bestimmten Anwendungsfall erforderlich ist."
        },
        "at0002.2" : {
          "@type" : "ARCHETYPE_TERM",
          "code" : "at0002.2",
          "text" : "Middle name",
          "description" : "Der/die identifizierende(n) Vorname(n) der Person innerhalb der Familiengruppe oder durch die sie sozial eindeutig identifiziert wird.",
          "comment" : "Dieses Datenelement kann in einer Vorlage geklont und umbenannt werden, um eine diskrete Aufzeichnung von „Vorname“, „Zweitname“ und „Spitzname“ oder ähnlichen Arten von Vornamen zu ermöglichen, wie dies für einen bestimmten Anwendungsfall erforderlich ist."
        },
        "at0002.3" : {
          "@type" : "ARCHETYPE_TERM",
          "code" : "at0002.3",
          "text" : "Nickname",
          "description" : "Der/die identifizierende(n) Vorname(n) der Person innerhalb der Familiengruppe oder durch die sie sozial eindeutig identifiziert wird.",
          "comment" : "Dieses Datenelement kann in einer Vorlage geklont und umbenannt werden, um eine diskrete Aufzeichnung von „Vorname“, „Zweitname“ und „Spitzname“ oder ähnlichen Arten von Vornamen zu ermöglichen, wie dies für einen bestimmten Anwendungsfall erforderlich ist."
        }
      },
      "nb" : {
        "at0000.1" : {
          "@type" : "ARCHETYPE_TERM",
          "code" : "at0000.1",
          "text" : "Middle name and nickname",
          "description" : "Detaljer om de ulike komponentene i en person sitt navn."
        },
        "at0002.1" : {
          "@type" : "ARCHETYPE_TERM",
          "code" : "at0002.1",
          "text" : "First name",
          "description" : "Fornavn er det første navnet som identifiserer en person i en familie, eller som unikt identifiserer vedkommende i sosiale settinger.",
          "comment" : "Forekomster for dette dataelementet er satt til 0..* slik at mer en ett \"Fornavn\" kan registreres. I tillegg kan dette dataelementet klones og gis et nytt navn i et templat for å tillate registrering av \"Fornavn\", \"Mellomnavn\" og \"Kallenavn\" eller liknende typer fornavn, som kreves for et spesifikt brukstilfelle.\r\n\r\nPå engelsk er fornavn kjent som en del av \"Given name\"."
        },
        "at0002.2" : {
          "@type" : "ARCHETYPE_TERM",
          "code" : "at0002.2",
          "text" : "Middle name",
          "description" : "Fornavn er det første navnet som identifiserer en person i en familie, eller som unikt identifiserer vedkommende i sosiale settinger.",
          "comment" : "Forekomster for dette dataelementet er satt til 0..* slik at mer en ett \"Fornavn\" kan registreres. I tillegg kan dette dataelementet klones og gis et nytt navn i et templat for å tillate registrering av \"Fornavn\", \"Mellomnavn\" og \"Kallenavn\" eller liknende typer fornavn, som kreves for et spesifikt brukstilfelle.\r\n\r\nPå engelsk er fornavn kjent som en del av \"Given name\"."
        },
        "at0002.3" : {
          "@type" : "ARCHETYPE_TERM",
          "code" : "at0002.3",
          "text" : "Nickname",
          "description" : "Fornavn er det første navnet som identifiserer en person i en familie, eller som unikt identifiserer vedkommende i sosiale settinger.",
          "comment" : "Forekomster for dette dataelementet er satt til 0..* slik at mer en ett \"Fornavn\" kan registreres. I tillegg kan dette dataelementet klones og gis et nytt navn i et templat for å tillate registrering av \"Fornavn\", \"Mellomnavn\" og \"Kallenavn\" eller liknende typer fornavn, som kreves for et spesifikt brukstilfelle.\r\n\r\nPå engelsk er fornavn kjent som en del av \"Given name\"."
        }
      }
    },
    "termBindings" : { },
    "terminologyExtracts" : { },
    "valueSets" : { }
  },
  "adlVersion" : "1.4",
  "buildUid" : "9eada22e-35d9-39d3-aaed-f23a9ff2be5c",
  "rmName" : "openehr",
  "rmRelease" : "1.1.0",
  "generated" : true,
  "templateId" : "Middle name and nickname",
  "otherMetaData" : { },
  "templateOverlays" : [ ],
  "originalLanguage" : {
    "terminologyId" : {
      "value" : "ISO_639-1"
    },
    "codeString" : "en"
  },
  "translations" : [ {
    "@type" : "TRANSLATION_DETAILS",
    "language" : {
      "terminologyId" : {
        "value" : "ISO_639-1"
      },
      "codeString" : "de"
    },
    "author" : {
      "name" : "Natalia Strauch, Alina Rehberg",
      "organisation" : "Medizinische Hochschule Hannover",
      "email" : "Strauch.Natalia@mh-hannover.de, rehberg.alina@mh-hannover.de"
    },
    "otherDetails" : { }
  }, {
    "@type" : "TRANSLATION_DETAILS",
    "language" : {
      "terminologyId" : {
        "value" : "ISO_639-1"
      },
      "codeString" : "nb"
    },
    "author" : {
      "name" : "John Tore Valand, Vebjørn Arntzen, Kanika Kuwelker",
      "organisation" : "Helse Vest IKT AS, Helse Bergen, Oslo University Hospital",
      "email" : "john.tore.valand@helse-vest-ikt.no, varntzen@ous-hf.no, kanika.kuwelker@helse-vest-ikt.no"
    },
    "otherDetails" : { }
  } ]
}