{
  "@type" : "TEMPLATE",
  "uid" : "e1c7119a-0e1b-458f-8d17-d49bc2d8e963",
  "description" : {
    "@type" : "RESOURCE_DESCRIPTION",
    "originalAuthor" : {
      "date" : "2022-11-14"
    },
    "otherContributors" : [ ],
    "lifecycleState" : {
      "codeString" : "unmanaged"
    },
    "ipAcknowledgements" : { },
    "references" : { },
    "conversionDetails" : { },
    "otherDetails" : {
      "licence" : "",
      "custodian_organisation" : "",
      "original_namespace" : "",
      "original_publisher" : "",
      "custodian_namespace" : "",
      "sem_ver" : "1.0.0",
      "build_uid" : "74dbbdfe-ba93-4ae1-8ae0-6cc5958a66dd",
      "MD5-CAM-1.0.1" : "193ee99c1f7a35115e954434c9b47229"
    },
    "details" : {
      "ko" : {
        "@type" : "RESOURCE_DESCRIPTION_ITEM",
        "language" : {
          "terminologyId" : {
            "value" : "ISO_639-1"
          },
          "codeString" : "ko"
        },
        "keywords" : [ ],
        "originalResourceUri" : { },
        "otherDetails" : { }
      },
      "pt-br" : {
        "@type" : "RESOURCE_DESCRIPTION_ITEM",
        "language" : {
          "terminologyId" : {
            "value" : "ISO_639-1"
          },
          "codeString" : "pt-br"
        },
        "keywords" : [ ],
        "originalResourceUri" : { },
        "otherDetails" : { }
      },
      "en" : {
        "@type" : "RESOURCE_DESCRIPTION_ITEM",
        "language" : {
          "terminologyId" : {
            "value" : "ISO_639-1"
          },
          "codeString" : "en"
        },
        "keywords" : [ ],
        "originalResourceUri" : { },
        "otherDetails" : { }
      },
      "es-py" : {
        "@type" : "RESOURCE_DESCRIPTION_ITEM",
        "language" : {
          "terminologyId" : {
            "value" : "ISO_639-1"
          },
          "codeString" : "es-py"
        },
        "keywords" : [ ],
        "originalResourceUri" : { },
        "otherDetails" : { }
      },
      "sv" : {
        "@type" : "RESOURCE_DESCRIPTION_ITEM",
        "language" : {
          "terminologyId" : {
            "value" : "ISO_639-1"
          },
          "codeString" : "sv"
        },
        "keywords" : [ ],
        "originalResourceUri" : { },
        "otherDetails" : { }
      },
      "fa" : {
        "@type" : "RESOURCE_DESCRIPTION_ITEM",
        "language" : {
          "terminologyId" : {
            "value" : "ISO_639-1"
          },
          "codeString" : "fa"
        },
        "keywords" : [ ],
        "originalResourceUri" : { },
        "otherDetails" : { }
      }
    }
  },
  "parentArchetypeId" : "openEHR-DEMOGRAPHIC-PERSON.person-patient.v0",
  "differential" : true,
  "archetypeId" : {
    "@type" : "ARCHETYPE_HRID",
    "value" : "openEHR-DEMOGRAPHIC-PERSON.t_person-patient.v0"
  },
  "definition" : {
    "@type" : "C_COMPLEX_OBJECT",
    "rmTypeName" : "PERSON",
    "nodeId" : "at0000.1.1",
    "attributes" : [ {
      "@type" : "C_ATTRIBUTE",
      "rmAttributeName" : "details",
      "children" : [ {
        "@type" : "C_ARCHETYPE_ROOT",
        "rmTypeName" : "ITEM_TREE",
        "occurrences" : "0..1",
        "nodeId" : "at0001.0.1",
        "attributes" : [ ],
        "attributeTuples" : [ ],
        "archetypeRef" : "openEHR-DEMOGRAPHIC-ITEM_TREE.ovl-person_details-001.v0",
        "referenceType" : "archetypeOverlay"
      } ]
    }, {
      "@type" : "C_ATTRIBUTE",
      "rmAttributeName" : "identities",
      "children" : [ {
        "@type" : "C_ARCHETYPE_ROOT",
        "rmTypeName" : "PARTY_IDENTITY",
        "occurrences" : "0..1",
        "nodeId" : "at0002.1.1",
        "attributes" : [ ],
        "attributeTuples" : [ ],
        "archetypeRef" : "openEHR-DEMOGRAPHIC-PARTY_IDENTITY.ovl-person_name-001.v0",
        "referenceType" : "archetypeOverlay"
      } ]
    } ],
    "attributeTuples" : [ ]
  },
  "terminology" : {
    "@type" : "ARCHETYPE_TERMINOLOGY",
    "conceptCode" : "at0000.1",
    "termDefinitions" : {
      "pt-br" : {
        "at0001" : {
          "@type" : "ARCHETYPE_TERM",
          "code" : "at0001",
          "text" : "Detalhes",
          "description" : "Detalhes demográficos da pessoa."
        },
        "at0000" : {
          "@type" : "ARCHETYPE_TERM",
          "code" : "at0000",
          "text" : "Dados da pessoa",
          "description" : "Dados da pessoa."
        },
        "at0000.1.1" : {
          "@type" : "ARCHETYPE_TERM",
          "code" : "at0000.1.1",
          "text" : "Pasien-DataDiri-v.0.0.1",
          "description" : "Dados do paciente."
        },
        "at0001.0.1" : {
          "@type" : "ARCHETYPE_TERM",
          "code" : "at0001.0.1",
          "text" : "Detalhes",
          "description" : "Detalhes demográficos da pessoa."
        }
      },
      "en" : {
        "at0001" : {
          "@type" : "ARCHETYPE_TERM",
          "code" : "at0001",
          "text" : "Demographic details",
          "description" : "A person's demographic details."
        },
        "at0000" : {
          "@type" : "ARCHETYPE_TERM",
          "code" : "at0000",
          "text" : "Person",
          "description" : "Personal demographic data."
        },
        "at0000.1.1" : {
          "@type" : "ARCHETYPE_TERM",
          "code" : "at0000.1.1",
          "text" : "Pasien-DataDiri-v.0.0.1",
          "description" : "Patient demographic data."
        },
        "at0001.0.1" : {
          "@type" : "ARCHETYPE_TERM",
          "code" : "at0001.0.1",
          "text" : "Demographic details",
          "description" : "A person's demographic details."
        }
      },
      "ko" : {
        "at0001" : {
          "@type" : "ARCHETYPE_TERM",
          "code" : "at0001",
          "text" : "인적정보 상세내용",
          "description" : "개인의 인정정보 상세내용."
        },
        "at0002" : {
          "@type" : "ARCHETYPE_TERM",
          "code" : "at0002",
          "text" : "이름",
          "description" : "개인 이름"
        },
        "at0003" : {
          "@type" : "ARCHETYPE_TERM",
          "code" : "at0003",
          "text" : "연락처",
          "description" : "개인의 연락처"
        },
        "at0004" : {
          "@type" : "ARCHETYPE_TERM",
          "code" : "at0004",
          "text" : "관계",
          "description" : "개인 관계, 특히 가족 관계."
        },
        "at0040" : {
          "@type" : "ARCHETYPE_TERM",
          "code" : "at0040",
          "text" : "관계타입",
          "description" : "관련된 사람들 간의 관계의 타입을 정의."
        },
        "at0000" : {
          "@type" : "ARCHETYPE_TERM",
          "code" : "at0000",
          "text" : "개인",
          "description" : "개인의 인적 데이터."
        },
        "at0000.1.1" : {
          "@type" : "ARCHETYPE_TERM",
          "code" : "at0000.1.1",
          "text" : "Pasien-DataDiri-v.0.0.1",
          "description" : "환자 인적 데이터"
        },
        "at0001.0.1" : {
          "@type" : "ARCHETYPE_TERM",
          "code" : "at0001.0.1",
          "text" : "인적정보 상세내용",
          "description" : "개인의 인정정보 상세내용."
        }
      },
      "es-py" : {
        "at0001" : {
          "@type" : "ARCHETYPE_TERM",
          "code" : "at0001",
          "text" : "Detalles",
          "description" : "Detalles demográficos de la persona."
        },
        "at0002" : {
          "@type" : "ARCHETYPE_TERM",
          "code" : "at0002",
          "text" : "Nombre",
          "description" : "Conjunto de datos que especifican el nombre de la persona."
        },
        "at0003" : {
          "@type" : "ARCHETYPE_TERM",
          "code" : "at0003",
          "text" : "Contactos",
          "description" : "Contactos de la persona."
        },
        "at0004" : {
          "@type" : "ARCHETYPE_TERM",
          "code" : "at0004",
          "text" : "Relacionamiento",
          "description" : "Relacionamiento de una persona, especialmente lazos familiares."
        },
        "at0000" : {
          "@type" : "ARCHETYPE_TERM",
          "code" : "at0000",
          "text" : "Datos de la persona",
          "description" : "Datos de la persona"
        },
        "at0000.1.1" : {
          "@type" : "ARCHETYPE_TERM",
          "code" : "at0000.1.1",
          "text" : "Pasien-DataDiri-v.0.0.1",
          "description" : "Datos del paciente."
        },
        "at0001.0.1" : {
          "@type" : "ARCHETYPE_TERM",
          "code" : "at0001.0.1",
          "text" : "Detalles",
          "description" : "Detalles demográficos de la persona."
        }
      },
      "fa" : {
        "at0001" : {
          "@type" : "ARCHETYPE_TERM",
          "code" : "at0001",
          "text" : "جزئیات اطلاعات هویت اجتماعی",
          "description" : "چرئیات اطلاعات هویتی یک فرد"
        },
        "at0002.1" : {
          "@type" : "ARCHETYPE_TERM",
          "code" : "at0002",
          "text" : "نام",
          "description" : "نام فرد"
        },
        "at0003.1" : {
          "@type" : "ARCHETYPE_TERM",
          "code" : "at0003",
          "text" : "راه های تماس",
          "description" : "راه های تماس با فرد"
        },
        "at0004.1" : {
          "@type" : "ARCHETYPE_TERM",
          "code" : "at0004",
          "text" : "ارتباطات",
          "description" : "ارتباطات فرد بویژه روابط خانوادگی"
        },
        "at0000" : {
          "@type" : "ARCHETYPE_TERM",
          "code" : "at0000",
          "text" : "فرد",
          "description" : "داده های هویت اجتماعی فردی"
        },
        "at0002" : {
          "@type" : "ARCHETYPE_TERM",
          "code" : "at0002",
          "text" : "نام",
          "description" : "نام فرد"
        },
        "at0003" : {
          "@type" : "ARCHETYPE_TERM",
          "code" : "at0003",
          "text" : "راه های تماس",
          "description" : "راه های تماس با فرد"
        },
        "at0004" : {
          "@type" : "ARCHETYPE_TERM",
          "code" : "at0004",
          "text" : "ارتباطات",
          "description" : "ارتباطات فرد بویژه روابط خانوادگی"
        },
        "at0030" : {
          "@type" : "ARCHETYPE_TERM",
          "code" : "at0030",
          "text" : "*Addresses (en)",
          "description" : "*Addresses linked to a single contact, i.e. with the same time validity. (en)"
        },
        "at0040" : {
          "@type" : "ARCHETYPE_TERM",
          "code" : "at0040",
          "text" : "نوع ارتباط",
          "description" : "تعریف نوع ارتباط بین افراد مرتبط"
        },
        "at0000.1.1" : {
          "@type" : "ARCHETYPE_TERM",
          "code" : "at0000.1.1",
          "text" : "Pasien-DataDiri-v.0.0.1",
          "description" : "داده های هویت اجتماعی فردی"
        },
        "at0001.0.1" : {
          "@type" : "ARCHETYPE_TERM",
          "code" : "at0001.0.1",
          "text" : "جزئیات اطلاعات هویت اجتماعی",
          "description" : "چرئیات اطلاعات هویتی یک فرد"
        },
        "at0002.1.1" : {
          "@type" : "ARCHETYPE_TERM",
          "code" : "at0002.1.1",
          "text" : "نام",
          "description" : "نام فرد"
        },
        "at0000.1" : {
          "@type" : "ARCHETYPE_TERM",
          "code" : "at0000",
          "text" : "فرد",
          "description" : "داده های هویت اجتماعی فردی"
        }
      },
      "sv" : {
        "at0001" : {
          "@type" : "ARCHETYPE_TERM",
          "code" : "at0001",
          "text" : "Demografiska detaljer",
          "description" : "En persons demografiska detaljer."
        },
        "at0002.1" : {
          "@type" : "ARCHETYPE_TERM",
          "code" : "at0002",
          "text" : "Namn",
          "description" : "Namn på en person."
        },
        "at0003.1" : {
          "@type" : "ARCHETYPE_TERM",
          "code" : "at0003",
          "text" : "Kontaktuppgifter",
          "description" : "Personens kontaktuppgifter."
        },
        "at0004.1" : {
          "@type" : "ARCHETYPE_TERM",
          "code" : "at0004",
          "text" : "Relationer",
          "description" : "Personens relationer, särskilt familjebanden."
        },
        "at0000" : {
          "@type" : "ARCHETYPE_TERM",
          "code" : "at0000",
          "text" : "Person",
          "description" : "Personliga demografiska data."
        },
        "at0002" : {
          "@type" : "ARCHETYPE_TERM",
          "code" : "at0002",
          "text" : "Namn",
          "description" : "Namn på en person."
        },
        "at0003" : {
          "@type" : "ARCHETYPE_TERM",
          "code" : "at0003",
          "text" : "Kontaktuppgifter",
          "description" : "Personens kontaktuppgifter."
        },
        "at0004" : {
          "@type" : "ARCHETYPE_TERM",
          "code" : "at0004",
          "text" : "Relationer",
          "description" : "Personens relationer, särskilt familjebanden."
        },
        "at0030" : {
          "@type" : "ARCHETYPE_TERM",
          "code" : "at0030",
          "text" : "*Addresses (en)",
          "description" : "*Addresses linked to a single contact, i.e. with the same time validity. (en)"
        },
        "at0040" : {
          "@type" : "ARCHETYPE_TERM",
          "code" : "at0040",
          "text" : "Typ av relation",
          "description" : "Definierar typen av förhållande mellan närstående personer."
        },
        "at0000.1.1" : {
          "@type" : "ARCHETYPE_TERM",
          "code" : "at0000.1.1",
          "text" : "Pasien-DataDiri-v.0.0.1",
          "description" : "Personliga demografiska data."
        },
        "at0001.0.1" : {
          "@type" : "ARCHETYPE_TERM",
          "code" : "at0001.0.1",
          "text" : "Demografiska detaljer",
          "description" : "En persons demografiska detaljer."
        },
        "at0002.1.1" : {
          "@type" : "ARCHETYPE_TERM",
          "code" : "at0002.1.1",
          "text" : "Namn",
          "description" : "Namn på en person."
        },
        "at0000.1" : {
          "@type" : "ARCHETYPE_TERM",
          "code" : "at0000",
          "text" : "Person",
          "description" : "Personliga demografiska data."
        }
      }
    },
    "termBindings" : { },
    "terminologyExtracts" : { },
    "valueSets" : { }
  },
  "adlVersion" : "1.4",
  "buildUid" : "fd154ef6-80b9-33c0-9244-2c2cf6d8bbf4",
  "rmName" : "openehr",
  "rmRelease" : "1.1.0",
  "generated" : true,
  "templateId" : "Pasien-DataDiri-v.0.0.1",
  "otherMetaData" : { },
  "templateOverlays" : [ {
    "@type" : "TEMPLATE_OVERLAY",
    "uid" : "5a419664-5c46-4236-8980-289adc9fa703",
    "description" : {
      "@type" : "RESOURCE_DESCRIPTION",
      "originalAuthor" : { },
      "otherContributors" : [ ],
      "ipAcknowledgements" : { },
      "references" : { },
      "conversionDetails" : { },
      "otherDetails" : { },
      "details" : {
        "pt-br" : {
          "@type" : "RESOURCE_DESCRIPTION_ITEM",
          "language" : {
            "terminologyId" : {
              "value" : "ISO_639-1"
            },
            "codeString" : "pt-br"
          },
          "purpose" : "Representação de dados demográficos de uma pessoa, tais como dados do nascimento, do óbito, sexo, estado civil, grupo étnico e identificador biométrico",
          "keywords" : [ "serviço demográfico", "dados demográficos de uma pessoa" ],
          "use" : "Usado em serviço demográficos para coletar os dados demográficos de uma pessoa",
          "copyright" : "© openEHR Foundation",
          "originalResourceUri" : { },
          "otherDetails" : { }
        },
        "en" : {
          "@type" : "RESOURCE_DESCRIPTION_ITEM",
          "language" : {
            "terminologyId" : {
              "value" : "ISO_639-1"
            },
            "codeString" : "en"
          },
          "purpose" : "Representation of a person's demographic data such as, birth data, death data, sex, marital status, ethnic group and biometric identifier",
          "keywords" : [ "demographic service", "person's demographic data" ],
          "use" : "Used in demographic service to collect a person's demographic data",
          "copyright" : "© openEHR Foundation",
          "originalResourceUri" : { },
          "otherDetails" : { }
        },
        "es-py" : {
          "@type" : "RESOURCE_DESCRIPTION_ITEM",
          "language" : {
            "terminologyId" : {
              "value" : "ISO_639-1"
            },
            "codeString" : "es-py"
          },
          "purpose" : "Representación de los datos demográficos de una persona, tales como datos de nacimiento, de defunción, sexo, estado civil, grupo étnico e identificador biométrico.",
          "keywords" : [ "servicio demográfico", "datos demográficos de una persona" ],
          "use" : "Utilizado en servicios demográficos para recolectar los datos demográficos de una persona.",
          "copyright" : "© openEHR Foundation",
          "originalResourceUri" : { },
          "otherDetails" : { }
        }
      }
    },
    "parentArchetypeId" : "openEHR-DEMOGRAPHIC-ITEM_TREE.person_details.v0",
    "differential" : true,
    "archetypeId" : {
      "@type" : "ARCHETYPE_HRID",
      "value" : "openEHR-DEMOGRAPHIC-ITEM_TREE.ovl-person_details-001.v0"
    },
    "definition" : {
      "@type" : "C_COMPLEX_OBJECT",
      "rmTypeName" : "ITEM_TREE",
      "nodeId" : "at0000.1",
      "attributes" : [ {
        "@type" : "C_ATTRIBUTE",
        "rmAttributeName" : "items",
        "children" : [ {
          "@type" : "C_COMPLEX_OBJECT",
          "rmTypeName" : "CLUSTER",
          "nodeId" : "at0001",
          "attributes" : [ {
            "@type" : "C_ATTRIBUTE",
            "rmAttributeName" : "items",
            "children" : [ {
              "@type" : "C_COMPLEX_OBJECT",
              "rmTypeName" : "ELEMENT",
              "nodeId" : "at0010.1",
              "attributes" : [ {
                "@type" : "C_ATTRIBUTE",
                "rmAttributeName" : "value",
                "children" : [ {
                  "@type" : "C_COMPLEX_OBJECT",
                  "rmTypeName" : "DV_DATE",
                  "attributes" : [ {
                    "@type" : "C_ATTRIBUTE",
                    "rmAttributeName" : "value",
                    "children" : [ {
                      "@type" : "C_DATE",
                      "rmTypeName" : "DATE_TIME",
                      "patternedConstraint" : "yyyy-mm-dd",
                      "constraint" : [ ]
                    } ]
                  } ],
                  "attributeTuples" : [ ]
                } ]
              } ],
              "attributeTuples" : [ ]
            }, {
              "@type" : "C_COMPLEX_OBJECT",
              "rmTypeName" : "ELEMENT",
              "occurrences" : "0..0",
              "nodeId" : "at0011.1",
              "attributes" : [ ],
              "attributeTuples" : [ ]
            }, {
              "@type" : "C_COMPLEX_OBJECT",
              "rmTypeName" : "ELEMENT",
              "occurrences" : "0..0",
              "nodeId" : "at0012.1",
              "attributes" : [ {
                "@type" : "C_ATTRIBUTE",
                "rmAttributeName" : "value",
                "children" : [ {
                  "@type" : "C_COMPLEX_OBJECT",
                  "rmTypeName" : "DV_CODED_TEXT",
                  "attributes" : [ ],
                  "attributeTuples" : [ ]
                } ]
              } ],
              "attributeTuples" : [ ]
            }, {
              "@type" : "C_COMPLEX_OBJECT",
              "rmTypeName" : "ELEMENT",
              "occurrences" : "0..0",
              "nodeId" : "at0013.1",
              "attributes" : [ ],
              "attributeTuples" : [ ]
            }, {
              "@type" : "C_COMPLEX_OBJECT",
              "rmTypeName" : "ELEMENT",
              "occurrences" : "1..1",
              "nodeId" : "at0014.1",
              "attributes" : [ {
                "@type" : "C_ATTRIBUTE",
                "rmAttributeName" : "value",
                "children" : [ {
                  "@type" : "C_COMPLEX_OBJECT",
                  "rmTypeName" : "DV_CODED_TEXT",
                  "attributes" : [ ],
                  "attributeTuples" : [ ]
                } ]
              } ],
              "attributeTuples" : [ ]
            }, {
              "@type" : "C_COMPLEX_OBJECT",
              "rmTypeName" : "ELEMENT",
              "occurrences" : "0..0",
              "nodeId" : "at0015.1",
              "attributes" : [ {
                "@type" : "C_ATTRIBUTE",
                "rmAttributeName" : "value",
                "children" : [ {
                  "@type" : "C_COMPLEX_OBJECT",
                  "rmTypeName" : "DV_TEXT",
                  "attributes" : [ ],
                  "attributeTuples" : [ ]
                }, {
                  "@type" : "C_COMPLEX_OBJECT",
                  "rmTypeName" : "DV_CODED_TEXT",
                  "attributes" : [ ],
                  "attributeTuples" : [ ]
                } ]
              } ],
              "attributeTuples" : [ ]
            }, {
              "@type" : "C_COMPLEX_OBJECT",
              "rmTypeName" : "ELEMENT",
              "occurrences" : "0..0",
              "nodeId" : "at0016.1",
              "attributes" : [ {
                "@type" : "C_ATTRIBUTE",
                "rmAttributeName" : "value",
                "children" : [ {
                  "@type" : "C_COMPLEX_OBJECT",
                  "rmTypeName" : "DV_TEXT",
                  "attributes" : [ ],
                  "attributeTuples" : [ ]
                }, {
                  "@type" : "C_COMPLEX_OBJECT",
                  "rmTypeName" : "DV_CODED_TEXT",
                  "attributes" : [ ],
                  "attributeTuples" : [ ]
                } ]
              } ],
              "attributeTuples" : [ ]
            }, {
              "@type" : "C_COMPLEX_OBJECT",
              "rmTypeName" : "ELEMENT",
              "nodeId" : "at0017.1",
              "attributes" : [ {
                "@type" : "C_ATTRIBUTE",
                "rmAttributeName" : "value",
                "children" : [ {
                  "@type" : "C_COMPLEX_OBJECT",
                  "rmTypeName" : "DV_CODED_TEXT",
                  "attributes" : [ {
                    "@type" : "C_ATTRIBUTE",
                    "rmAttributeName" : "defining_code",
                    "children" : [ {
                      "@type" : "C_TERMINOLOGY_CODE",
                      "rmTypeName" : "TERMINOLOGY_CODE",
                      "occurrences" : "1..1",
                      "terminologyId" : {
                        "value" : "local"
                      },
                      "constraint" : [ "ac0.2" ],
                      "selectedTerminologies" : [ ]
                    } ]
                  } ],
                  "attributeTuples" : [ ]
                } ]
              } ],
              "attributeTuples" : [ ]
            } ]
          } ],
          "attributeTuples" : [ ]
        }, {
          "@type" : "C_COMPLEX_OBJECT",
          "rmTypeName" : "CLUSTER",
          "nodeId" : "at0002",
          "attributes" : [ {
            "@type" : "C_ATTRIBUTE",
            "rmAttributeName" : "items",
            "children" : [ {
              "@type" : "C_COMPLEX_OBJECT",
              "rmTypeName" : "ELEMENT",
              "occurrences" : "0..0",
              "nodeId" : "at0022.1",
              "attributes" : [ {
                "@type" : "C_ATTRIBUTE",
                "rmAttributeName" : "value",
                "children" : [ {
                  "@type" : "C_COMPLEX_OBJECT",
                  "rmTypeName" : "DV_TEXT",
                  "attributes" : [ ],
                  "attributeTuples" : [ ]
                }, {
                  "@type" : "C_COMPLEX_OBJECT",
                  "rmTypeName" : "DV_CODED_TEXT",
                  "attributes" : [ {
                    "@type" : "C_ATTRIBUTE",
                    "rmAttributeName" : "defining_code",
                    "children" : [ {
                      "@type" : "C_TERMINOLOGY_CODE",
                      "rmTypeName" : "CODE_PHRASE",
                      "occurrences" : "1..1",
                      "terminologyId" : {
                        "value" : "local"
                      },
                      "constraint" : [ "at0220", "at0221", "at0222", "at0223", "at0224" ]
                    } ]
                  } ],
                  "attributeTuples" : [ ]
                } ]
              } ],
              "attributeTuples" : [ ]
            }, {
              "@type" : "C_COMPLEX_OBJECT",
              "rmTypeName" : "ELEMENT",
              "occurrences" : "0..0",
              "nodeId" : "at0023.1",
              "attributes" : [ ],
              "attributeTuples" : [ ]
            }, {
              "@type" : "C_COMPLEX_OBJECT",
              "rmTypeName" : "ELEMENT",
              "occurrences" : "0..0",
              "nodeId" : "at0024.1",
              "attributes" : [ ],
              "attributeTuples" : [ ]
            }, {
              "@type" : "C_COMPLEX_OBJECT",
              "rmTypeName" : "ELEMENT",
              "occurrences" : "0..0",
              "nodeId" : "at0025.1",
              "attributes" : [ {
                "@type" : "C_ATTRIBUTE",
                "rmAttributeName" : "value",
                "children" : [ {
                  "@type" : "C_COMPLEX_OBJECT",
                  "rmTypeName" : "DV_TEXT",
                  "attributes" : [ ],
                  "attributeTuples" : [ ]
                }, {
                  "@type" : "C_COMPLEX_OBJECT",
                  "rmTypeName" : "DV_CODED_TEXT",
                  "attributes" : [ ],
                  "attributeTuples" : [ ]
                } ]
              } ],
              "attributeTuples" : [ ]
            }, {
              "@type" : "C_COMPLEX_OBJECT",
              "rmTypeName" : "ELEMENT",
              "occurrences" : "0..0",
              "nodeId" : "at0026.1",
              "attributes" : [ ],
              "attributeTuples" : [ ]
            } ]
          } ],
          "attributeTuples" : [ ]
        }, {
          "@type" : "C_COMPLEX_OBJECT",
          "rmTypeName" : "CLUSTER",
          "nodeId" : "at0004",
          "attributes" : [ {
            "@type" : "C_ATTRIBUTE",
            "rmAttributeName" : "items",
            "children" : [ {
              "@type" : "C_COMPLEX_OBJECT",
              "rmTypeName" : "ELEMENT",
              "occurrences" : "0..0",
              "nodeId" : "at0042.1",
              "attributes" : [ ],
              "attributeTuples" : [ ]
            }, {
              "@type" : "C_COMPLEX_OBJECT",
              "rmTypeName" : "ELEMENT",
              "occurrences" : "0..0",
              "nodeId" : "at0043.1",
              "attributes" : [ ],
              "attributeTuples" : [ ]
            }, {
              "@type" : "C_COMPLEX_OBJECT",
              "rmTypeName" : "ELEMENT",
              "occurrences" : "0..0",
              "nodeId" : "at0044.1",
              "attributes" : [ ],
              "attributeTuples" : [ ]
            }, {
              "@type" : "C_COMPLEX_OBJECT",
              "rmTypeName" : "ELEMENT",
              "occurrences" : "0..0",
              "nodeId" : "at0045.1",
              "attributes" : [ {
                "@type" : "C_ATTRIBUTE",
                "rmAttributeName" : "value",
                "children" : [ {
                  "@type" : "C_COMPLEX_OBJECT",
                  "rmTypeName" : "DV_TEXT",
                  "attributes" : [ ],
                  "attributeTuples" : [ ]
                }, {
                  "@type" : "C_COMPLEX_OBJECT",
                  "rmTypeName" : "DV_CODED_TEXT",
                  "attributes" : [ ],
                  "attributeTuples" : [ ]
                } ]
              } ],
              "attributeTuples" : [ ]
            }, {
              "@type" : "C_COMPLEX_OBJECT",
              "rmTypeName" : "ELEMENT",
              "occurrences" : "0..0",
              "nodeId" : "at0046.1",
              "attributes" : [ ],
              "attributeTuples" : [ ]
            }, {
              "@type" : "C_COMPLEX_OBJECT",
              "rmTypeName" : "ELEMENT",
              "occurrences" : "0..0",
              "nodeId" : "at0047.1",
              "attributes" : [ ],
              "attributeTuples" : [ ]
            }, {
              "@type" : "C_COMPLEX_OBJECT",
              "rmTypeName" : "ELEMENT",
              "occurrences" : "0..0",
              "nodeId" : "at0048.1",
              "attributes" : [ ],
              "attributeTuples" : [ ]
            } ]
          } ],
          "attributeTuples" : [ ]
        }, {
          "@type" : "C_COMPLEX_OBJECT",
          "rmTypeName" : "ELEMENT",
          "occurrences" : "0..0",
          "nodeId" : "at0031.1",
          "attributes" : [ {
            "@type" : "C_ATTRIBUTE",
            "rmAttributeName" : "value",
            "children" : [ {
              "@type" : "C_COMPLEX_OBJECT",
              "rmTypeName" : "DV_TEXT",
              "attributes" : [ ],
              "attributeTuples" : [ ]
            }, {
              "@type" : "C_COMPLEX_OBJECT",
              "rmTypeName" : "DV_CODED_TEXT",
              "attributes" : [ {
                "@type" : "C_ATTRIBUTE",
                "rmAttributeName" : "defining_code",
                "children" : [ {
                  "@type" : "C_TERMINOLOGY_CODE",
                  "rmTypeName" : "CODE_PHRASE",
                  "occurrences" : "1..1",
                  "terminologyId" : {
                    "value" : "local"
                  },
                  "constraint" : [ "at0310", "at0311", "at0312", "at0313" ]
                } ]
              } ],
              "attributeTuples" : [ ]
            } ]
          } ],
          "attributeTuples" : [ ]
        }, {
          "@type" : "C_COMPLEX_OBJECT",
          "rmTypeName" : "ELEMENT",
          "occurrences" : "0..0",
          "nodeId" : "at0032.1",
          "attributes" : [ ],
          "attributeTuples" : [ ]
        }, {
          "@type" : "C_COMPLEX_OBJECT",
          "rmTypeName" : "ELEMENT",
          "occurrences" : "0..0",
          "nodeId" : "at0033.1",
          "attributes" : [ {
            "@type" : "C_ATTRIBUTE",
            "rmAttributeName" : "value",
            "children" : [ {
              "@type" : "C_COMPLEX_OBJECT",
              "rmTypeName" : "DV_TEXT",
              "attributes" : [ ],
              "attributeTuples" : [ ]
            }, {
              "@type" : "C_COMPLEX_OBJECT",
              "rmTypeName" : "DV_CODED_TEXT",
              "attributes" : [ ],
              "attributeTuples" : [ ]
            } ]
          } ],
          "attributeTuples" : [ ]
        }, {
          "@type" : "C_COMPLEX_OBJECT",
          "rmTypeName" : "ELEMENT",
          "occurrences" : "0..0",
          "nodeId" : "at0034.1",
          "attributes" : [ {
            "@type" : "C_ATTRIBUTE",
            "rmAttributeName" : "value",
            "children" : [ {
              "@type" : "C_COMPLEX_OBJECT",
              "rmTypeName" : "DV_TEXT",
              "attributes" : [ ],
              "attributeTuples" : [ ]
            }, {
              "@type" : "C_COMPLEX_OBJECT",
              "rmTypeName" : "DV_CODED_TEXT",
              "attributes" : [ ],
              "attributeTuples" : [ ]
            } ]
          } ],
          "attributeTuples" : [ ]
        }, {
          "@type" : "C_COMPLEX_OBJECT",
          "rmTypeName" : "ELEMENT",
          "occurrences" : "0..0",
          "nodeId" : "at0035.1",
          "attributes" : [ ],
          "attributeTuples" : [ ]
        } ]
      } ],
      "attributeTuples" : [ ]
    },
    "terminology" : {
      "@type" : "ARCHETYPE_TERMINOLOGY",
      "conceptCode" : "at0000",
      "termDefinitions" : {
        "pt-br" : {
          "ac0.2" : {
            "@type" : "ARCHETYPE_TERM",
            "text" : "*(Synthesized) (en)",
            "code" : "ac0.2",
            "description" : ""
          }
        },
        "en" : {
          "at0014.1" : {
            "@type" : "ARCHETYPE_TERM",
            "code" : "at0014.1",
            "text" : "Tempat Lahir",
            "description" : "The city/town/locality where the person was born"
          },
          "at0017.1" : {
            "@type" : "ARCHETYPE_TERM",
            "code" : "at0017.1",
            "text" : "Jenis Kelamin",
            "description" : "The sex of the subject."
          },
          "at0010.1" : {
            "@type" : "ARCHETYPE_TERM",
            "code" : "at0010.1",
            "text" : "Tanggal Lahir",
            "description" : "The date of birth of a person"
          },
          "ac0.2" : {
            "@type" : "ARCHETYPE_TERM",
            "text" : "(Synthesized)",
            "code" : "ac0.2",
            "description" : ""
          }
        },
        "es-py" : {
          "ac0.2" : {
            "@type" : "ARCHETYPE_TERM",
            "text" : "*(Synthesized) (en)",
            "code" : "ac0.2",
            "description" : ""
          }
        }
      },
      "termBindings" : { },
      "terminologyExtracts" : { },
      "valueSets" : {
        "ac0.1" : {
          "@type" : "VALUE_SET",
          "id" : "ac0.1",
          "members" : [ "at0310", "at0311", "at0312", "at0313" ]
        },
        "ac0.2" : {
          "@type" : "VALUE_SET",
          "id" : "ac0.2",
          "members" : [ "at0310", "at0311", "at0312", "at0313" ]
        }
      }
    },
    "adlVersion" : "1.4",
    "buildUid" : "27815179-bf81-4f21-81dc-9179ddb47e85",
    "rmName" : "openehr",
    "rmRelease" : "1.1.0",
    "generated" : true,
    "otherMetaData" : { },
    "originalLanguage" : {
      "terminologyId" : {
        "value" : "ISO_639-1"
      },
      "codeString" : "en"
    },
    "translations" : [ {
      "@type" : "TRANSLATION_DETAILS",
      "language" : {
        "terminologyId" : {
          "value" : "ISO_639-1"
        },
        "codeString" : "pt-br"
      },
      "author" : {
        "name" : "Sergio Miranda Freire",
        "organisation" : "Universidade do Estado do Rio de Janeiro - UERJ",
        "email" : "sergio@lampada.uerj.br"
      },
      "otherDetails" : { }
    }, {
      "@type" : "TRANSLATION_DETAILS",
      "language" : {
        "terminologyId" : {
          "value" : "ISO_639-1"
        },
        "codeString" : "es-py"
      },
      "author" : {
        "name" : "Ellen Mendez",
        "organisation" : "Facultad Politecnica - UNA"
      },
      "otherDetails" : { }
    } ]
  }, {
    "@type" : "TEMPLATE_OVERLAY",
    "uid" : "e8cb8efe-b5e6-4442-aac8-5cf249313d52",
    "description" : {
      "@type" : "RESOURCE_DESCRIPTION",
      "originalAuthor" : { },
      "otherContributors" : [ ],
      "ipAcknowledgements" : { },
      "references" : { },
      "conversionDetails" : { },
      "otherDetails" : { },
      "details" : {
        "ko" : {
          "@type" : "RESOURCE_DESCRIPTION_ITEM",
          "language" : {
            "terminologyId" : {
              "value" : "ISO_639-1"
            },
            "codeString" : "ko"
          },
          "purpose" : "ISO/TS 22220 표준에 기반한 개인 이름의 표현",
          "keywords" : [ "*serviço demográfico(pt-br)", "*nome de uma pessoa(pt-br)" ],
          "use" : "Used to represent the names by which a person is known. ISO 22220 allows more than one usage for a name. openEHR reference model allows a single usage for a person name (indicated by the LOCATABLE class name attribute. This attribute should not be confused with the person name). Besides, two different names for a single person cannot have the same usage. If it is necessary to represent two or more usages for the same name, two PARTY_IDENTITY (ies) for the same person name (differing in the name attribute and possibly in the elements time validity and identifier) must be created. In case a person has two names with the same usage (for example, two aliases), the system must use different values in each name attribute ('alias1', 'alias2' ..., for instance). In this case, the ISO 22220 list of values allowed for name usage cannot be used. The application should ensure that either full name or family name be present.",
          "copyright" : "© openEHR Foundation",
          "originalResourceUri" : { },
          "otherDetails" : { }
        },
        "pt-br" : {
          "@type" : "RESOURCE_DESCRIPTION_ITEM",
          "language" : {
            "terminologyId" : {
              "value" : "ISO_639-1"
            },
            "codeString" : "pt-br"
          },
          "purpose" : "Representação do nome de uma pessoa com base na norma ISO/TS 22220.",
          "keywords" : [ "serviço demográfico", "nome de uma pessoa" ],
          "use" : "Utilizado para representar os nomes que uma pessoa pode ter. A norma ISO 22220 permite que um mesmo nome possa ter vários usos. O modelo de referência do openEHR somente permite um único uso por nome (indicado pelo attribute name da classe LoCATABLE. Este atributo não deve ser confundido com o nome da pessoa). Além disso, dois nomes diferentes não podem possuir o mesmo uso. Caso seja necessário representar dois ou mais usos para o mesmo nome, é necessário criar dois PARTY_IDENTITYs para o mesmo nome da pessoa (diferindo no atributo 'name' e possivelmente nos elementos intervalo de utilização e identificador). Caso uma pessoa possua dois nomes com o mesmo uso (por exemplo, dois apelidos), e o sistema precisar armazená-los, então o sistema deverá usar em cada atributo 'name' valores diferentes para cada uso ('apelido1', 'apelido2' ..., por exemplo). Neste caso, a lista de valores permitidos para o uso do nome da norma da ISO22220 não poderá ser usada. A aplicação deve garantir que o nome completo ou o sobrenome da pessoa esteja presente.",
          "copyright" : "© openEHR Foundation",
          "originalResourceUri" : { },
          "otherDetails" : { }
        },
        "en" : {
          "@type" : "RESOURCE_DESCRIPTION_ITEM",
          "language" : {
            "terminologyId" : {
              "value" : "ISO_639-1"
            },
            "codeString" : "en"
          },
          "purpose" : "Representation of a personal name, based on ISO/TS 22220 standard.",
          "keywords" : [ "demographic service", "person name" ],
          "use" : "Used to represent the names by which a person is known. ISO 22220 allows more than one usage for a name. openEHR reference model allows a single usage for a person name (indicated by the LOCATABLE class name attribute. This attribute should not be confused with the person name). Besides, two different names for a single person cannot have the same usage. If it is necessary to represent two or more usages for the same name, two PARTY_IDENTITY (ies) for the same person name (differing in the name attribute and possibly in the elements time validity and identifier) must be created. In case a person has two names with the same usage (for example, two aliases), the system must use different values in each name attribute ('alias1', 'alias2' ..., for instance). In this case, the ISO 22220 list of values allowed for name usage cannot be used. The application should ensure that either full name or family name be present.",
          "copyright" : "© openEHR Foundation",
          "originalResourceUri" : { },
          "otherDetails" : { }
        }
      }
    },
    "parentArchetypeId" : "openEHR-DEMOGRAPHIC-PARTY_IDENTITY.person_name.v0",
    "differential" : true,
    "archetypeId" : {
      "@type" : "ARCHETYPE_HRID",
      "value" : "openEHR-DEMOGRAPHIC-PARTY_IDENTITY.ovl-person_name-001.v0"
    },
    "definition" : {
      "@type" : "C_COMPLEX_OBJECT",
      "rmTypeName" : "PARTY_IDENTITY",
      "nodeId" : "at0000.1",
      "attributes" : [ {
        "@type" : "C_ATTRIBUTE",
        "rmAttributeName" : "name",
        "children" : [ {
          "@type" : "C_COMPLEX_OBJECT",
          "rmTypeName" : "DV_TEXT",
          "attributes" : [ ],
          "attributeTuples" : [ ]
        }, {
          "@type" : "C_COMPLEX_OBJECT",
          "rmTypeName" : "DV_CODED_TEXT",
          "attributes" : [ {
            "@type" : "C_ATTRIBUTE",
            "rmAttributeName" : "defining_code",
            "children" : [ {
              "@type" : "C_TERMINOLOGY_CODE",
              "rmTypeName" : "CODE_PHRASE",
              "occurrences" : "1..1",
              "terminologyId" : {
                "value" : "local"
              },
              "constraint" : [ "at0023", "at0024", "at0025", "at0026", "at0027", "at0028" ]
            } ]
          } ],
          "attributeTuples" : [ ]
        } ]
      }, {
        "@type" : "C_ATTRIBUTE",
        "rmAttributeName" : "details",
        "children" : [ {
          "@type" : "C_COMPLEX_OBJECT",
          "rmTypeName" : "ITEM_TREE",
          "nodeId" : "at0001",
          "attributes" : [ {
            "@type" : "C_ATTRIBUTE",
            "rmAttributeName" : "items",
            "children" : [ {
              "@type" : "C_COMPLEX_OBJECT",
              "rmTypeName" : "ELEMENT",
              "occurrences" : "1..1",
              "nodeId" : "at0002.1",
              "attributes" : [ ],
              "attributeTuples" : [ ]
            }, {
              "@type" : "C_COMPLEX_OBJECT",
              "rmTypeName" : "ELEMENT",
              "occurrences" : "0..0",
              "nodeId" : "at0003.1",
              "attributes" : [ ],
              "attributeTuples" : [ ]
            }, {
              "@type" : "C_COMPLEX_OBJECT",
              "rmTypeName" : "ELEMENT",
              "occurrences" : "0..0",
              "nodeId" : "at0004.1",
              "attributes" : [ ],
              "attributeTuples" : [ ]
            }, {
              "@type" : "C_COMPLEX_OBJECT",
              "rmTypeName" : "ELEMENT",
              "occurrences" : "0..0",
              "nodeId" : "at0005.1",
              "attributes" : [ ],
              "attributeTuples" : [ ]
            }, {
              "@type" : "C_COMPLEX_OBJECT",
              "rmTypeName" : "ELEMENT",
              "occurrences" : "0..0",
              "nodeId" : "at0019.1",
              "attributes" : [ ],
              "attributeTuples" : [ ]
            }, {
              "@type" : "C_COMPLEX_OBJECT",
              "rmTypeName" : "ELEMENT",
              "occurrences" : "0..0",
              "nodeId" : "at0020.1",
              "attributes" : [ ],
              "attributeTuples" : [ ]
            }, {
              "@type" : "C_COMPLEX_OBJECT",
              "rmTypeName" : "ELEMENT",
              "occurrences" : "0..0",
              "nodeId" : "at0009.1",
              "attributes" : [ {
                "@type" : "C_ATTRIBUTE",
                "rmAttributeName" : "value",
                "children" : [ {
                  "@type" : "C_COMPLEX_OBJECT",
                  "rmTypeName" : "DV_TEXT",
                  "attributes" : [ ],
                  "attributeTuples" : [ ]
                }, {
                  "@type" : "C_COMPLEX_OBJECT",
                  "rmTypeName" : "DV_CODED_TEXT",
                  "attributes" : [ {
                    "@type" : "C_ATTRIBUTE",
                    "rmAttributeName" : "defining_code",
                    "children" : [ {
                      "@type" : "C_TERMINOLOGY_CODE",
                      "rmTypeName" : "CODE_PHRASE",
                      "occurrences" : "1..1",
                      "terminologyId" : {
                        "value" : "local"
                      },
                      "constraint" : [ "at0031", "at0032", "at0033", "at0034", "at0035", "at0036" ]
                    } ]
                  } ],
                  "attributeTuples" : [ ]
                } ]
              } ],
              "attributeTuples" : [ ]
            }, {
              "@type" : "C_COMPLEX_OBJECT",
              "rmTypeName" : "ELEMENT",
              "occurrences" : "0..0",
              "nodeId" : "at0010.1",
              "attributes" : [ ],
              "attributeTuples" : [ ]
            } ]
          } ],
          "attributeTuples" : [ ]
        } ]
      } ],
      "attributeTuples" : [ ]
    },
    "terminology" : {
      "@type" : "ARCHETYPE_TERMINOLOGY",
      "conceptCode" : "at0000",
      "termDefinitions" : {
        "pt-br" : { },
        "en" : {
          "at0002.1" : {
            "@type" : "ARCHETYPE_TERM",
            "code" : "at0002.1",
            "text" : "Nama pasien",
            "description" : "The person's identifying name(s) within the family group or by which he/she is uniquely socially identified."
          },
          "at0000.1" : {
            "@type" : "ARCHETYPE_TERM",
            "code" : "at0000.1",
            "text" : "Nama pasien",
            "description" : "Person name details."
          }
        },
        "ko" : { }
      },
      "termBindings" : { },
      "terminologyExtracts" : { },
      "valueSets" : { }
    },
    "adlVersion" : "1.4",
    "buildUid" : "58699189-8258-4acf-b51d-f0a0027b9d65",
    "rmName" : "openehr",
    "rmRelease" : "1.1.0",
    "generated" : true,
    "otherMetaData" : { },
    "originalLanguage" : {
      "terminologyId" : {
        "value" : "ISO_639-1"
      },
      "codeString" : "en"
    },
    "translations" : [ {
      "@type" : "TRANSLATION_DETAILS",
      "language" : {
        "terminologyId" : {
          "value" : "ISO_639-1"
        },
        "codeString" : "ko"
      },
      "author" : {
        "name" : "Seung-Jong Yu",
        "organisation" : "NOUSCO Co.,Ltd."
      },
      "accreditation" : "Certified Board of Family Medicine in South Korea",
      "otherDetails" : { }
    }, {
      "@type" : "TRANSLATION_DETAILS",
      "language" : {
        "terminologyId" : {
          "value" : "ISO_639-1"
        },
        "codeString" : "pt-br"
      },
      "author" : {
        "name" : "Sergio Miranda Freire",
        "organisation" : "Universidade do Estado do Rio de Janeiro - UERJ",
        "email" : "sergio@lampada.uerj.br"
      },
      "otherDetails" : { }
    } ]
  } ],
  "originalLanguage" : {
    "terminologyId" : {
      "value" : "ISO_639-1"
    },
    "codeString" : "en"
  },
  "translations" : [ {
    "@type" : "TRANSLATION_DETAILS",
    "language" : {
      "terminologyId" : {
        "value" : "ISO_639-1"
      },
      "codeString" : "ko"
    },
    "author" : { },
    "otherDetails" : { }
  }, {
    "@type" : "TRANSLATION_DETAILS",
    "language" : {
      "terminologyId" : {
        "value" : "ISO_639-1"
      },
      "codeString" : "pt-br"
    },
    "author" : { },
    "otherDetails" : { }
  }, {
    "@type" : "TRANSLATION_DETAILS",
    "language" : {
      "terminologyId" : {
        "value" : "ISO_639-1"
      },
      "codeString" : "es-py"
    },
    "author" : { },
    "otherDetails" : { }
  }, {
    "@type" : "TRANSLATION_DETAILS",
    "language" : {
      "terminologyId" : {
        "value" : "ISO_639-1"
      },
      "codeString" : "sv"
    },
    "author" : { },
    "otherDetails" : { }
  }, {
    "@type" : "TRANSLATION_DETAILS",
    "language" : {
      "terminologyId" : {
        "value" : "ISO_639-1"
      },
      "codeString" : "fa"
    },
    "author" : { },
    "otherDetails" : { }
  } ]
}