{
  "@type" : "TEMPLATE",
  "uid" : "59a4a24b-4b9a-4705-8ea9-3773ef6aef57",
  "description" : {
    "@type" : "RESOURCE_DESCRIPTION",
    "originalAuthor" : {
      "name" : "Silje Ljosland Bakke",
      "organisation" : "Helse Vest IKT AS",
      "email" : "silje.ljosland.bakke@helse-vest-ikt.no",
      "date" : "2020-06-08"
    },
    "otherContributors" : [ ],
    "lifecycleState" : {
      "codeString" : "unmanaged"
    },
    "ipAcknowledgements" : { },
    "references" : { },
    "conversionDetails" : { },
    "otherDetails" : {
      "licence" : "",
      "custodian_organisation" : "",
      "original_namespace" : "",
      "original_publisher" : "",
      "custodian_namespace" : "",
      "MD5-CAM-1.0.1" : "ab2a4065244d625b7d13e1815143ebf7",
      "PARENT:MD5-CAM-1.0.1" : "A6416CFA7BE93AB5407182D93D3D8E70",
      "original_language" : "ISO_639-1::en"
    },
    "details" : {
      "en" : {
        "@type" : "RESOURCE_DESCRIPTION_ITEM",
        "language" : {
          "terminologyId" : {
            "value" : "ISO_639-1"
          },
          "codeString" : "en"
        },
        "purpose" : "To record the PROMIS-29 Profile v2.1.",
        "use" : "Use to record the PROMIS-29 Profile v2.1.\n\nWhile openEHR templates are all freely available under an open license, the specific content of this template is copyright protected. Any use of this archetype within implementations must be in compliance with the terms established by the copyright owners.\n\nCopyright statement: PROMIS tests, test protocols, test items, norms, norms tables, scoring programs, scoring keys (including scoring algorithms, scale definitions, scale membership, and scoring directions), score reports, software, and other PROMIS-related materials are ©2006-2017 PROMIS Health Organization or other individuals/entities that have contributed information and materials, and are being used with the permission of the copyright holders.\n\nTerms and conditions for use: https://www.healthmeasures.net/images/PROMIS/Terms_of_Use_HM_approved_1-12-17_-_Updated_Copyright_Notices.pdf",
        "originalResourceUri" : { },
        "otherDetails" : { }
      },
      "de" : {
        "@type" : "RESOURCE_DESCRIPTION_ITEM",
        "language" : {
          "terminologyId" : {
            "value" : "ISO_639-1"
          },
          "codeString" : "de"
        },
        "originalResourceUri" : { },
        "otherDetails" : {
          "notes" : "Generated automatically by Adl Designer"
        }
      }
    }
  },
  "parentArchetypeId" : "openEHR-EHR-OBSERVATION.promis.v0",
  "differential" : true,
  "archetypeId" : {
    "@type" : "ARCHETYPE_HRID",
    "value" : "openEHR-EHR-OBSERVATION.t_promis.v0"
  },
  "definition" : {
    "@type" : "C_COMPLEX_OBJECT",
    "rmTypeName" : "OBSERVATION",
    "nodeId" : "at0000.1",
    "attributes" : [ {
      "@type" : "C_ATTRIBUTE",
      "rmAttributeName" : "data",
      "children" : [ {
        "@type" : "C_COMPLEX_OBJECT",
        "rmTypeName" : "HISTORY",
        "nodeId" : "at0001",
        "attributes" : [ {
          "@type" : "C_ATTRIBUTE",
          "rmAttributeName" : "events",
          "children" : [ {
            "@type" : "C_COMPLEX_OBJECT",
            "rmTypeName" : "EVENT",
            "nodeId" : "at0002",
            "attributes" : [ {
              "@type" : "C_ATTRIBUTE",
              "rmAttributeName" : "data",
              "children" : [ {
                "@type" : "C_COMPLEX_OBJECT",
                "rmTypeName" : "ITEM_TREE",
                "nodeId" : "at0003",
                "attributes" : [ {
                  "@type" : "C_ATTRIBUTE",
                  "rmAttributeName" : "items",
                  "children" : [ {
                    "@type" : "C_COMPLEX_OBJECT",
                    "rmTypeName" : "ELEMENT",
                    "nodeId" : "at0007.1",
                    "attributes" : [ {
                      "@type" : "C_ATTRIBUTE",
                      "rmAttributeName" : "value",
                      "children" : [ {
                        "@type" : "C_COMPLEX_OBJECT",
                        "rmTypeName" : "DV_TEXT",
                        "defaultValue" : {
                          "@type" : "DV_TEXT",
                          "value" : "PROMIS-29"
                        },
                        "attributes" : [ {
                          "@type" : "C_ATTRIBUTE",
                          "rmAttributeName" : "value",
                          "existence" : "0..1",
                          "children" : [ {
                            "@type" : "C_STRING",
                            "constraint" : [ "PROMIS-29" ]
                          } ]
                        } ],
                        "attributeTuples" : [ ]
                      } ]
                    } ],
                    "attributeTuples" : [ ]
                  }, {
                    "@type" : "C_ARCHETYPE_ROOT",
                    "rmTypeName" : "CLUSTER",
                    "occurrences" : "0..1",
                    "nodeId" : "at0004.1",
                    "attributes" : [ ],
                    "attributeTuples" : [ ],
                    "archetypeRef" : "openEHR-EHR-CLUSTER.ovl-promis_bank_v20_physical_function-000.v0",
                    "referenceType" : "archetypeOverlay"
                  }, {
                    "@type" : "C_ARCHETYPE_ROOT",
                    "rmTypeName" : "CLUSTER",
                    "occurrences" : "0..1",
                    "nodeId" : "at0004.2",
                    "attributes" : [ ],
                    "attributeTuples" : [ ],
                    "archetypeRef" : "openEHR-EHR-CLUSTER.ovl-promis_bank_v10_anxiety-001.v0",
                    "referenceType" : "archetypeOverlay"
                  }, {
                    "@type" : "C_ARCHETYPE_ROOT",
                    "rmTypeName" : "CLUSTER",
                    "occurrences" : "0..1",
                    "nodeId" : "at0004.3",
                    "attributes" : [ ],
                    "attributeTuples" : [ ],
                    "archetypeRef" : "openEHR-EHR-CLUSTER.ovl-promis_bank_v10_depression-002.v0",
                    "referenceType" : "archetypeOverlay"
                  }, {
                    "@type" : "C_ARCHETYPE_ROOT",
                    "rmTypeName" : "CLUSTER",
                    "occurrences" : "0..1",
                    "nodeId" : "at0004.4",
                    "attributes" : [ ],
                    "attributeTuples" : [ ],
                    "archetypeRef" : "openEHR-EHR-CLUSTER.ovl-promis_bank_v10_fatigue-003.v0",
                    "referenceType" : "archetypeOverlay"
                  }, {
                    "@type" : "C_ARCHETYPE_ROOT",
                    "rmTypeName" : "CLUSTER",
                    "occurrences" : "0..1",
                    "nodeId" : "at0004.5",
                    "attributes" : [ ],
                    "attributeTuples" : [ ],
                    "archetypeRef" : "openEHR-EHR-CLUSTER.ovl-promis_bank_v10_sleep_disturbance-004.v0",
                    "referenceType" : "archetypeOverlay"
                  }, {
                    "@type" : "C_ARCHETYPE_ROOT",
                    "rmTypeName" : "CLUSTER",
                    "occurrences" : "0..1",
                    "nodeId" : "at0004.6",
                    "attributes" : [ ],
                    "attributeTuples" : [ ],
                    "archetypeRef" : "openEHR-EHR-CLUSTER.ovl-promis_bank_v20_ability_participate-005.v0",
                    "referenceType" : "archetypeOverlay"
                  }, {
                    "@type" : "C_ARCHETYPE_ROOT",
                    "rmTypeName" : "CLUSTER",
                    "occurrences" : "0..1",
                    "nodeId" : "at0004.7",
                    "attributes" : [ ],
                    "attributeTuples" : [ ],
                    "archetypeRef" : "openEHR-EHR-CLUSTER.ovl-promis_bank_v11_pain_interference-006.v0",
                    "referenceType" : "archetypeOverlay"
                  }, {
                    "@type" : "C_ARCHETYPE_ROOT",
                    "rmTypeName" : "CLUSTER",
                    "occurrences" : "0..1",
                    "nodeId" : "at0004.8",
                    "attributes" : [ ],
                    "attributeTuples" : [ ],
                    "archetypeRef" : "openEHR-EHR-CLUSTER.ovl-promis_scale_v12_global_health-007.v0",
                    "referenceType" : "archetypeOverlay"
                  } ]
                } ],
                "attributeTuples" : [ ]
              } ]
            } ],
            "attributeTuples" : [ ]
          } ]
        } ],
        "attributeTuples" : [ ]
      } ]
    } ],
    "attributeTuples" : [ ]
  },
  "terminology" : {
    "@type" : "ARCHETYPE_TERMINOLOGY",
    "conceptCode" : "at0000",
    "termDefinitions" : {
      "en" : {
        "at0000.1" : {
          "@type" : "ARCHETYPE_TERM",
          "code" : "at0000.1",
          "text" : "PROMIS-29",
          "description" : "Patient Reported Outcomes Measurement Information System®, a set of over 300 measures of physical, mental, and social health for use with the general population and with individuals living with chronic conditions."
        }
      },
      "de" : {
        "at0000.1" : {
          "@type" : "ARCHETYPE_TERM",
          "code" : "at0000.1",
          "text" : "PROMIS-29",
          "description" : "Patient Reported Outcomes Measurement Information System®, ein Satz von über 300 Messungen der physischen, psychischen und sozialen Gesundheit zur Verwendung in der Allgemeinbevölkerung und bei Personen mit chronischen Erkrankungen."
        }
      }
    },
    "termBindings" : { },
    "terminologyExtracts" : { },
    "valueSets" : { }
  },
  "adlVersion" : "1.4",
  "buildUid" : "0370e6df-96ef-327a-9b0a-7118b1494f3d",
  "rmName" : "openehr",
  "rmRelease" : "1.1.0",
  "generated" : true,
  "templateId" : "PROMIS-29",
  "otherMetaData" : { },
  "templateOverlays" : [ {
    "@type" : "TEMPLATE_OVERLAY",
    "uid" : "6c4a9886-aa16-4225-a9a2-32ecc532abdb",
    "description" : {
      "@type" : "RESOURCE_DESCRIPTION",
      "originalAuthor" : { },
      "otherContributors" : [ ],
      "ipAcknowledgements" : { },
      "references" : { },
      "conversionDetails" : { },
      "otherDetails" : {
        "PARENT:MD5-CAM-1.0.1" : "C34F5936243D3BB76E5A516EF3B61141"
      },
      "details" : { }
    },
    "annotations" : {
      "@type" : "RESOURCE_ANNOTATIONS",
      "documentation" : {
        "en" : {
          "/items[at0009]" : {
            "item_code" : "PFA53"
          },
          "/items[at0001]" : {
            "item_code" : "PFA11"
          },
          "/items[at0008]" : {
            "item_code" : "PFA23"
          },
          "/items[at0007]" : {
            "item_code" : "PFA21"
          }
        },
        "de" : {
          "/items[at0009]" : {
            "item_code" : "PFA53"
          },
          "/items[at0001]" : {
            "item_code" : "PFA11"
          },
          "/items[at0008]" : {
            "item_code" : "PFA23"
          },
          "/items[at0007]" : {
            "item_code" : "PFA21"
          }
        }
      }
    },
    "parentArchetypeId" : "openEHR-EHR-CLUSTER.promis_bank_v20_physical_function.v0",
    "differential" : true,
    "archetypeId" : {
      "@type" : "ARCHETYPE_HRID",
      "value" : "openEHR-EHR-CLUSTER.ovl-promis_bank_v20_physical_function-000.v0"
    },
    "definition" : {
      "@type" : "C_COMPLEX_OBJECT",
      "rmTypeName" : "CLUSTER",
      "nodeId" : "at0000.1",
      "attributes" : [ ],
      "attributeTuples" : [ ]
    },
    "terminology" : {
      "@type" : "ARCHETYPE_TERMINOLOGY",
      "conceptCode" : "at0000",
      "termDefinitions" : {
        "en" : { },
        "de" : { }
      },
      "termBindings" : { },
      "terminologyExtracts" : { },
      "valueSets" : { }
    },
    "adlVersion" : "1.4",
    "buildUid" : "f9b966f6-9566-4723-bf2b-02abff61a150",
    "rmName" : "openehr",
    "rmRelease" : "1.1.0",
    "generated" : true,
    "otherMetaData" : { },
    "originalLanguage" : {
      "terminologyId" : {
        "value" : "ISO_639-1"
      },
      "codeString" : "en"
    },
    "translations" : [ {
      "@type" : "TRANSLATION_DETAILS",
      "language" : {
        "terminologyId" : {
          "value" : "ISO_639-1"
        },
        "codeString" : "de"
      },
      "author" : {
        "name" : "Sarah Ballout",
        "organisation" : "MHH-Hannover",
        "email" : "ballout.sarah@mh-hannover.de"
      },
      "otherDetails" : { }
    } ]
  }, {
    "@type" : "TEMPLATE_OVERLAY",
    "uid" : "73699d19-9fb5-4c09-a2b9-7f184cb582fc",
    "description" : {
      "@type" : "RESOURCE_DESCRIPTION",
      "originalAuthor" : { },
      "otherContributors" : [ ],
      "ipAcknowledgements" : { },
      "references" : { },
      "conversionDetails" : { },
      "otherDetails" : {
        "PARENT:MD5-CAM-1.0.1" : "90E91187F14A004004B721CEBD23B2CF"
      },
      "details" : { }
    },
    "annotations" : {
      "@type" : "RESOURCE_ANNOTATIONS",
      "documentation" : {
        "en" : {
          "/items[at0009]" : {
            "item_code" : "EDANX53"
          },
          "/items[at0001]" : {
            "item_code" : "EDANX01"
          },
          "/items[at0008]" : {
            "item_code" : "EDANX41"
          },
          "/items[at0007]" : {
            "item_code" : "EDANX40"
          }
        },
        "de" : {
          "/items[at0009]" : {
            "item_code" : "EDANX53"
          },
          "/items[at0001]" : {
            "item_code" : "EDANX01"
          },
          "/items[at0008]" : {
            "item_code" : "EDANX41"
          },
          "/items[at0007]" : {
            "item_code" : "EDANX40"
          }
        }
      }
    },
    "parentArchetypeId" : "openEHR-EHR-CLUSTER.promis_bank_v10_anxiety.v0",
    "differential" : true,
    "archetypeId" : {
      "@type" : "ARCHETYPE_HRID",
      "value" : "openEHR-EHR-CLUSTER.ovl-promis_bank_v10_anxiety-001.v0"
    },
    "definition" : {
      "@type" : "C_COMPLEX_OBJECT",
      "rmTypeName" : "CLUSTER",
      "nodeId" : "at0000.1",
      "attributes" : [ ],
      "attributeTuples" : [ ]
    },
    "terminology" : {
      "@type" : "ARCHETYPE_TERMINOLOGY",
      "conceptCode" : "at0000",
      "termDefinitions" : {
        "en" : { },
        "de" : { }
      },
      "termBindings" : { },
      "terminologyExtracts" : { },
      "valueSets" : { }
    },
    "adlVersion" : "1.4",
    "buildUid" : "4932b659-77d1-47ce-97f1-d1359d394887",
    "rmName" : "openehr",
    "rmRelease" : "1.1.0",
    "generated" : true,
    "otherMetaData" : { },
    "originalLanguage" : {
      "terminologyId" : {
        "value" : "ISO_639-1"
      },
      "codeString" : "en"
    },
    "translations" : [ {
      "@type" : "TRANSLATION_DETAILS",
      "language" : {
        "terminologyId" : {
          "value" : "ISO_639-1"
        },
        "codeString" : "de"
      },
      "author" : {
        "name" : "Sarah Ballout",
        "organisation" : "MHH-Hannover",
        "email" : "ballout.sarah@mh-hannover.de"
      },
      "otherDetails" : { }
    } ]
  }, {
    "@type" : "TEMPLATE_OVERLAY",
    "uid" : "b3a90285-ce3a-4c99-9d95-fd8b4ae1d2f1",
    "description" : {
      "@type" : "RESOURCE_DESCRIPTION",
      "originalAuthor" : { },
      "otherContributors" : [ ],
      "ipAcknowledgements" : { },
      "references" : { },
      "conversionDetails" : { },
      "otherDetails" : {
        "PARENT:MD5-CAM-1.0.1" : "DD1EE9FA36382376B87AF366C226A929"
      },
      "details" : { }
    },
    "annotations" : {
      "@type" : "RESOURCE_ANNOTATIONS",
      "documentation" : {
        "en" : {
          "/items[at0009]" : {
            "item_code" : "EDDEP41"
          },
          "/items[at0001]" : {
            "item_code" : "EDDEP04"
          },
          "/items[at0008]" : {
            "item_code" : "EDDEP29"
          },
          "/items[at0007]" : {
            "item_code" : "EDDEP06"
          }
        },
        "de" : {
          "/items[at0009]" : {
            "item_code" : "EDDEP41"
          },
          "/items[at0001]" : {
            "item_code" : "EDDEP04"
          },
          "/items[at0008]" : {
            "item_code" : "EDDEP29"
          },
          "/items[at0007]" : {
            "item_code" : "EDDEP06"
          }
        }
      }
    },
    "parentArchetypeId" : "openEHR-EHR-CLUSTER.promis_bank_v10_depression.v0",
    "differential" : true,
    "archetypeId" : {
      "@type" : "ARCHETYPE_HRID",
      "value" : "openEHR-EHR-CLUSTER.ovl-promis_bank_v10_depression-002.v0"
    },
    "definition" : {
      "@type" : "C_COMPLEX_OBJECT",
      "rmTypeName" : "CLUSTER",
      "nodeId" : "at0000.1",
      "attributes" : [ ],
      "attributeTuples" : [ ]
    },
    "terminology" : {
      "@type" : "ARCHETYPE_TERMINOLOGY",
      "conceptCode" : "at0000",
      "termDefinitions" : {
        "en" : { },
        "de" : { }
      },
      "termBindings" : { },
      "terminologyExtracts" : { },
      "valueSets" : { }
    },
    "adlVersion" : "1.4",
    "buildUid" : "5e4ece22-95e9-47dc-997f-bc604567e570",
    "rmName" : "openehr",
    "rmRelease" : "1.1.0",
    "generated" : true,
    "otherMetaData" : { },
    "originalLanguage" : {
      "terminologyId" : {
        "value" : "ISO_639-1"
      },
      "codeString" : "en"
    },
    "translations" : [ {
      "@type" : "TRANSLATION_DETAILS",
      "language" : {
        "terminologyId" : {
          "value" : "ISO_639-1"
        },
        "codeString" : "de"
      },
      "author" : {
        "name" : "Sarah Ballout",
        "organisation" : "MHH-Hannover",
        "email" : "ballout.sarah@mh-hannover.de"
      },
      "otherDetails" : { }
    } ]
  }, {
    "@type" : "TEMPLATE_OVERLAY",
    "uid" : "591d3bc0-3bcf-4456-ac04-cc9bda07135d",
    "description" : {
      "@type" : "RESOURCE_DESCRIPTION",
      "originalAuthor" : { },
      "otherContributors" : [ ],
      "ipAcknowledgements" : { },
      "references" : { },
      "conversionDetails" : { },
      "otherDetails" : {
        "PARENT:MD5-CAM-1.0.1" : "6A98247C977EC343B7F6FCA61C23E51C"
      },
      "details" : { }
    },
    "annotations" : {
      "@type" : "RESOURCE_ANNOTATIONS",
      "documentation" : {
        "en" : {
          "/items[at0009]" : {
            "item_code" : "FATEXP40"
          },
          "/items[at0001]" : {
            "item_code" : "HI7"
          },
          "/items[at0008]" : {
            "item_code" : "FATEXP41"
          },
          "/items[at0007]" : {
            "item_code" : "AN3"
          }
        },
        "de" : {
          "/items[at0009]" : {
            "item_code" : "FATEXP40"
          },
          "/items[at0001]" : {
            "item_code" : "HI7"
          },
          "/items[at0008]" : {
            "item_code" : "FATEXP41"
          },
          "/items[at0007]" : {
            "item_code" : "AN3"
          }
        }
      }
    },
    "parentArchetypeId" : "openEHR-EHR-CLUSTER.promis_bank_v10_fatigue.v0",
    "differential" : true,
    "archetypeId" : {
      "@type" : "ARCHETYPE_HRID",
      "value" : "openEHR-EHR-CLUSTER.ovl-promis_bank_v10_fatigue-003.v0"
    },
    "definition" : {
      "@type" : "C_COMPLEX_OBJECT",
      "rmTypeName" : "CLUSTER",
      "nodeId" : "at0000.1",
      "attributes" : [ ],
      "attributeTuples" : [ ]
    },
    "terminology" : {
      "@type" : "ARCHETYPE_TERMINOLOGY",
      "conceptCode" : "at0000",
      "termDefinitions" : {
        "en" : { },
        "de" : { }
      },
      "termBindings" : { },
      "terminologyExtracts" : { },
      "valueSets" : { }
    },
    "adlVersion" : "1.4",
    "buildUid" : "01b2a35b-2ac9-4b9b-9487-59b6ab7ed319",
    "rmName" : "openehr",
    "rmRelease" : "1.1.0",
    "generated" : true,
    "otherMetaData" : { },
    "originalLanguage" : {
      "terminologyId" : {
        "value" : "ISO_639-1"
      },
      "codeString" : "en"
    },
    "translations" : [ {
      "@type" : "TRANSLATION_DETAILS",
      "language" : {
        "terminologyId" : {
          "value" : "ISO_639-1"
        },
        "codeString" : "de"
      },
      "author" : {
        "name" : "Sarah Ballout",
        "organisation" : "MHH-Hannover",
        "email" : "ballout.sarah@mh-hannover.de"
      },
      "otherDetails" : { }
    } ]
  }, {
    "@type" : "TEMPLATE_OVERLAY",
    "uid" : "247dfde1-bb34-4a3a-b94b-75c23f0a650c",
    "description" : {
      "@type" : "RESOURCE_DESCRIPTION",
      "originalAuthor" : { },
      "otherContributors" : [ ],
      "ipAcknowledgements" : { },
      "references" : { },
      "conversionDetails" : { },
      "otherDetails" : {
        "PARENT:MD5-CAM-1.0.1" : "582FA027529E1B09C2BCD9B187076CC5"
      },
      "details" : { }
    },
    "annotations" : {
      "@type" : "RESOURCE_ANNOTATIONS",
      "documentation" : {
        "en" : {
          "/items[at0009]" : {
            "item_code" : "Sleep44"
          },
          "/items[at0001]" : {
            "item_code" : "Sleep116"
          },
          "/items[at0008]" : {
            "item_code" : "Sleep20"
          },
          "/items[at0007]" : {
            "item_code" : "Sleep109"
          }
        },
        "de" : {
          "/items[at0009]" : {
            "item_code" : "Sleep44"
          },
          "/items[at0001]" : {
            "item_code" : "Sleep116"
          },
          "/items[at0008]" : {
            "item_code" : "Sleep20"
          },
          "/items[at0007]" : {
            "item_code" : "Sleep109"
          }
        }
      }
    },
    "parentArchetypeId" : "openEHR-EHR-CLUSTER.promis_bank_v10_sleep_disturbance.v0",
    "differential" : true,
    "archetypeId" : {
      "@type" : "ARCHETYPE_HRID",
      "value" : "openEHR-EHR-CLUSTER.ovl-promis_bank_v10_sleep_disturbance-004.v0"
    },
    "definition" : {
      "@type" : "C_COMPLEX_OBJECT",
      "rmTypeName" : "CLUSTER",
      "nodeId" : "at0000.1",
      "attributes" : [ ],
      "attributeTuples" : [ ]
    },
    "terminology" : {
      "@type" : "ARCHETYPE_TERMINOLOGY",
      "conceptCode" : "at0000",
      "termDefinitions" : {
        "en" : { },
        "de" : { }
      },
      "termBindings" : { },
      "terminologyExtracts" : { },
      "valueSets" : { }
    },
    "adlVersion" : "1.4",
    "buildUid" : "52cf0695-3fd6-4b23-a316-bf958a7d6c3d",
    "rmName" : "openehr",
    "rmRelease" : "1.1.0",
    "generated" : true,
    "otherMetaData" : { },
    "originalLanguage" : {
      "terminologyId" : {
        "value" : "ISO_639-1"
      },
      "codeString" : "en"
    },
    "translations" : [ {
      "@type" : "TRANSLATION_DETAILS",
      "language" : {
        "terminologyId" : {
          "value" : "ISO_639-1"
        },
        "codeString" : "de"
      },
      "author" : {
        "name" : "Sarah Ballout",
        "organisation" : "MHH-Hannover",
        "email" : "ballout.sarah@mh-hannover.de"
      },
      "otherDetails" : { }
    } ]
  }, {
    "@type" : "TEMPLATE_OVERLAY",
    "uid" : "5372489c-4bf5-453e-86bf-e46330883923",
    "description" : {
      "@type" : "RESOURCE_DESCRIPTION",
      "originalAuthor" : { },
      "otherContributors" : [ ],
      "ipAcknowledgements" : { },
      "references" : { },
      "conversionDetails" : { },
      "otherDetails" : {
        "PARENT:MD5-CAM-1.0.1" : "14049DEE9779208E9C190F727435650E"
      },
      "details" : { }
    },
    "annotations" : {
      "@type" : "RESOURCE_ANNOTATIONS",
      "documentation" : {
        "en" : {
          "/items[at0009]" : {
            "item_code" : "SRPPER46 _CaPS"
          },
          "/items[at0001]" : {
            "item_code" : "SRPPER11 _CaPS"
          },
          "/items[at0008]" : {
            "item_code" : "SRPPER23 _CaPS"
          },
          "/items[at0007]" : {
            "item_code" : "SRPPER18 _CaPS"
          }
        },
        "de" : {
          "/items[at0009]" : {
            "item_code" : "SRPPER46 _CaPS"
          },
          "/items[at0001]" : {
            "item_code" : "SRPPER11 _CaPS"
          },
          "/items[at0008]" : {
            "item_code" : "SRPPER23 _CaPS"
          },
          "/items[at0007]" : {
            "item_code" : "SRPPER18 _CaPS"
          }
        }
      }
    },
    "parentArchetypeId" : "openEHR-EHR-CLUSTER.promis_bank_v20_ability_participate.v0",
    "differential" : true,
    "archetypeId" : {
      "@type" : "ARCHETYPE_HRID",
      "value" : "openEHR-EHR-CLUSTER.ovl-promis_bank_v20_ability_participate-005.v0"
    },
    "definition" : {
      "@type" : "C_COMPLEX_OBJECT",
      "rmTypeName" : "CLUSTER",
      "nodeId" : "at0000.1",
      "attributes" : [ ],
      "attributeTuples" : [ ]
    },
    "terminology" : {
      "@type" : "ARCHETYPE_TERMINOLOGY",
      "conceptCode" : "at0000",
      "termDefinitions" : {
        "en" : { },
        "de" : { }
      },
      "termBindings" : { },
      "terminologyExtracts" : { },
      "valueSets" : { }
    },
    "adlVersion" : "1.4",
    "buildUid" : "d56f14e6-5ca1-4867-9b21-a379c6292f32",
    "rmName" : "openehr",
    "rmRelease" : "1.1.0",
    "generated" : true,
    "otherMetaData" : { },
    "originalLanguage" : {
      "terminologyId" : {
        "value" : "ISO_639-1"
      },
      "codeString" : "en"
    },
    "translations" : [ {
      "@type" : "TRANSLATION_DETAILS",
      "language" : {
        "terminologyId" : {
          "value" : "ISO_639-1"
        },
        "codeString" : "de"
      },
      "author" : {
        "name" : "Sarah Ballout",
        "organisation" : "MHH-Hannover",
        "email" : "ballout.sarah@mh-hannover.de"
      },
      "otherDetails" : { }
    } ]
  }, {
    "@type" : "TEMPLATE_OVERLAY",
    "uid" : "434aa306-5bb7-4cd6-8f30-21084da2c5a1",
    "description" : {
      "@type" : "RESOURCE_DESCRIPTION",
      "originalAuthor" : { },
      "otherContributors" : [ ],
      "ipAcknowledgements" : { },
      "references" : { },
      "conversionDetails" : { },
      "otherDetails" : {
        "PARENT:MD5-CAM-1.0.1" : "BF58312878283DFC549685A49AD974F1"
      },
      "details" : { }
    },
    "annotations" : {
      "@type" : "RESOURCE_ANNOTATIONS",
      "documentation" : {
        "en" : {
          "/items[at0009]" : {
            "item_code" : "PAININ34"
          },
          "/items[at0001]" : {
            "item_code" : "PAININ9"
          },
          "/items[at0008]" : {
            "item_code" : "PAININ31"
          },
          "/items[at0007]" : {
            "item_code" : "PAININ22"
          }
        },
        "de" : {
          "/items[at0009]" : {
            "item_code" : "PAININ34"
          },
          "/items[at0001]" : {
            "item_code" : "PAININ9"
          },
          "/items[at0008]" : {
            "item_code" : "PAININ31"
          },
          "/items[at0007]" : {
            "item_code" : "PAININ22"
          }
        }
      }
    },
    "parentArchetypeId" : "openEHR-EHR-CLUSTER.promis_bank_v11_pain_interference.v0",
    "differential" : true,
    "archetypeId" : {
      "@type" : "ARCHETYPE_HRID",
      "value" : "openEHR-EHR-CLUSTER.ovl-promis_bank_v11_pain_interference-006.v0"
    },
    "definition" : {
      "@type" : "C_COMPLEX_OBJECT",
      "rmTypeName" : "CLUSTER",
      "nodeId" : "at0000.1",
      "attributes" : [ ],
      "attributeTuples" : [ ]
    },
    "terminology" : {
      "@type" : "ARCHETYPE_TERMINOLOGY",
      "conceptCode" : "at0000",
      "termDefinitions" : {
        "en" : { },
        "de" : { }
      },
      "termBindings" : { },
      "terminologyExtracts" : { },
      "valueSets" : { }
    },
    "adlVersion" : "1.4",
    "buildUid" : "bc714e1f-26a2-4456-9f84-1ad7ee62089d",
    "rmName" : "openehr",
    "rmRelease" : "1.1.0",
    "generated" : true,
    "otherMetaData" : { },
    "originalLanguage" : {
      "terminologyId" : {
        "value" : "ISO_639-1"
      },
      "codeString" : "en"
    },
    "translations" : [ {
      "@type" : "TRANSLATION_DETAILS",
      "language" : {
        "terminologyId" : {
          "value" : "ISO_639-1"
        },
        "codeString" : "de"
      },
      "author" : {
        "name" : "Sarah Ballout",
        "organisation" : "MHH-Hannover",
        "email" : "ballout.sarah@mh-hannover.de"
      },
      "otherDetails" : { }
    } ]
  }, {
    "@type" : "TEMPLATE_OVERLAY",
    "uid" : "91718c8d-9715-4e15-a450-68b97a4eea9d",
    "description" : {
      "@type" : "RESOURCE_DESCRIPTION",
      "originalAuthor" : { },
      "otherContributors" : [ ],
      "ipAcknowledgements" : { },
      "references" : { },
      "conversionDetails" : { },
      "otherDetails" : {
        "PARENT:MD5-CAM-1.0.1" : "16C840F2BED47304E6A9D274CCE0F9DD"
      },
      "details" : { }
    },
    "annotations" : {
      "@type" : "RESOURCE_ANNOTATIONS",
      "documentation" : {
        "en" : {
          "/items[at0001]" : {
            "item_code" : "Global07r"
          }
        },
        "de" : {
          "/items[at0001]" : {
            "item_code" : "Global07r"
          }
        }
      }
    },
    "parentArchetypeId" : "openEHR-EHR-CLUSTER.promis_scale_v12_global_health.v0",
    "differential" : true,
    "archetypeId" : {
      "@type" : "ARCHETYPE_HRID",
      "value" : "openEHR-EHR-CLUSTER.ovl-promis_scale_v12_global_health-007.v0"
    },
    "definition" : {
      "@type" : "C_COMPLEX_OBJECT",
      "rmTypeName" : "CLUSTER",
      "nodeId" : "at0000.1",
      "attributes" : [ ],
      "attributeTuples" : [ ]
    },
    "terminology" : {
      "@type" : "ARCHETYPE_TERMINOLOGY",
      "conceptCode" : "at0000",
      "termDefinitions" : {
        "en" : { },
        "de" : { }
      },
      "termBindings" : { },
      "terminologyExtracts" : { },
      "valueSets" : { }
    },
    "adlVersion" : "1.4",
    "buildUid" : "9a550b7e-9ab8-40e9-9e84-afc8f947756f",
    "rmName" : "openehr",
    "rmRelease" : "1.1.0",
    "generated" : true,
    "otherMetaData" : { },
    "originalLanguage" : {
      "terminologyId" : {
        "value" : "ISO_639-1"
      },
      "codeString" : "en"
    },
    "translations" : [ {
      "@type" : "TRANSLATION_DETAILS",
      "language" : {
        "terminologyId" : {
          "value" : "ISO_639-1"
        },
        "codeString" : "de"
      },
      "author" : {
        "name" : "Sarah Ballout",
        "organisation" : "MHH-Hannover",
        "email" : "ballout.sarah@mh-hannover.de"
      },
      "otherDetails" : { }
    } ]
  } ],
  "originalLanguage" : {
    "terminologyId" : {
      "value" : "ISO_639-1"
    },
    "codeString" : "en"
  },
  "translations" : [ {
    "@type" : "TRANSLATION_DETAILS",
    "language" : {
      "terminologyId" : {
        "value" : "ISO_639-1"
      },
      "codeString" : "de"
    },
    "author" : {
      "name" : "Sarah Ballout",
      "organisation" : "MHH-Hannover",
      "email" : "ballout.sarah@mh-hannover.de"
    },
    "otherDetails" : { }
  } ]
}