{
  "@type" : "TEMPLATE",
  "uid" : "00f3eaa9-0831-4e36-9a47-80b7cf7beb5c",
  "description" : {
    "@type" : "RESOURCE_DESCRIPTION",
    "originalAuthor" : {
      "date" : "2022-11-14"
    },
    "otherContributors" : [ ],
    "lifecycleState" : {
      "codeString" : "unmanaged"
    },
    "ipAcknowledgements" : { },
    "references" : { },
    "conversionDetails" : { },
    "otherDetails" : {
      "licence" : "",
      "custodian_organisation" : "",
      "original_namespace" : "",
      "original_publisher" : "",
      "custodian_namespace" : "",
      "sem_ver" : "0.0.2",
      "build_uid" : "c98c4a25-2cd7-4367-9ebe-f9e8a72e7f13",
      "MD5-CAM-1.0.1" : "ba39915d5adf14acf7d87a1fcf1698b7",
      "PARENT:MD5-CAM-1.0.1" : "B2439FE7CDCBBB0532C37A0F15FE82CD"
    },
    "details" : {
      "en" : {
        "@type" : "RESOURCE_DESCRIPTION_ITEM",
        "language" : {
          "terminologyId" : {
            "value" : "ISO_639-1"
          },
          "codeString" : "en"
        },
        "keywords" : [ ],
        "originalResourceUri" : { },
        "otherDetails" : { }
      }
    }
  },
  "parentArchetypeId" : "openEHR-EHR-ADMIN_ENTRY.demographics.v0",
  "differential" : true,
  "archetypeId" : {
    "@type" : "ARCHETYPE_HRID",
    "value" : "openEHR-EHR-ADMIN_ENTRY.t_demographics.v0"
  },
  "definition" : {
    "@type" : "C_COMPLEX_OBJECT",
    "rmTypeName" : "ADMIN_ENTRY",
    "nodeId" : "at0000.1",
    "attributes" : [ {
      "@type" : "C_ATTRIBUTE",
      "rmAttributeName" : "data",
      "children" : [ {
        "@type" : "C_COMPLEX_OBJECT",
        "rmTypeName" : "ITEM_TREE",
        "nodeId" : "at0001",
        "attributes" : [ {
          "@type" : "C_ATTRIBUTE",
          "rmAttributeName" : "items",
          "children" : [ {
            "@type" : "C_ARCHETYPE_ROOT",
            "rmTypeName" : "CLUSTER",
            "occurrences" : "0..1",
            "nodeId" : "at0003.1",
            "attributes" : [ ],
            "attributeTuples" : [ ],
            "archetypeRef" : "openEHR-EHR-CLUSTER.ovl-person-001.v1",
            "referenceType" : "archetypeOverlay"
          } ]
        } ],
        "attributeTuples" : [ ]
      } ]
    } ],
    "attributeTuples" : [ ],
    "attributeCustomizations" : {
      "data" : {
        "aliases" : {
          "en" : "data"
        }
      }
    }
  },
  "terminology" : {
    "@type" : "ARCHETYPE_TERMINOLOGY",
    "conceptCode" : "at0000",
    "termDefinitions" : {
      "en" : {
        "at0000.1" : {
          "@type" : "ARCHETYPE_TERM",
          "code" : "at0000.1",
          "text" : "SimpelDemo.V0.0.1",
          "description" : "A container archetype used to hold demographic-related EHR CLUSTER archetypes."
        }
      }
    },
    "termBindings" : { },
    "terminologyExtracts" : { },
    "valueSets" : { }
  },
  "adlVersion" : "1.4",
  "buildUid" : "21366d5b-1a24-37cc-aea8-903e4225fbc7",
  "rmName" : "openehr",
  "rmRelease" : "1.1.0",
  "generated" : true,
  "templateId" : "SimpelDemo.V0.0.1",
  "otherMetaData" : { },
  "templateOverlays" : [ {
    "@type" : "TEMPLATE_OVERLAY",
    "uid" : "9fd95048-4ea8-47a3-9feb-72dded628bab",
    "description" : {
      "@type" : "RESOURCE_DESCRIPTION",
      "originalAuthor" : { },
      "otherContributors" : [ ],
      "ipAcknowledgements" : { },
      "references" : { },
      "conversionDetails" : { },
      "otherDetails" : {
        "PARENT:MD5-CAM-1.0.1" : "F1B417CBAE0A0D6B70856C5909865044"
      },
      "details" : { }
    },
    "parentArchetypeId" : "openEHR-EHR-CLUSTER.person.v1",
    "differential" : true,
    "archetypeId" : {
      "@type" : "ARCHETYPE_HRID",
      "value" : "openEHR-EHR-CLUSTER.ovl-person-001.v1"
    },
    "definition" : {
      "@type" : "C_COMPLEX_OBJECT",
      "rmTypeName" : "CLUSTER",
      "nodeId" : "at0000.1",
      "attributes" : [ {
        "@type" : "C_ATTRIBUTE",
        "rmAttributeName" : "items",
        "children" : [ {
          "@type" : "C_COMPLEX_OBJECT",
          "rmTypeName" : "ELEMENT",
          "occurrences" : "1..1",
          "nodeId" : "at0001.1",
          "attributes" : [ ],
          "attributeTuples" : [ ]
        }, {
          "@type" : "C_COMPLEX_OBJECT",
          "rmTypeName" : "ELEMENT",
          "occurrences" : "0..0",
          "nodeId" : "at0011.1",
          "attributes" : [ ],
          "attributeTuples" : [ ]
        }, {
          "@type" : "C_COMPLEX_OBJECT",
          "rmTypeName" : "ELEMENT",
          "occurrences" : "1..1",
          "nodeId" : "at0003.1",
          "attributes" : [ {
            "@type" : "C_ATTRIBUTE",
            "rmAttributeName" : "value",
            "children" : [ {
              "@type" : "C_COMPLEX_OBJECT",
              "rmTypeName" : "DV_IDENTIFIER",
              "defaultValue" : {
                "@type" : "DV_IDENTIFIER"
              },
              "attributes" : [ ],
              "attributeTuples" : [ ]
            } ]
          } ],
          "attributeTuples" : [ ]
        }, {
          "@type" : "C_COMPLEX_OBJECT",
          "rmTypeName" : "ELEMENT",
          "nodeId" : "at0003.2",
          "attributes" : [ {
            "@type" : "C_ATTRIBUTE",
            "rmAttributeName" : "value",
            "children" : [ {
              "@type" : "C_COMPLEX_OBJECT",
              "rmTypeName" : "DV_IDENTIFIER",
              "defaultValue" : {
                "@type" : "DV_IDENTIFIER"
              },
              "attributes" : [ ],
              "attributeTuples" : [ ]
            } ]
          } ],
          "attributeTuples" : [ ]
        }, {
          "@type" : "C_COMPLEX_OBJECT",
          "rmTypeName" : "ELEMENT",
          "occurrences" : "0..0",
          "nodeId" : "at0004.1",
          "attributes" : [ ],
          "attributeTuples" : [ ]
        }, {
          "@type" : "C_COMPLEX_OBJECT",
          "rmTypeName" : "ELEMENT",
          "occurrences" : "0..0",
          "nodeId" : "at0010.1",
          "attributes" : [ ],
          "attributeTuples" : [ ]
        }, {
          "@type" : "C_ARCHETYPE_ROOT",
          "rmTypeName" : "CLUSTER",
          "occurrences" : "0..1",
          "nodeId" : "at0005.1",
          "attributes" : [ ],
          "attributeTuples" : [ ],
          "archetypeRef" : "openEHR-EHR-CLUSTER.ovl-address-001.v1",
          "referenceType" : "archetypeOverlay"
        } ]
      } ],
      "attributeTuples" : [ ]
    },
    "terminology" : {
      "@type" : "ARCHETYPE_TERMINOLOGY",
      "conceptCode" : "at0000",
      "termDefinitions" : {
        "en" : {
          "at0001.1" : {
            "@type" : "ARCHETYPE_TERM",
            "code" : "at0001.1",
            "text" : "Nama",
            "description" : "The unstructured name for the individual.",
            "comment" : "The content of this data element may be derived from one or more components from CLUSTER.structured_name combined together as a text string. For example: 'John Markham', 'Professor Sir John Markham', 'John Markham Jnr MP'."
          },
          "at0003.1" : {
            "@type" : "ARCHETYPE_TERM",
            "code" : "at0003.1",
            "text" : "NIK",
            "description" : "Identifier associated with the individual.",
            "comment" : "Occurrences for this data element is set to 0..* to allow for more than one Identifier to be recorded. Note that the DV_IDENTIFIER data type contains multiple subcomponents for recording the ID value, type, issuer and assigned. For example - social security number; driver's license; or passport number."
          },
          "at0003.2" : {
            "@type" : "ARCHETYPE_TERM",
            "code" : "at0003.2",
            "text" : "No Satu Sehat",
            "description" : "Identifier associated with the individual.",
            "comment" : "Occurrences for this data element is set to 0..* to allow for more than one Identifier to be recorded. Note that the DV_IDENTIFIER data type contains multiple subcomponents for recording the ID value, type, issuer and assigned. For example - social security number; driver's license; or passport number."
          }
        },
        "nb" : {
          "at0003.2" : {
            "@type" : "ARCHETYPE_TERM",
            "code" : "at0003.1",
            "text" : "Identifikator (2)",
            "description" : "Identifikator for personen.",
            "comment" : "Forekomster for dette dataelementet er satt til 0..* for å tillatte registrering av mer enn én Identifikator. Legg merke til at DV_IDENTIFIER-datatypen inneholder flere underkomponenter for å registrere ID-verdi, type, utsteder og tilordnet. For eksempel: personnummer, førerkort eller passnummer."
          }
        },
        "de" : {
          "at0003.2" : {
            "@type" : "ARCHETYPE_TERM",
            "code" : "at0003.1",
            "text" : "Identifikator (2)",
            "description" : "Mit der Person verbundener Identifikator.",
            "comment" : "Kardinalität für dieses Datenelement wird auf 0..* gesetzt, damit mehr als einer Identifikator dargestellt werden kann. Beachten Sie, dass der DV_IDENTIFIER-Datentyp mehrere Unterkomponenten zum Aufzeichnen des ID-Werts, -Typs, -Ausstellers und -Zuweisers enthält. Zum Beispiel - Sozialversicherungsnummer, Führerschein oder Passnummer."
          }
        },
        "zh" : {
          "at0003.2" : {
            "@type" : "ARCHETYPE_TERM",
            "code" : "at0003.1",
            "text" : "标识符 (2)",
            "description" : "*Identifier associated with the person. (en)",
            "comment" : "*Occurrences for this data element is set to 0..* to allow for more than one Identifier to be recorded. Note that the DV_IDENTIFIER data type contains multiple subcomponents for recording the ID value, type, issuer and assigned. For example - social security number; driver's license; or passport number. (en)"
          }
        },
        "sv" : {
          "at0003.2" : {
            "@type" : "ARCHETYPE_TERM",
            "code" : "at0003.1",
            "text" : "Identifierare (2)",
            "description" : "Identifierare förknippad med personen.",
            "comment" : "Förekomster för detta dataelement är satt till 0..* för att tillåta att mer än en identifierare kan registreras. Observera att DV_IDENTIFIER-datatypen innehåller flera underkomponenter för registrering av ID-värde, typ, utfärdare och tilldelad. Till exempel - personnummer; körkort; eller passnummer.\r\n"
          }
        }
      },
      "termBindings" : { },
      "terminologyExtracts" : { },
      "valueSets" : { }
    },
    "adlVersion" : "1.4",
    "buildUid" : "fe8b1f1b-f5e8-4db7-9060-1c22ca9d3d6a",
    "rmName" : "openehr",
    "rmRelease" : "1.1.0",
    "generated" : true,
    "otherMetaData" : { },
    "originalLanguage" : {
      "terminologyId" : {
        "value" : "ISO_639-1"
      },
      "codeString" : "en"
    },
    "translations" : [ {
      "@type" : "TRANSLATION_DETAILS",
      "language" : {
        "terminologyId" : {
          "value" : "ISO_639-1"
        },
        "codeString" : "de"
      },
      "author" : {
        "name" : "Natalia Strauch, Alina Rehberg",
        "organisation" : "Medizinische Hochschule Hannover",
        "email" : "Strauch.Natalia@mh-hannover.de, rehberg.alina@mh-hannover.de"
      },
      "otherDetails" : { }
    }, {
      "@type" : "TRANSLATION_DETAILS",
      "language" : {
        "terminologyId" : {
          "value" : "ISO_639-1"
        },
        "codeString" : "sv"
      },
      "author" : {
        "name" : "Elham Gholami, Erik Sundvall",
        "organisation" : "Region Stockholm",
        "email" : "erik.sundvall@regionstockholm.se"
      },
      "otherDetails" : { }
    }, {
      "@type" : "TRANSLATION_DETAILS",
      "language" : {
        "terminologyId" : {
          "value" : "ISO_639-1"
        },
        "codeString" : "nb"
      },
      "author" : {
        "name" : "Liv Laugen, John Tore Valand, Vebjørn Arntzen, Kanika Kuwelker",
        "organisation" : "​Oslo University Hospital, Norway, Helse Bergen, Helse Vest IKT",
        "email" : "liv.laugen@ous-hf.no, john.tore.valand@helse-bergen.no, john.tore.valand@helse-vest-ikt.no, varntzen@ous-hf.no, kanika.kuwelker@helse-vest-ikt.no"
      },
      "otherDetails" : { }
    }, {
      "@type" : "TRANSLATION_DETAILS",
      "language" : {
        "terminologyId" : {
          "value" : "ISO_639-1"
        },
        "codeString" : "zh"
      },
      "author" : {
        "name" : "Yexuan Cheng",
        "organisation" : "浙江大学",
        "email" : "3160100913@zju.edu.cn"
      },
      "otherDetails" : { }
    } ]
  }, {
    "@type" : "TEMPLATE_OVERLAY",
    "uid" : "5f256093-827a-4228-8462-137ee4502c8b",
    "description" : {
      "@type" : "RESOURCE_DESCRIPTION",
      "originalAuthor" : { },
      "otherContributors" : [ ],
      "ipAcknowledgements" : { },
      "references" : { },
      "conversionDetails" : { },
      "otherDetails" : {
        "PARENT:MD5-CAM-1.0.1" : "2133C3C9ED943180AF0FD5076B412AD5"
      },
      "details" : { }
    },
    "parentArchetypeId" : "openEHR-EHR-CLUSTER.address.v1",
    "differential" : true,
    "archetypeId" : {
      "@type" : "ARCHETYPE_HRID",
      "value" : "openEHR-EHR-CLUSTER.ovl-address-001.v1"
    },
    "definition" : {
      "@type" : "C_COMPLEX_OBJECT",
      "rmTypeName" : "CLUSTER",
      "nodeId" : "at0000.1",
      "attributes" : [ {
        "@type" : "C_ATTRIBUTE",
        "rmAttributeName" : "items",
        "children" : [ {
          "@type" : "C_COMPLEX_OBJECT",
          "rmTypeName" : "ELEMENT",
          "occurrences" : "0..0",
          "nodeId" : "at0001.1",
          "attributes" : [ ],
          "attributeTuples" : [ ]
        }, {
          "@type" : "C_COMPLEX_OBJECT",
          "rmTypeName" : "ELEMENT",
          "nodeId" : "at0002.1",
          "attributes" : [ ],
          "attributeTuples" : [ ]
        }, {
          "@type" : "C_COMPLEX_OBJECT",
          "rmTypeName" : "ELEMENT",
          "occurrences" : "0..0",
          "nodeId" : "at0003.1",
          "attributes" : [ ],
          "attributeTuples" : [ ]
        }, {
          "@type" : "C_COMPLEX_OBJECT",
          "rmTypeName" : "ELEMENT",
          "occurrences" : "1..1",
          "nodeId" : "at0004.1",
          "attributes" : [ ],
          "attributeTuples" : [ ]
        }, {
          "@type" : "C_COMPLEX_OBJECT",
          "rmTypeName" : "ELEMENT",
          "occurrences" : "0..0",
          "nodeId" : "at0005.1",
          "attributes" : [ ],
          "attributeTuples" : [ ]
        }, {
          "@type" : "C_COMPLEX_OBJECT",
          "rmTypeName" : "ELEMENT",
          "occurrences" : "1..1",
          "nodeId" : "at0006.1",
          "attributes" : [ ],
          "attributeTuples" : [ ]
        }, {
          "@type" : "C_COMPLEX_OBJECT",
          "rmTypeName" : "ELEMENT",
          "occurrences" : "0..0",
          "nodeId" : "at0007.1",
          "attributes" : [ {
            "@type" : "C_ATTRIBUTE",
            "rmAttributeName" : "value",
            "children" : [ {
              "@type" : "C_COMPLEX_OBJECT",
              "rmTypeName" : "DV_QUANTITY",
              "attributes" : [ {
                "@type" : "C_ATTRIBUTE",
                "rmAttributeName" : "property",
                "children" : [ {
                  "@type" : "C_TERMINOLOGY_CODE",
                  "terminologyId" : {
                    "value" : "openehr"
                  },
                  "constraint" : [ "497" ]
                } ]
              } ],
              "attributeTuples" : [ {
                "@type" : "C_ATTRIBUTE_TUPLE",
                "members" : [ {
                  "@type" : "C_ATTRIBUTE",
                  "rmAttributeName" : "magnitude",
                  "children" : [ ]
                }, {
                  "@type" : "C_ATTRIBUTE",
                  "rmAttributeName" : "units",
                  "children" : [ ]
                }, {
                  "@type" : "C_ATTRIBUTE",
                  "rmAttributeName" : "precision",
                  "children" : [ ]
                } ],
                "tuples" : [ {
                  "@type" : "C_PRIMITIVE_TUPLE",
                  "members" : [ {
                    "@type" : "C_REAL",
                    "constraint" : [ {
                      "lower" : -90.0,
                      "upper" : 90.0,
                      "lowerIncluded" : true,
                      "upperIncluded" : true,
                      "lowerUnbounded" : false,
                      "upperUnbounded" : false
                    } ]
                  }, {
                    "@type" : "C_STRING",
                    "constraint" : [ "deg" ]
                  }, {
                    "@type" : "C_INTEGER",
                    "constraint" : [ {
                      "lower" : 6,
                      "upper" : 6,
                      "lowerIncluded" : true,
                      "upperIncluded" : true,
                      "lowerUnbounded" : false,
                      "upperUnbounded" : false
                    } ]
                  } ]
                } ]
              } ]
            } ]
          } ],
          "attributeTuples" : [ ]
        }, {
          "@type" : "C_COMPLEX_OBJECT",
          "rmTypeName" : "ELEMENT",
          "occurrences" : "0..0",
          "nodeId" : "at0008.1",
          "attributes" : [ {
            "@type" : "C_ATTRIBUTE",
            "rmAttributeName" : "value",
            "children" : [ {
              "@type" : "C_COMPLEX_OBJECT",
              "rmTypeName" : "DV_QUANTITY",
              "attributes" : [ {
                "@type" : "C_ATTRIBUTE",
                "rmAttributeName" : "property",
                "children" : [ {
                  "@type" : "C_TERMINOLOGY_CODE",
                  "terminologyId" : {
                    "value" : "openehr"
                  },
                  "constraint" : [ "497" ]
                } ]
              } ],
              "attributeTuples" : [ {
                "@type" : "C_ATTRIBUTE_TUPLE",
                "members" : [ {
                  "@type" : "C_ATTRIBUTE",
                  "rmAttributeName" : "magnitude",
                  "children" : [ ]
                }, {
                  "@type" : "C_ATTRIBUTE",
                  "rmAttributeName" : "units",
                  "children" : [ ]
                }, {
                  "@type" : "C_ATTRIBUTE",
                  "rmAttributeName" : "precision",
                  "children" : [ ]
                } ],
                "tuples" : [ {
                  "@type" : "C_PRIMITIVE_TUPLE",
                  "members" : [ {
                    "@type" : "C_REAL",
                    "constraint" : [ {
                      "lower" : -180.0,
                      "upper" : 180.0,
                      "lowerIncluded" : true,
                      "upperIncluded" : true,
                      "lowerUnbounded" : false,
                      "upperUnbounded" : false
                    } ]
                  }, {
                    "@type" : "C_STRING",
                    "constraint" : [ "deg" ]
                  }, {
                    "@type" : "C_INTEGER",
                    "constraint" : [ {
                      "lower" : 6,
                      "upper" : 6,
                      "lowerIncluded" : true,
                      "upperIncluded" : true,
                      "lowerUnbounded" : false,
                      "upperUnbounded" : false
                    } ]
                  } ]
                } ]
              } ]
            } ]
          } ],
          "attributeTuples" : [ ]
        }, {
          "@type" : "C_COMPLEX_OBJECT",
          "rmTypeName" : "ELEMENT",
          "occurrences" : "0..0",
          "nodeId" : "at0009.1",
          "attributes" : [ {
            "@type" : "C_ATTRIBUTE",
            "rmAttributeName" : "value",
            "children" : [ {
              "@type" : "C_COMPLEX_OBJECT",
              "rmTypeName" : "DV_QUANTITY",
              "attributes" : [ {
                "@type" : "C_ATTRIBUTE",
                "rmAttributeName" : "property",
                "children" : [ {
                  "@type" : "C_TERMINOLOGY_CODE",
                  "terminologyId" : {
                    "value" : "openehr"
                  },
                  "constraint" : [ "122" ]
                } ]
              } ],
              "attributeTuples" : [ {
                "@type" : "C_ATTRIBUTE_TUPLE",
                "members" : [ {
                  "@type" : "C_ATTRIBUTE",
                  "rmAttributeName" : "units",
                  "children" : [ ]
                }, {
                  "@type" : "C_ATTRIBUTE",
                  "rmAttributeName" : "precision",
                  "children" : [ ]
                } ],
                "tuples" : [ {
                  "@type" : "C_PRIMITIVE_TUPLE",
                  "members" : [ {
                    "@type" : "C_STRING",
                    "constraint" : [ "m" ]
                  }, {
                    "@type" : "C_INTEGER",
                    "constraint" : [ {
                      "lower" : 2,
                      "upper" : 2,
                      "lowerIncluded" : true,
                      "upperIncluded" : true,
                      "lowerUnbounded" : false,
                      "upperUnbounded" : false
                    } ]
                  } ]
                } ]
              } ]
            } ]
          } ],
          "attributeTuples" : [ ]
        }, {
          "@type" : "C_COMPLEX_OBJECT",
          "rmTypeName" : "ELEMENT",
          "occurrences" : "0..0",
          "nodeId" : "at0019.1",
          "attributes" : [ ],
          "attributeTuples" : [ ]
        }, {
          "@type" : "C_COMPLEX_OBJECT",
          "rmTypeName" : "ELEMENT",
          "occurrences" : "0..0",
          "nodeId" : "at0010.1",
          "attributes" : [ {
            "@type" : "C_ATTRIBUTE",
            "rmAttributeName" : "value",
            "children" : [ {
              "@type" : "C_COMPLEX_OBJECT",
              "rmTypeName" : "DV_CODED_TEXT",
              "attributes" : [ {
                "@type" : "C_ATTRIBUTE",
                "rmAttributeName" : "defining_code",
                "children" : [ {
                  "@type" : "C_TERMINOLOGY_CODE",
                  "rmTypeName" : "CODE_PHRASE",
                  "occurrences" : "1..1",
                  "terminologyId" : {
                    "value" : "local"
                  },
                  "constraint" : [ "at0011", "at0012", "at0013" ]
                } ]
              } ],
              "attributeTuples" : [ ]
            }, {
              "@type" : "C_COMPLEX_OBJECT",
              "rmTypeName" : "DV_TEXT",
              "attributes" : [ ],
              "attributeTuples" : [ ]
            } ]
          } ],
          "attributeTuples" : [ ]
        }, {
          "@type" : "C_COMPLEX_OBJECT",
          "rmTypeName" : "ELEMENT",
          "occurrences" : "0..0",
          "nodeId" : "at0014.1",
          "attributes" : [ {
            "@type" : "C_ATTRIBUTE",
            "rmAttributeName" : "value",
            "children" : [ {
              "@type" : "C_COMPLEX_OBJECT",
              "rmTypeName" : "DV_CODED_TEXT",
              "attributes" : [ {
                "@type" : "C_ATTRIBUTE",
                "rmAttributeName" : "defining_code",
                "children" : [ {
                  "@type" : "C_TERMINOLOGY_CODE",
                  "rmTypeName" : "CODE_PHRASE",
                  "occurrences" : "1..1",
                  "terminologyId" : {
                    "value" : "local"
                  },
                  "constraint" : [ "at0015", "at0016", "at0017" ]
                } ]
              } ],
              "attributeTuples" : [ ]
            }, {
              "@type" : "C_COMPLEX_OBJECT",
              "rmTypeName" : "DV_TEXT",
              "attributes" : [ ],
              "attributeTuples" : [ ]
            } ]
          } ],
          "attributeTuples" : [ ]
        }, {
          "@type" : "C_COMPLEX_OBJECT",
          "rmTypeName" : "ELEMENT",
          "occurrences" : "0..0",
          "nodeId" : "at0018.1",
          "attributes" : [ ],
          "attributeTuples" : [ ]
        } ]
      } ],
      "attributeTuples" : [ ]
    },
    "terminology" : {
      "@type" : "ARCHETYPE_TERMINOLOGY",
      "conceptCode" : "at0000",
      "termDefinitions" : {
        "en" : {
          "at0000.1" : {
            "@type" : "ARCHETYPE_TERM",
            "code" : "at0000.1",
            "text" : "Alamat sesuai KTP",
            "description" : "Details about the location of a person, physical building or landmark."
          },
          "at0002.1" : {
            "@type" : "ARCHETYPE_TERM",
            "code" : "at0002.1",
            "text" : "Kota",
            "description" : "The name of the suburb, town, city, village, community or lowest level locality that contains the address.",
            "comment" : "Coding with an external terminology is preferred, where possible. For example: 'Fitzroy'; 'Manchester'; 'Kingston' or 'Bergen'."
          },
          "at0004.1" : {
            "@type" : "ARCHETYPE_TERM",
            "code" : "at0004.1",
            "text" : "Provinsi",
            "description" : "The name of a major government district or geographical area that contains the address.",
            "comment" : "Coding with an external terminology is preferred, where possible. For example: 'New South Wales' and 'Queensland' in Australia; 'British Columbia' and 'Nova Scotia' in Canada; and the Parishes of 'St. Andrew' and 'Kingston' in Jamaica."
          },
          "at0006.1" : {
            "@type" : "ARCHETYPE_TERM",
            "code" : "at0006.1",
            "text" : "Negara",
            "description" : "The name of the country containing the address.",
            "comment" : "For example: Australia; Canada; Jamaica; or Norway. Coding with an external terminology, such as EN ISO 3166–1 Alpha 2 country code, is recommended."
          }
        },
        "nb" : { },
        "de" : { }
      },
      "termBindings" : { },
      "terminologyExtracts" : { },
      "valueSets" : { }
    },
    "adlVersion" : "1.4",
    "buildUid" : "5858eb68-b337-41fb-b80f-5c74cdeabfe1",
    "rmName" : "openehr",
    "rmRelease" : "1.1.0",
    "generated" : true,
    "otherMetaData" : { },
    "originalLanguage" : {
      "terminologyId" : {
        "value" : "ISO_639-1"
      },
      "codeString" : "en"
    },
    "translations" : [ {
      "@type" : "TRANSLATION_DETAILS",
      "language" : {
        "terminologyId" : {
          "value" : "ISO_639-1"
        },
        "codeString" : "de"
      },
      "author" : {
        "name" : "Natalia Strauch",
        "organisation" : "Medizinische Hochschule Hannover",
        "email" : "Strauch.Natalia@mh-hannover.de"
      },
      "otherDetails" : { }
    }, {
      "@type" : "TRANSLATION_DETAILS",
      "language" : {
        "terminologyId" : {
          "value" : "ISO_639-1"
        },
        "codeString" : "nb"
      },
      "author" : {
        "name" : "Liv Laugen, John Tore Valand, Vebjørn Arntzen, Kanika Kuwelker",
        "organisation" : "​Oslo University Hospital, Norway, Helse Bergen, Helse Vest IKT",
        "email" : "liv.laugen@ous-hf.no, john.tore.valand@helse-bergen.no, john.tore.valand@helse-vest-ikt.no, varntzen@ous-hf.no, kanika.kuwelker@helse-vest-ikt.no"
      },
      "otherDetails" : { }
    } ]
  } ],
  "originalLanguage" : {
    "terminologyId" : {
      "value" : "ISO_639-1"
    },
    "codeString" : "en"
  },
  "translations" : [ ]
}