{
  "@type" : "TEMPLATE",
  "uid" : "ffeff4a7-d12e-4f27-8efe-f6c5a3555a90",
  "description" : {
    "@type" : "RESOURCE_DESCRIPTION",
    "originalAuthor" : {
      "date" : "2022-11-02"
    },
    "otherContributors" : [ ],
    "lifecycleState" : {
      "codeString" : "unmanaged"
    },
    "ipAcknowledgements" : { },
    "references" : { },
    "conversionDetails" : { },
    "otherDetails" : {
      "licence" : "",
      "custodian_organisation" : "",
      "original_namespace" : "",
      "original_publisher" : "",
      "custodian_namespace" : "",
      "sem_ver" : "0.5.2",
      "build_uid" : "f8b72696-2a33-4e50-9691-f90bad2dbca1",
      "MD5-CAM-1.0.1" : "1c2d1947c8dfbe1e14e5d007db8dba5b"
    },
    "details" : {
      "de" : {
        "@type" : "RESOURCE_DESCRIPTION_ITEM",
        "language" : {
          "terminologyId" : {
            "value" : "ISO_639-1"
          },
          "codeString" : "de"
        },
        "keywords" : [ ],
        "originalResourceUri" : { },
        "otherDetails" : { }
      },
      "fi" : {
        "@type" : "RESOURCE_DESCRIPTION_ITEM",
        "language" : {
          "terminologyId" : {
            "value" : "ISO_639-1"
          },
          "codeString" : "fi"
        },
        "keywords" : [ ],
        "originalResourceUri" : { },
        "otherDetails" : { }
      },
      "sv" : {
        "@type" : "RESOURCE_DESCRIPTION_ITEM",
        "language" : {
          "terminologyId" : {
            "value" : "ISO_639-1"
          },
          "codeString" : "sv"
        },
        "keywords" : [ ],
        "originalResourceUri" : { },
        "otherDetails" : { }
      },
      "ko" : {
        "@type" : "RESOURCE_DESCRIPTION_ITEM",
        "language" : {
          "terminologyId" : {
            "value" : "ISO_639-1"
          },
          "codeString" : "ko"
        },
        "keywords" : [ ],
        "originalResourceUri" : { },
        "otherDetails" : { }
      },
      "pt-br" : {
        "@type" : "RESOURCE_DESCRIPTION_ITEM",
        "language" : {
          "terminologyId" : {
            "value" : "ISO_639-1"
          },
          "codeString" : "pt-br"
        },
        "keywords" : [ ],
        "originalResourceUri" : { },
        "otherDetails" : { }
      },
      "en" : {
        "@type" : "RESOURCE_DESCRIPTION_ITEM",
        "language" : {
          "terminologyId" : {
            "value" : "ISO_639-1"
          },
          "codeString" : "en"
        },
        "keywords" : [ ],
        "originalResourceUri" : { },
        "otherDetails" : { }
      },
      "ar-sy" : {
        "@type" : "RESOURCE_DESCRIPTION_ITEM",
        "language" : {
          "terminologyId" : {
            "value" : "ISO_639-1"
          },
          "codeString" : "ar-sy"
        },
        "keywords" : [ ],
        "originalResourceUri" : { },
        "otherDetails" : { }
      },
      "it" : {
        "@type" : "RESOURCE_DESCRIPTION_ITEM",
        "language" : {
          "terminologyId" : {
            "value" : "ISO_639-1"
          },
          "codeString" : "it"
        },
        "keywords" : [ ],
        "originalResourceUri" : { },
        "otherDetails" : { }
      },
      "fr" : {
        "@type" : "RESOURCE_DESCRIPTION_ITEM",
        "language" : {
          "terminologyId" : {
            "value" : "ISO_639-1"
          },
          "codeString" : "fr"
        },
        "keywords" : [ ],
        "originalResourceUri" : { },
        "otherDetails" : { }
      },
      "es" : {
        "@type" : "RESOURCE_DESCRIPTION_ITEM",
        "language" : {
          "terminologyId" : {
            "value" : "ISO_639-1"
          },
          "codeString" : "es"
        },
        "keywords" : [ ],
        "originalResourceUri" : { },
        "otherDetails" : { }
      },
      "nb" : {
        "@type" : "RESOURCE_DESCRIPTION_ITEM",
        "language" : {
          "terminologyId" : {
            "value" : "ISO_639-1"
          },
          "codeString" : "nb"
        },
        "keywords" : [ ],
        "originalResourceUri" : { },
        "otherDetails" : { }
      },
      "es-ar" : {
        "@type" : "RESOURCE_DESCRIPTION_ITEM",
        "language" : {
          "terminologyId" : {
            "value" : "ISO_639-1"
          },
          "codeString" : "es-ar"
        },
        "keywords" : [ ],
        "originalResourceUri" : { },
        "otherDetails" : { }
      },
      "nl" : {
        "@type" : "RESOURCE_DESCRIPTION_ITEM",
        "language" : {
          "terminologyId" : {
            "value" : "ISO_639-1"
          },
          "codeString" : "nl"
        },
        "keywords" : [ ],
        "originalResourceUri" : { },
        "otherDetails" : { }
      }
    }
  },
  "parentArchetypeId" : "openEHR-EHR-COMPOSITION.encounter.v1",
  "differential" : true,
  "archetypeId" : {
    "@type" : "ARCHETYPE_HRID",
    "value" : "openEHR-EHR-COMPOSITION.t_encounter.v1"
  },
  "definition" : {
    "@type" : "C_COMPLEX_OBJECT",
    "rmTypeName" : "COMPOSITION",
    "nodeId" : "at0000.1",
    "attributes" : [ {
      "@type" : "C_ATTRIBUTE",
      "rmAttributeName" : "context",
      "children" : [ {
        "@type" : "C_COMPLEX_OBJECT",
        "rmTypeName" : "EVENT_CONTEXT",
        "attributes" : [ ],
        "attributeTuples" : [ ]
      } ]
    }, {
      "@type" : "C_ATTRIBUTE",
      "rmAttributeName" : "content",
      "existence" : "0..1",
      "cardinality" : {
        "@type" : "CARDINALITY",
        "interval" : "1..*",
        "ordered" : false,
        "unique" : false
      },
      "children" : [ {
        "@type" : "C_ARCHETYPE_ROOT",
        "rmTypeName" : "SECTION",
        "occurrences" : "0..1",
        "nodeId" : "at0.2",
        "attributes" : [ ],
        "attributeTuples" : [ ],
        "archetypeRef" : "openEHR-EHR-SECTION.ovl-adhoc-001.v1",
        "referenceType" : "archetypeOverlay"
      } ]
    } ],
    "attributeTuples" : [ ]
  },
  "terminology" : {
    "@type" : "ARCHETYPE_TERMINOLOGY",
    "conceptCode" : "at0000",
    "termDefinitions" : {
      "ar-sy" : {
        "at0000.1" : {
          "@type" : "ARCHETYPE_TERM",
          "code" : "at0000.1",
          "text" : "Simplified-Demographic-v0.0.0",
          "description" : "*Interaction, contact or care event between a subject of care and healthcare provider(s).(en)"
        }
      },
      "en" : {
        "at0000.1" : {
          "@type" : "ARCHETYPE_TERM",
          "code" : "at0000.1",
          "text" : "Simplified-demography-v1",
          "description" : "Interaction, contact or care event between a subject of care and healthcare provider(s)."
        }
      },
      "es-ar" : {
        "at0000.1" : {
          "@type" : "ARCHETYPE_TERM",
          "code" : "at0000.1",
          "text" : "Simplified-Demographic-v0.0.0",
          "description" : "Interacción, contacto o evento de cuidados entre un sujeto de cuidados y uno o más proveedores de cuidados de la salud."
        }
      },
      "ko" : {
        "at0000.1" : {
          "@type" : "ARCHETYPE_TERM",
          "code" : "at0000.1",
          "text" : "Simplified-Demographic-v0.0.0",
          "description" : "*Interaction, contact or care event between a subject of care and healthcare provider(s).(en)"
        }
      },
      "pt-br" : {
        "at0000.1" : {
          "@type" : "ARCHETYPE_TERM",
          "code" : "at0000.1",
          "text" : "Simplified-Demographic-v0.0.0",
          "description" : "Interação, contato ou cuidado entre o sujeito do cuidado e profissional(is) de saúde."
        }
      },
      "es" : {
        "at0000.1" : {
          "@type" : "ARCHETYPE_TERM",
          "code" : "at0000.1",
          "text" : "Simplified-Demographic-v0.0.0",
          "description" : "Interacción, contacto o evento de cuidado entre un paciente y un proveedor de salud."
        }
      },
      "nl" : {
        "at0000.1" : {
          "@type" : "ARCHETYPE_TERM",
          "code" : "at0000.1",
          "text" : "Simplified-Demographic-v0.0.0",
          "description" : "Interactie, contact of zorggebeurtenis tussen een onderwerp van zorg en zorgverlener(s)."
        }
      },
      "sv" : {
        "at0000.1" : {
          "@type" : "ARCHETYPE_TERM",
          "code" : "at0000.1",
          "text" : "Simplified-Demographic-v0.0.0",
          "description" : "Interaktion, kontakt eller vårdhändelse mellan vårdtagare och vårdgivare inom hälso- och sjukvården."
        }
      },
      "de" : {
        "at0000.1" : {
          "@type" : "ARCHETYPE_TERM",
          "code" : "at0000.1",
          "text" : "Simplified-Demographic-v0.0.0",
          "description" : "Interaktion, Kontakt oder Versorgungsereignis, zwischen einem Versorgungsempfänger und einem Gesundheitsdienstleister."
        }
      },
      "fi" : {
        "at0000.1" : {
          "@type" : "ARCHETYPE_TERM",
          "code" : "at0000.1",
          "text" : "Simplified-Demographic-v0.0.0",
          "description" : "Hoitohenkilön ja terveydenhuollon tarjoajan välinen vuorovaikutus, kontakti- tai hoitotapahtuma."
        }
      },
      "it" : {
        "at0000.1" : {
          "@type" : "ARCHETYPE_TERM",
          "code" : "at0000.1",
          "text" : "Simplified-Demographic-v0.0.0",
          "description" : "Interazione, contatto o evento di cura tra un soggetto di cura e il/i fornitore/i di assistenza sanitaria."
        }
      },
      "fr" : {
        "at0000.1" : {
          "@type" : "ARCHETYPE_TERM",
          "code" : "at0000.1",
          "text" : "Simplified-Demographic-v0.0.0",
          "description" : "Interaction, contact ou événement de soins entre un sujet de soins et un ou des prestataires de soins."
        }
      },
      "nb" : {
        "at0000.1" : {
          "@type" : "ARCHETYPE_TERM",
          "code" : "at0000.1",
          "text" : "Simplified-Demographic-v0.0.0",
          "description" : "Interaksjon, kontakt eller omsorgshendelse mellom et individ og helsepersonell."
        }
      }
    },
    "termBindings" : { },
    "terminologyExtracts" : { },
    "valueSets" : { }
  },
  "adlVersion" : "1.4",
  "buildUid" : "ed2cc0eb-c508-3e66-a7bc-0e3f3e3f196f",
  "rmName" : "openehr",
  "rmRelease" : "1.1.0",
  "generated" : true,
  "templateId" : "Simplified-demography-v1",
  "otherMetaData" : { },
  "templateOverlays" : [ {
    "@type" : "TEMPLATE_OVERLAY",
    "uid" : "e8a6a020-50fc-4643-87fa-5bf15f86732b",
    "description" : {
      "@type" : "RESOURCE_DESCRIPTION",
      "originalAuthor" : { },
      "otherContributors" : [ ],
      "ipAcknowledgements" : { },
      "references" : { },
      "conversionDetails" : { },
      "otherDetails" : { },
      "details" : {
        "de" : {
          "@type" : "RESOURCE_DESCRIPTION_ITEM",
          "language" : {
            "terminologyId" : {
              "value" : "ISO_639-1"
            },
            "codeString" : "de"
          },
          "purpose" : "Eine generische Abschnittsüberschrift eines Templates, welche entsprechend dem spezifischen klinischen Kontext umbenannt werden sollte.",
          "keywords" : [ "Abschnitt", "Template", "Überschrift", "Ad hoc", "Abschnittsüberschrift" ],
          "use" : "Dieser Archetyp kann für die Erstellung einer Abschnittsüberschrift in einem Template verwendet werden. Die Überschrift kann, passend zu dem jeweiligen klinischen Kontext, umbenannt werden. Zum Beispiel: \"Ad hoc Überschrift\" wird umbenannt in \"Untersuchungsergebnisse\".\r\n\r\n",
          "misuse" : "Die Überschrift sollte in einem Template nicht unverändert verwendet werden.",
          "originalResourceUri" : { },
          "otherDetails" : { }
        },
        "sv" : {
          "@type" : "RESOURCE_DESCRIPTION_ITEM",
          "language" : {
            "terminologyId" : {
              "value" : "ISO_639-1"
            },
            "codeString" : "sv"
          },
          "purpose" : "En allmän avsnittsrubrik som döps om i en openEHR-mall för att passa in i en specifik klinisk kontext.",
          "keywords" : [ ],
          "use" : "Används för att skapa en avsnittsrubrik i en openEHR-mall som sedan döps om för att passa in i den specifika kliniska kontexten. Exempelvis \"Rubrik\" döps om till \"Undersökningsfynd\".",
          "misuse" : "Ska inte lämnas oförändrad i en openEHR-mall.",
          "originalResourceUri" : { },
          "otherDetails" : { }
        },
        "ru" : {
          "@type" : "RESOURCE_DESCRIPTION_ITEM",
          "language" : {
            "terminologyId" : {
              "value" : "ISO_639-1"
            },
            "codeString" : "ru"
          },
          "purpose" : "Базовый заголовок раздела, должен быть переименован в локальном шаблоне ",
          "keywords" : [ "раздел", "шаблон", "заготовка", "название", "образец" ],
          "use" : "используется для создания и именования разделов в локальных шаблонах",
          "misuse" : "*Not to be left unchanged in a template.(en)",
          "copyright" : "© openEHR Foundation",
          "originalResourceUri" : { },
          "otherDetails" : { }
        },
        "nb" : {
          "@type" : "RESOURCE_DESCRIPTION_ITEM",
          "language" : {
            "terminologyId" : {
              "value" : "ISO_639-1"
            },
            "codeString" : "nb"
          },
          "purpose" : "Brukes som en generisk seksjonsoverskrift som skal gis nytt navn i en templat for å passe i en gitt klinisk kontekst.",
          "keywords" : [ ],
          "use" : "Brukes til å lage en seksjonsoverskrift i en templat, hvis navn deretter endres for å passe i den aktuelle kliniske konteksten. For eksempel: \"Templat-overskrift\" endret til \"Funn ved undersøkelse\", \"Anamnese\", \"Personopplysninger\" eller \"Oppsummering\".",
          "misuse" : "Skal ikke stå med uendret navn i en templat.",
          "originalResourceUri" : { },
          "otherDetails" : { }
        },
        "es-ar" : {
          "@type" : "RESOURCE_DESCRIPTION_ITEM",
          "language" : {
            "terminologyId" : {
              "value" : "ISO_639-1"
            },
            "codeString" : "es-ar"
          },
          "purpose" : "Proporcionar un encabezado de sección de tipo genérico que será renombrado en una plantilla para su empleo en un contexto clínico específico.",
          "keywords" : [ ],
          "use" : "Utilizar para construir un encabezado de sección en una plantilla y que será renombrado para su empleo en un contexto clínico específico. Por ejemplo, \"Encabezado ad hoc\" puede renombrarse como \"Hallazgos de examen\".",
          "misuse" : "No debe mantenerse sin cambios en una plantilla.",
          "copyright" : "© openEHR Foundation",
          "originalResourceUri" : { },
          "otherDetails" : { }
        },
        "pt-br" : {
          "@type" : "RESOURCE_DESCRIPTION_ITEM",
          "language" : {
            "terminologyId" : {
              "value" : "ISO_639-1"
            },
            "codeString" : "pt-br"
          },
          "purpose" : "Oferecer um cabeçalho de uma sessão genérica que será renomeado no template para adequar-se a um contexto clínico específico.",
          "keywords" : [ "cabeçalho" ],
          "use" : "Utilize para construir um cabeçalho de uma sessão (de um template) que será renomeada para adequar-se a um contexto clínico específico. Por exemplo: \"cabeçalho Ad hoc\" renomeado para \"Achados de exame\".",
          "misuse" : "Não deve manter a configuração original no template.",
          "originalResourceUri" : { },
          "otherDetails" : { }
        },
        "en" : {
          "@type" : "RESOURCE_DESCRIPTION_ITEM",
          "language" : {
            "terminologyId" : {
              "value" : "ISO_639-1"
            },
            "codeString" : "en"
          },
          "purpose" : "To provide a generic section header which will be renamed in a template to suit a specific clinical context.",
          "keywords" : [ ],
          "use" : "Use to construct a section heading in a template that will be renamed to suit the specific clinical context. For example: \"Ad hoc heading\" renamed to \"Examination findings\".",
          "misuse" : "Not to be left unchanged in a template.",
          "copyright" : "© openEHR Foundation",
          "originalResourceUri" : { },
          "otherDetails" : { }
        },
        "sl" : {
          "@type" : "RESOURCE_DESCRIPTION_ITEM",
          "language" : {
            "terminologyId" : {
              "value" : "ISO_639-1"
            },
            "codeString" : "sl"
          },
          "purpose" : "*To provide a generic section header which will be renamed in a template to suit a specific clinical context.(en)",
          "keywords" : [ ],
          "use" : "*Use to construct a section heading in a template that will be renamed to suit the specific clinical context. For example: \"Ad hoc heading\" renamed to \"Examination findings\".(en)",
          "misuse" : "*Not to be left unchanged in a template.(en)",
          "copyright" : "© openEHR Foundation",
          "originalResourceUri" : { },
          "otherDetails" : { }
        },
        "it" : {
          "@type" : "RESOURCE_DESCRIPTION_ITEM",
          "language" : {
            "terminologyId" : {
              "value" : "ISO_639-1"
            },
            "codeString" : "it"
          },
          "purpose" : "Fornire un'intestazione generica della sezione che sarà rinominata in un template per adattarsi ad uno specifico contesto clinico.",
          "keywords" : [ ],
          "use" : "Usato per costruire un'intestazione di sezione in un template che sarà rinominato in base al contesto clinico specifico. Per esempio: \"Intestazione ad hoc\" rinominata in \"Risultati dell'esame\".",
          "misuse" : "Non deve essere lasciato invariato in un template.",
          "originalResourceUri" : { },
          "otherDetails" : { }
        },
        "fr" : {
          "@type" : "RESOURCE_DESCRIPTION_ITEM",
          "language" : {
            "terminologyId" : {
              "value" : "ISO_639-1"
            },
            "codeString" : "fr"
          },
          "purpose" : "*To provide a generic section header which will be renamed in a template to suit a specific clinical context.(en)",
          "keywords" : [ ],
          "use" : "*Use to construct a section heading in a template that will be renamed to suit the specific clinical context. For example: \"Ad hoc heading\" renamed to \"Examination findings\".(en)",
          "misuse" : "*Not to be left unchanged in a template.(en)",
          "originalResourceUri" : { },
          "otherDetails" : { }
        }
      }
    },
    "parentArchetypeId" : "openEHR-EHR-SECTION.adhoc.v1",
    "differential" : true,
    "archetypeId" : {
      "@type" : "ARCHETYPE_HRID",
      "value" : "openEHR-EHR-SECTION.ovl-adhoc-001.v1"
    },
    "definition" : {
      "@type" : "C_COMPLEX_OBJECT",
      "rmTypeName" : "SECTION",
      "nodeId" : "at0000.1",
      "attributes" : [ {
        "@type" : "C_ATTRIBUTE",
        "rmAttributeName" : "items",
        "existence" : "0..1",
        "cardinality" : {
          "@type" : "CARDINALITY",
          "interval" : "1..*",
          "ordered" : false,
          "unique" : false
        },
        "children" : [ {
          "@type" : "C_ARCHETYPE_ROOT",
          "rmTypeName" : "ADMIN_ENTRY",
          "occurrences" : "0..1",
          "nodeId" : "at0.2",
          "attributes" : [ ],
          "attributeTuples" : [ ],
          "archetypeRef" : "openEHR-EHR-ADMIN_ENTRY.ovl-demographics-001.v0",
          "referenceType" : "archetypeOverlay"
        }, {
          "@type" : "C_ARCHETYPE_ROOT",
          "rmTypeName" : "EVALUATION",
          "occurrences" : "0..1",
          "nodeId" : "at0.4",
          "attributes" : [ ],
          "attributeTuples" : [ ],
          "archetypeRef" : "openEHR-EHR-EVALUATION.ovl-gender-001.v1",
          "referenceType" : "archetypeOverlay"
        } ]
      } ],
      "attributeTuples" : [ ]
    },
    "terminology" : {
      "@type" : "ARCHETYPE_TERMINOLOGY",
      "conceptCode" : "at0000",
      "termDefinitions" : {
        "en" : {
          "at0000.1" : {
            "@type" : "ARCHETYPE_TERM",
            "code" : "at0000.1",
            "text" : "Data Demographic",
            "description" : "A generic section header which should be renamed in a template to suit a specific clinical context."
          }
        },
        "ru" : { },
        "es-ar" : { },
        "sl" : { },
        "nb" : { },
        "pt-br" : { },
        "sv" : { },
        "de" : { },
        "it" : { },
        "fr" : { }
      },
      "termBindings" : { },
      "terminologyExtracts" : { },
      "valueSets" : { }
    },
    "adlVersion" : "1.4",
    "buildUid" : "46fe0e95-f5cc-44c8-8616-3b9fd0ca6e61",
    "rmName" : "openehr",
    "rmRelease" : "1.1.0",
    "generated" : true,
    "otherMetaData" : { },
    "originalLanguage" : {
      "terminologyId" : {
        "value" : "ISO_639-1"
      },
      "codeString" : "en"
    },
    "translations" : [ {
      "@type" : "TRANSLATION_DETAILS",
      "language" : {
        "terminologyId" : {
          "value" : "ISO_639-1"
        },
        "codeString" : "de"
      },
      "author" : {
        "name" : "Ramona Wellmann",
        "organisation" : "Medizinische Hochschule Hannover",
        "email" : "wellmann.ramona@mh-hannover.de"
      },
      "otherDetails" : { }
    }, {
      "@type" : "TRANSLATION_DETAILS",
      "language" : {
        "terminologyId" : {
          "value" : "ISO_639-1"
        },
        "codeString" : "ru"
      },
      "author" : {
        "name" : "Art Latyp Латыпов Артур Шамилевич",
        "organisation" : "RusBITech РусБИТех, Москва"
      },
      "otherDetails" : { }
    }, {
      "@type" : "TRANSLATION_DETAILS",
      "language" : {
        "terminologyId" : {
          "value" : "ISO_639-1"
        },
        "codeString" : "sv"
      },
      "author" : {
        "name" : "Daniel Hall",
        "organisation" : "Region Östergötland",
        "email" : "daniel.hall@regionostergotland.se"
      },
      "accreditation" : "Åsa Skagerhult, Lisa Axelsson",
      "otherDetails" : { }
    }, {
      "@type" : "TRANSLATION_DETAILS",
      "language" : {
        "terminologyId" : {
          "value" : "ISO_639-1"
        },
        "codeString" : "es-ar"
      },
      "author" : {
        "name" : "Alan March",
        "organisation" : "Hospital Universitario Austral, Buenos Aires, Argentina"
      },
      "otherDetails" : { }
    }, {
      "@type" : "TRANSLATION_DETAILS",
      "language" : {
        "terminologyId" : {
          "value" : "ISO_639-1"
        },
        "codeString" : "nb"
      },
      "author" : {
        "einar.fosse@unn.no" : "einar.fosse@unn.no",
        "name" : "Einar Fosse",
        "organisation" : "Norwegian Centre for Integrated Care and Telemedicine, Tromsø, Norway"
      },
      "otherDetails" : { }
    }, {
      "@type" : "TRANSLATION_DETAILS",
      "language" : {
        "terminologyId" : {
          "value" : "ISO_639-1"
        },
        "codeString" : "pt-br"
      },
      "author" : {
        "name" : "Vladimir Pizzo",
        "organisation" : "Hospital Sírio Libanês, São Paulo, Brazil",
        "email" : "vladimir.pizzo@hsl.org.br"
      },
      "otherDetails" : { }
    }, {
      "@type" : "TRANSLATION_DETAILS",
      "language" : {
        "terminologyId" : {
          "value" : "ISO_639-1"
        },
        "codeString" : "sl"
      },
      "author" : {
        "name" : "?"
      },
      "otherDetails" : { }
    }, {
      "@type" : "TRANSLATION_DETAILS",
      "language" : {
        "terminologyId" : {
          "value" : "ISO_639-1"
        },
        "codeString" : "it"
      },
      "author" : {
        "name" : "Paolo Anedda",
        "organisation" : "Inpeco",
        "email" : "paolo.anedda@inpeco.com"
      },
      "otherDetails" : { }
    }, {
      "@type" : "TRANSLATION_DETAILS",
      "language" : {
        "terminologyId" : {
          "value" : "ISO_639-1"
        },
        "codeString" : "fr"
      },
      "author" : {
        "name" : "Vanessa Pereira",
        "organisation" : "Better - Pathfinder",
        "email" : "vanessapereira@protonmail.com"
      },
      "otherDetails" : { }
    } ]
  }, {
    "@type" : "TEMPLATE_OVERLAY",
    "uid" : "b1f58afc-8199-49d6-9345-ed54f54a161c",
    "description" : {
      "@type" : "RESOURCE_DESCRIPTION",
      "originalAuthor" : { },
      "otherContributors" : [ ],
      "ipAcknowledgements" : { },
      "references" : { },
      "conversionDetails" : { },
      "otherDetails" : { },
      "details" : {
        "en" : {
          "@type" : "RESOURCE_DESCRIPTION_ITEM",
          "language" : {
            "terminologyId" : {
              "value" : "ISO_639-1"
            },
            "codeString" : "en"
          },
          "purpose" : "To contain demographic-related EHR CLUSTER archetypes when they are to be used standalone within a template, such as when they are used as a proxy for the review of demographic data in the header of a form or document template.",
          "keywords" : [ ],
          "use" : "Use within a template to contain demographic-related EHR CLUSTER archetypes to be modelled standalone in a template, such as when they are used as a proxy for the review of demographic data in the header of a form or document template.",
          "copyright" : "© openEHR Foundation",
          "originalResourceUri" : { },
          "otherDetails" : { }
        }
      }
    },
    "parentArchetypeId" : "openEHR-EHR-ADMIN_ENTRY.demographics.v0",
    "differential" : true,
    "archetypeId" : {
      "@type" : "ARCHETYPE_HRID",
      "value" : "openEHR-EHR-ADMIN_ENTRY.ovl-demographics-001.v0"
    },
    "definition" : {
      "@type" : "C_COMPLEX_OBJECT",
      "rmTypeName" : "ADMIN_ENTRY",
      "nodeId" : "at0000.1",
      "attributes" : [ {
        "@type" : "C_ATTRIBUTE",
        "rmAttributeName" : "data",
        "children" : [ {
          "@type" : "C_COMPLEX_OBJECT",
          "rmTypeName" : "ITEM_TREE",
          "nodeId" : "at0001",
          "attributes" : [ {
            "@type" : "C_ATTRIBUTE",
            "rmAttributeName" : "items",
            "children" : [ {
              "@type" : "C_ARCHETYPE_ROOT",
              "rmTypeName" : "CLUSTER",
              "occurrences" : "0..1",
              "nodeId" : "at0003.1",
              "attributes" : [ ],
              "attributeTuples" : [ ],
              "archetypeRef" : "openEHR-EHR-CLUSTER.ovl-person-001.v1",
              "referenceType" : "archetypeOverlay"
            } ]
          } ],
          "attributeTuples" : [ ]
        } ]
      } ],
      "attributeTuples" : [ ]
    },
    "terminology" : {
      "@type" : "ARCHETYPE_TERMINOLOGY",
      "conceptCode" : "at0000",
      "termDefinitions" : {
        "en" : { }
      },
      "termBindings" : { },
      "terminologyExtracts" : { },
      "valueSets" : { }
    },
    "adlVersion" : "1.4",
    "buildUid" : "10ba36b2-aa8c-4b1a-ae11-aa5176aeb97b",
    "rmName" : "openehr",
    "rmRelease" : "1.1.0",
    "generated" : true,
    "otherMetaData" : { },
    "originalLanguage" : {
      "terminologyId" : {
        "value" : "ISO_639-1"
      },
      "codeString" : "en"
    },
    "translations" : [ ]
  }, {
    "@type" : "TEMPLATE_OVERLAY",
    "uid" : "f648480f-b49b-4508-9384-694088a5e723",
    "description" : {
      "@type" : "RESOURCE_DESCRIPTION",
      "originalAuthor" : { },
      "otherContributors" : [ ],
      "ipAcknowledgements" : { },
      "references" : { },
      "conversionDetails" : { },
      "otherDetails" : { },
      "details" : {
        "de" : {
          "@type" : "RESOURCE_DESCRIPTION_ITEM",
          "language" : {
            "terminologyId" : {
              "value" : "ISO_639-1"
            },
            "codeString" : "de"
          },
          "purpose" : "Zur Darstellung von Informationen zu einer Person, wie sie bekannt sind oder im Rahmen der klinischen Dokumentation verstanden werden.",
          "keywords" : [ "Anbieter, Dienstleister, Betreuer, Personal, medizinisches Fachpersonal, Verwandter, Angehöriger, Hausarzt, Zeuge, Freund, Nachbar, Kind, Familie, Geschwister, Elternteil, Einzelperson" ],
          "use" : "Der Archetyp wird verwendet, um Informationen zur einer Person darzustellen, wie sie bekannt sind oder im Rahmen der klinischen Dokumentation verstanden werden, oft ad hoc oder wenn die Verwendung von einem formellen demografischen Register oder einem Index nicht angemessen oder nicht möglich ist.\r\nBeispiele beinhalten:\r\n- der Inhaber einer Patientenverfügung unter Verwendung des SLOT „Inhaber der Kopie“ innerhalb des Archetyps EVALUATION.advance_care_directive;\r\n- die Rolle und Kontaktdaten eines benannten Ansprechpartners in einer Organisation, unter Verwendung des SLOT „Kontaktperson“ innerhalb des Archetyps CLUSTER.organisation;\r\n- Angaben zu einem Verwandten in einer Familienanamnese unter Verwendung des SLOT „Angaben zum Familienmitglied“ innerhalb des Archetyps openEHR-EHR-EVALUATION.family_history;\r\n- der Name der Person, die eine Laborprobe von einem Patienten entnommen hat, unter Verwendung der „Angaben zum Probennehmer“ innerhalb des Archetyps CLUSTER.specimen oder\r\n- ein Zeuge eines Sturzes oder Unfalls, unter Verwendung des SLOT \"Zeuge\" innerhalb des Archetyps CLUSTER.health_event.\r\n\r\nIn den meisten einfachen Anwendungsfällen reicht das unstrukturierte Element „Name“ innerhalb des Archetyps CLUSTER.person aus, um den Namen einer Person als Teil einer Gesundheitsakte darzustellen. In Fällen, in denen ein strukturierter Name für klinische Aufzeichnungszwecke erforderlich oder wünschenswert ist, verschachteln Sie diesen Archetyp jedoch im SLOT „Name strukturiert“ im Archetyp CLUSTER.person. Wenn der Archetyp CLUSTER.structured_name in den SLOT „Name strukturiert“ eingebettet ist, können beliebige oder alle Datenelemente als Textzeichenfolge kombiniert und im Element „Name“ dargestellt werden, solange sie konsistent sind.\r\n\r\nDieser Archetyp könnte auch stellvertretend für formale demografische Daten verwendet werden, wenn ein Template mit Domänenexperten überprüft wird – beispielsweise eine Bewertung, bei der Prüfer erwarten würden, dass die Details einer Person oben im Bewertungsformular angezeigt werden.",
          "misuse" : "Der Archetyp darf nicht verwendet werden, um das formelle Identifikationsmanagement darzustellen oder zu ersetzen oder um ein offizielles demografisches Register oder einen Index zu führen. Verwenden Sie zu diesem Zweck einen formellen Master Patient Index oder Health Provider Index oder Archetypen, die auf dem demografischen Informationsmodell von openEHR basieren.\r\n\r\nDarf nicht verwendet werden, um den Patienten, die Teilnehmer oder den Verfasser der Akte und ähnliche Datenelemente darzustellen, die formal in der Patientenakte unter Verwendung der Referenzmodellattribute dargestellt werden sollten.\r\n\r\nDarf nicht verwendet werden, um das Geburtsdatum einer Person darzustellen – verwenden Sie zu diesem Zweck das Datenelement „Geburtsdatum“ im Archetyp EVALUATION.birth_summary.\r\n\r\nDarf nicht verwendet werden, um biometrische Details oder Biomarker über eine Person darzustellen – verwenden Sie zu diesem Zweck einen speziellen ENTRY-Archetyp.",
          "originalResourceUri" : { },
          "otherDetails" : { }
        },
        "sv" : {
          "@type" : "RESOURCE_DESCRIPTION_ITEM",
          "language" : {
            "terminologyId" : {
              "value" : "ISO_639-1"
            },
            "codeString" : "sv"
          },
          "purpose" : "Används för att registrera information om en person som behöver representeras i patientjournalen.",
          "keywords" : [ "Leverantör, vårdare, vårdgivare, personal, vårdpersonal, släkting, anhöriga, läkare, vittne, vän, granne, barn, familj, syskon, förälder, individ" ],
          "use" : "Används för att registrera uppgifter om en person i den elektroniska journalen, när det inte är lämpligt eller möjligt att använda ett formellt demografiskt register eller index. Exempelvis:\r\n- Namn och kontaktuppgifter för en person som innehar en fysisk kopia av ett dokument om framtida behandlingsval eller behandlingsreservationer; exempelvis 'Copyholder'-attributet i arketypen EVALUATION.advance_care_directive;\r\n- Namn och kontaktuppgifter för en vårdgivare i en remiss;\r\n- Namn, roll och kontaktuppgifter för en medlem av ett vårdgivarteam;\r\n- Rollen och kontaktuppgifterna för en namngiven kontaktperson inom en organisation;\r\n- uppgifter om en släkting i en släkthistoria; eller\r\n- ett vittne till ett epileptisk anfall.\r\n\r\nI de flesta vanliga användningsfallen där ett namn måste inkluderas i en journal räcker det med fritextinmatning inom elementet 'Ostrukturerat namn'. I situationer när det krävs mer detaljerade detaljer om en eller flera namnkomponenter, använd de ytterligare strukturerade dataelementen i arketypen CLUSTER.structured_name. I denna arketyp finns en SLOT kapslade i \"Structured name\" . Om arketypen CLUSTER.structured name är kapslad i 'Structured name' SLOT, kan något eller alla av de strukturerade namnelementen sammanfogas och representeras i elementet 'Ostrukturerat namn'.\r\n\r\nDenna arketyp kan också användas som en proxy för formella demografiska data när man granskar en mall med domänexperter – till exempel en bedömning där granskare förväntar sig att se patientens uppgifter högst upp i bedömningsformuläret.",
          "misuse" : "Får inte användas för att representera eller ersätta formell identifieringshantering eller i syfte att upprätthålla ett officiellt demografiskt register eller index. Använd ett formellt Master Patient Index eller Vårdgivare Index för detta ändamål, eller arketyper baserade på openEHR Demographic Information Model.\r\n\r\nFår inte användas för att representera patienten, deltagare eller författare till journalen och liknande dataelement som bör representeras formellt i journalen med hjälp av Referensmodellens attribut.\r\n\r\nFår inte användas för att registrera en individs födelsedatum - använd istället dataelementet \"Födelsedatum\" i EVALUATION.birth_summary för detta ändamål\r\n\r\nFår inte användas för att registrera biometriska detaljer eller biomarkörer om en individ - använd en specifik ENTRY-arketyp för detta ändamål.",
          "originalResourceUri" : { },
          "otherDetails" : { }
        },
        "nb" : {
          "@type" : "RESOURCE_DESCRIPTION_ITEM",
          "language" : {
            "terminologyId" : {
              "value" : "ISO_639-1"
            },
            "codeString" : "nb"
          },
          "purpose" : "For å registrere detaljer om en person i en pasientjournal.",
          "keywords" : [ "tjenesteyter, omsorgsperson, helsepersonell, slektning, pårørende, vitne, venn, nabo, barn, familie, søsken, forelder, arbeidsgiver, rekvirent, henviser, ektefelle, verge, samboer, kjæreste" ],
          "use" : "Brukes for å registrere detaljer om en person i en pasientjournal, når det ikke er ønskelig eller mulig å bruke et formelt demografisk register eller indeks.\r\n\r\nFor eksempel:\r\n- navn og kontaktdetaljer til en person som har en kopi av et fremtidig behandlingsvalg, i SLOTet \"Kopiholder\" i arketypen EVALUATION.advance_care_directive (Fremtidig behandlingsvalg).\r\n- navn og kontaktdetaljer til en omsorgsperson eller helsepersonell i en organisasjon, i SLOTet \"Kontaktperson\" i arketypen CLUSTER.organisation (Organisasjon).\r\n- detaljer om en slektning i en familieanamnese, I SLOTet \"Detaljer om familiemedlem\" i arketypen EVALUATION.family_history (Familieanamnese).\r\n- navnet på en person som gjennomførte prøvetakning på en pasient, i SLOTet \"Detaljer om prøvetaker\" i arketypen CLUSTER.specimen (Prøvemateriale).\r\n- et vitne til et fall eller en ulykke, i SLOTet \"Witness\" i arketypen CLUSTER.health_event.\r\n\r\nI de mest vanlige brukscasene der navn skal registreres i pasientjournalen, vil dataelementet \"Navn\" i denne arketypen være tilstrekkelig. I tilfeller der det er nødvendig eller ønskelig med detaljer om en eller flere navnekomponenter, bruk arketypen CLUSTER.structured_name i SLOTet \"Strukturert navn\" i denne arketypen. \r\nOm det er gjort, kan noen eller alle de strukturerte navnelementene slås sammen av programvaren man benytter, og lagres i dataelementet \"Navn\".\r\n\r\nDenne arketypen kan også brukes som en midlertidig erstatning for formelle demografiske data når man gjennomgår et templat med domeneeksperter - for eksempel en vurdering der man i templatet forventer å se detaljer om en person på toppen av vurderingsskjema.",
          "misuse" : "Brukes ikke til å representere eller erstatte de formelle demografiske opplysninger for formell identitetsforvaltning eller for å opprettholde et demografisk register eller en indeks. Bruk et formelt pasientregister, helsepersonellregister eller arketyper basert på openEHR demografisk informasjonsmodell til dette formålet.\r\n\r\nBrukes ikke for å representere pasient, deltakere eller forfatter av skjema eller lignende, som skal representeres formelt i pasientjournalen. Bruk attributter fra Referansemodellen for dette formålet.\r\n\r\nBrukes ikke for å registrere fødselsdato for individet - bruk dataelementet \"Fødselsdato\" i arketypen EVALUATION.birth_summary for dette formålet.\r\n\r\nBrukes ikke for å registrere detaljer om biometri eller biomarkører for personen - bruk en spesifikk ENTRY-arketype for dette formålet.",
          "originalResourceUri" : { },
          "otherDetails" : { }
        },
        "en" : {
          "@type" : "RESOURCE_DESCRIPTION_ITEM",
          "language" : {
            "terminologyId" : {
              "value" : "ISO_639-1"
            },
            "codeString" : "en"
          },
          "purpose" : "To record details about a person as they are known or understood in the course of clinical documentation.",
          "keywords" : [ "provider, carer, staff, healthcare professional, relative, next-of-kin, practitioner, witness, friend, neighbour, child, family, sibling, parent, individual" ],
          "use" : "Use to record details of a person as they are known or understood in the course of clinical documentation, often ad hoc or when it is not appropriate or possible to use a formal demographic register or index. Examples include:\r\n- the copyholder of an advanced care record, using the 'Copyholder' SLOT within the EVALUATION.advance_care_directive archetype;\r\n- the role and contact details of a named contact person within an organisation, using the 'Contact person' SLOT within the CLUSTER.organisation archetype;\r\n- details about a relative in a family history record, using the 'Family member details' SLOT within the openEHR-EHR-EVALUATION.family_history archetype; \r\n- the name of the person who collected a laboratory specimen from a patient, using the 'Specimen collector details' within the CLUSTER.specimen archetype; or\r\n- a witness to a fall or accident, using the 'Witness' SLOT within the CLUSTER.health_event archetype.\r\n\r\nIn most simple clinical recording use cases, the unstructured 'Name' element within the CLUSTER.person archetype will be sufficient to record the name of a person as part of a health record. However, in circumstances where a structured name is necessary or desirable for clinical recording purposes, nest this archetype within the 'Structured name' SLOT in CLUSTER.person archetype. If the CLUSTER.structured_name archetype is nested within the 'Structured name' SLOT, any or all of the data elements can be combined together as a text string and represented in the 'Name' element, as long as they are consistent.\r\n\r\nThis archetype could also be used as a proxy for formal demographic data when reviewing a template with domain experts - for example, an assessment where reviewers would expect to see a person's details at the top of the assessment form.",
          "misuse" : "Not to be used to represent or replace formal identification management or for the purposes of maintaining an official demographic register or index. Use a formal Master Patient Index or Health Provider Index for this purpose, or archetypes based on the openEHR Demographic Information Model.\r\n\r\nNot to be used to represent the subject of care, participants or author of the record and similar data elements that should be represented formally in the health record using the Reference Model attributes.\r\n\r\nNot to be used to record the date of birth of an individual - use the 'Date of birth' data element within the EVALUATION.birth_summary for this purpose\r\n\r\nNot to be used to record biometric detail or biomarkers about an individual - use a specific ENTRY archetype for this purpose.",
          "copyright" : "© openEHR Foundation",
          "originalResourceUri" : { },
          "otherDetails" : { }
        },
        "zh" : {
          "@type" : "RESOURCE_DESCRIPTION_ITEM",
          "language" : {
            "terminologyId" : {
              "value" : "ISO_639-1"
            },
            "codeString" : "zh"
          },
          "purpose" : "*To record details about a person as they are known or understood in the course of clinical documentation. (en)",
          "keywords" : [ "*provider, carer, staff, healthcare professional, relative, next-of-kin, practitioner, witness, friend, neighbour, child, family, sibling, parent, individual (en)" ],
          "use" : "*Use to record details of a person as they are known or understood in the course of clinical documentation, often ad hoc or when it is not appropriate or possible to use a formal demographic register or index. Examples include:\r\n- the copyholder of an advanced care record, using the 'Copyholder' SLOT within the EVALUATION.advance_care_directive archetype;\r\n- the role and contact details of a named contact person within an organisation, using the 'Contact person' SLOT within the CLUSTER.organisation archetype;\r\n- details about a relative in a family history record, using the 'Family member details' SLOT within the openEHR-EHR-EVALUATION.family_history archetype; \r\n- the name of the person who collected a laboratory specimen from a patient, using the 'Specimen collector details' within the CLUSTER.specimen archetype; or\r\n- a witness to a fall or accident, using the 'Witness' SLOT within the CLUSTER.health_event archetype.\r\n\r\nIn most simple clinical recording use cases, the unstructured 'Name' element within the CLUSTER.person archetype will be sufficient to record the name of a person as part of a health record. However, in circumstances where a structured name is necessary or desirable for clinical recording purposes, nest this archetype within the 'Structured name' SLOT in CLUSTER.person archetype. If the CLUSTER.structured_name archetype is nested within the 'Structured name' SLOT, any or all of the data elements can be combined together as a text string and represented in the 'Name' element, as long as they are consistent.\r\n\r\nThis archetype could also be used as a proxy for formal demographic data when reviewing a template with domain experts - for example, an assessment where reviewers would expect to see a person's details at the top of the assessment form. (en)",
          "misuse" : "*Not to be used to represent or replace formal identification management or for the purposes of maintaining an official demographic register or index. Use a formal Master Patient Index or Health Provider Index for this purpose, or archetypes based on the openEHR Demographic Information Model.\r\n\r\nNot to be used to represent the subject of care, participants or author of the record and similar data elements that should be represented formally in the health record using the Reference Model attributes.\r\n\r\nNot to be used to record the date of birth of an individual - use the 'Date of birth' data element within the EVALUATION.birth_summary for this purpose\r\n\r\nNot to be used to record biometric detail or biomarkers about an individual - use a specific ENTRY archetype for this purpose. (en)",
          "originalResourceUri" : { },
          "otherDetails" : { }
        }
      }
    },
    "parentArchetypeId" : "openEHR-EHR-CLUSTER.person.v1",
    "differential" : true,
    "archetypeId" : {
      "@type" : "ARCHETYPE_HRID",
      "value" : "openEHR-EHR-CLUSTER.ovl-person-001.v1"
    },
    "definition" : {
      "@type" : "C_COMPLEX_OBJECT",
      "rmTypeName" : "CLUSTER",
      "nodeId" : "at0000.1",
      "attributes" : [ {
        "@type" : "C_ATTRIBUTE",
        "rmAttributeName" : "items",
        "children" : [ {
          "@type" : "C_COMPLEX_OBJECT",
          "rmTypeName" : "ELEMENT",
          "nodeId" : "at0001.1",
          "attributes" : [ ],
          "attributeTuples" : [ ]
        }, {
          "@type" : "C_COMPLEX_OBJECT",
          "rmTypeName" : "ELEMENT",
          "occurrences" : "0..0",
          "nodeId" : "at0011.1",
          "attributes" : [ ],
          "attributeTuples" : [ ]
        }, {
          "@type" : "C_COMPLEX_OBJECT",
          "rmTypeName" : "ELEMENT",
          "nodeId" : "at0003.1",
          "attributes" : [ {
            "@type" : "C_ATTRIBUTE",
            "rmAttributeName" : "value",
            "children" : [ {
              "@type" : "C_COMPLEX_OBJECT",
              "rmTypeName" : "DV_IDENTIFIER",
              "defaultValue" : {
                "@type" : "DV_IDENTIFIER"
              },
              "attributes" : [ ],
              "attributeTuples" : [ ]
            }, {
              "@type" : "C_COMPLEX_OBJECT",
              "rmTypeName" : "DV_TEXT",
              "attributes" : [ ],
              "attributeTuples" : [ ]
            } ]
          } ],
          "attributeTuples" : [ ]
        }, {
          "@type" : "C_COMPLEX_OBJECT",
          "rmTypeName" : "ELEMENT",
          "occurrences" : "0..0",
          "nodeId" : "at0004.1",
          "attributes" : [ ],
          "attributeTuples" : [ ]
        }, {
          "@type" : "C_COMPLEX_OBJECT",
          "rmTypeName" : "ELEMENT",
          "occurrences" : "0..0",
          "nodeId" : "at0010.1",
          "attributes" : [ ],
          "attributeTuples" : [ ]
        }, {
          "@type" : "C_ARCHETYPE_ROOT",
          "rmTypeName" : "CLUSTER",
          "occurrences" : "0..1",
          "nodeId" : "at0008.1",
          "attributes" : [ ],
          "attributeTuples" : [ ],
          "archetypeRef" : "openEHR-DEMOGRAPHIC-CLUSTER.ovl-person_birth_data_iso-001.v0",
          "referenceType" : "archetypeOverlay"
        } ]
      } ],
      "attributeTuples" : [ ]
    },
    "terminology" : {
      "@type" : "ARCHETYPE_TERMINOLOGY",
      "conceptCode" : "at0000",
      "termDefinitions" : {
        "en" : {
          "at0001.1" : {
            "@type" : "ARCHETYPE_TERM",
            "code" : "at0001.1",
            "text" : "Nama",
            "description" : "The unstructured name for the individual.",
            "comment" : "The content of this data element may be derived from one or more components from CLUSTER.structured_name combined together as a text string. For example: 'John Markham', 'Professor Sir John Markham', 'John Markham Jnr MP'."
          },
          "at0003.1" : {
            "@type" : "ARCHETYPE_TERM",
            "code" : "at0003.1",
            "text" : "NIK",
            "description" : "Identifier associated with the individual.",
            "comment" : "Occurrences for this data element is set to 0..* to allow for more than one Identifier to be recorded. Note that the DV_IDENTIFIER data type contains multiple subcomponents for recording the ID value, type, issuer and assigned. For example - social security number; driver's license; or passport number."
          }
        },
        "nb" : { },
        "de" : { },
        "zh" : { },
        "sv" : { }
      },
      "termBindings" : { },
      "terminologyExtracts" : { },
      "valueSets" : { }
    },
    "adlVersion" : "1.4",
    "buildUid" : "fe8b1f1b-f5e8-4db7-9060-1c22ca9d3d6a",
    "rmName" : "openehr",
    "rmRelease" : "1.1.0",
    "generated" : true,
    "otherMetaData" : { },
    "originalLanguage" : {
      "terminologyId" : {
        "value" : "ISO_639-1"
      },
      "codeString" : "en"
    },
    "translations" : [ {
      "@type" : "TRANSLATION_DETAILS",
      "language" : {
        "terminologyId" : {
          "value" : "ISO_639-1"
        },
        "codeString" : "de"
      },
      "author" : {
        "name" : "Natalia Strauch, Alina Rehberg",
        "organisation" : "Medizinische Hochschule Hannover",
        "email" : "Strauch.Natalia@mh-hannover.de, rehberg.alina@mh-hannover.de"
      },
      "otherDetails" : { }
    }, {
      "@type" : "TRANSLATION_DETAILS",
      "language" : {
        "terminologyId" : {
          "value" : "ISO_639-1"
        },
        "codeString" : "sv"
      },
      "author" : {
        "name" : "Elham Gholami, Erik Sundvall",
        "organisation" : "Region Stockholm",
        "email" : "erik.sundvall@regionstockholm.se"
      },
      "otherDetails" : { }
    }, {
      "@type" : "TRANSLATION_DETAILS",
      "language" : {
        "terminologyId" : {
          "value" : "ISO_639-1"
        },
        "codeString" : "nb"
      },
      "author" : {
        "name" : "Liv Laugen, John Tore Valand, Vebjørn Arntzen, Kanika Kuwelker",
        "organisation" : "​Oslo University Hospital, Norway, Helse Bergen, Helse Vest IKT",
        "email" : "liv.laugen@ous-hf.no, john.tore.valand@helse-bergen.no, john.tore.valand@helse-vest-ikt.no, varntzen@ous-hf.no, kanika.kuwelker@helse-vest-ikt.no"
      },
      "otherDetails" : { }
    }, {
      "@type" : "TRANSLATION_DETAILS",
      "language" : {
        "terminologyId" : {
          "value" : "ISO_639-1"
        },
        "codeString" : "zh"
      },
      "author" : {
        "name" : "Yexuan Cheng",
        "organisation" : "浙江大学",
        "email" : "3160100913@zju.edu.cn"
      },
      "otherDetails" : { }
    } ]
  }, {
    "@type" : "TEMPLATE_OVERLAY",
    "uid" : "cfcb2a52-d140-437e-9874-38f540d19027",
    "description" : {
      "@type" : "RESOURCE_DESCRIPTION",
      "originalAuthor" : { },
      "otherContributors" : [ ],
      "ipAcknowledgements" : { },
      "references" : { },
      "conversionDetails" : { },
      "otherDetails" : { },
      "details" : { }
    },
    "parentArchetypeId" : "openEHR-DEMOGRAPHIC-CLUSTER.person_birth_data_iso.v0",
    "differential" : true,
    "archetypeId" : {
      "@type" : "ARCHETYPE_HRID",
      "value" : "openEHR-DEMOGRAPHIC-CLUSTER.ovl-person_birth_data_iso-001.v0"
    },
    "definition" : {
      "@type" : "C_COMPLEX_OBJECT",
      "rmTypeName" : "CLUSTER",
      "nodeId" : "at0000.1",
      "attributes" : [ {
        "@type" : "C_ATTRIBUTE",
        "rmAttributeName" : "items",
        "children" : [ {
          "@type" : "C_COMPLEX_OBJECT",
          "rmTypeName" : "ELEMENT",
          "nodeId" : "at0001.1",
          "attributes" : [ {
            "@type" : "C_ATTRIBUTE",
            "rmAttributeName" : "value",
            "children" : [ {
              "@type" : "C_COMPLEX_OBJECT",
              "rmTypeName" : "DV_DATE",
              "attributes" : [ {
                "@type" : "C_ATTRIBUTE",
                "rmAttributeName" : "value",
                "children" : [ {
                  "@type" : "C_DATE",
                  "rmTypeName" : "DATE_TIME",
                  "patternedConstraint" : "yyyy-mm-dd",
                  "constraint" : [ ]
                } ]
              } ],
              "attributeTuples" : [ ]
            } ]
          } ],
          "attributeTuples" : [ ]
        }, {
          "@type" : "C_COMPLEX_OBJECT",
          "rmTypeName" : "ELEMENT",
          "occurrences" : "0..0",
          "nodeId" : "at0002.1",
          "attributes" : [ ],
          "attributeTuples" : [ ]
        }, {
          "@type" : "C_COMPLEX_OBJECT",
          "rmTypeName" : "ELEMENT",
          "occurrences" : "0..0",
          "nodeId" : "at0003.1",
          "attributes" : [ ],
          "attributeTuples" : [ ]
        }, {
          "@type" : "C_COMPLEX_OBJECT",
          "rmTypeName" : "ELEMENT",
          "occurrences" : "0..0",
          "nodeId" : "at0004.1",
          "attributes" : [ ],
          "attributeTuples" : [ ]
        }, {
          "@type" : "C_COMPLEX_OBJECT",
          "rmTypeName" : "ELEMENT",
          "occurrences" : "0..0",
          "nodeId" : "at0005.1",
          "attributes" : [ ],
          "attributeTuples" : [ ]
        } ]
      } ],
      "attributeTuples" : [ ]
    },
    "terminology" : {
      "@type" : "ARCHETYPE_TERMINOLOGY",
      "conceptCode" : "at0000",
      "termDefinitions" : {
        "pt-br" : { },
        "en" : {
          "at0001.1" : {
            "@type" : "ARCHETYPE_TERM",
            "code" : "at0001.1",
            "text" : "Tanggal Lahir",
            "description" : "The date of birth of a person"
          }
        },
        "es-py" : { },
        "de" : { }
      },
      "termBindings" : { },
      "terminologyExtracts" : { },
      "valueSets" : { }
    },
    "adlVersion" : "1.4",
    "buildUid" : "f04996a5-f629-421a-867e-3103a3184a1c",
    "rmName" : "openehr",
    "rmRelease" : "1.1.0",
    "generated" : true,
    "otherMetaData" : { },
    "originalLanguage" : {
      "terminologyId" : {
        "value" : "ISO_639-1"
      },
      "codeString" : "en"
    },
    "translations" : [ {
      "@type" : "TRANSLATION_DETAILS",
      "language" : {
        "terminologyId" : {
          "value" : "ISO_639-1"
        },
        "codeString" : "de"
      },
      "author" : {
        "name" : "Sarah Ballout",
        "email" : "ballout.sarah@mh-hannover.de"
      },
      "otherDetails" : { }
    }, {
      "@type" : "TRANSLATION_DETAILS",
      "language" : {
        "terminologyId" : {
          "value" : "ISO_639-1"
        },
        "codeString" : "pt-br"
      },
      "author" : {
        "name" : "Sergio Miranda Freire",
        "organisation" : "Universidade do Estado do Rio de Janeiro - UERJ",
        "email" : "sergio@lampada.uerj.br"
      },
      "otherDetails" : { }
    }, {
      "@type" : "TRANSLATION_DETAILS",
      "language" : {
        "terminologyId" : {
          "value" : "ISO_639-1"
        },
        "codeString" : "es-py"
      },
      "author" : {
        "name" : "Ellen Mendez",
        "organisation" : "Facultad Politecnica - UNA"
      },
      "otherDetails" : { }
    } ]
  }, {
    "@type" : "TEMPLATE_OVERLAY",
    "uid" : "0f5542e7-b79a-4725-93e8-75ff4930e8d4",
    "description" : {
      "@type" : "RESOURCE_DESCRIPTION",
      "originalAuthor" : { },
      "otherContributors" : [ ],
      "ipAcknowledgements" : { },
      "references" : { },
      "conversionDetails" : { },
      "otherDetails" : { },
      "details" : { }
    },
    "parentArchetypeId" : "openEHR-EHR-EVALUATION.gender.v1",
    "differential" : true,
    "archetypeId" : {
      "@type" : "ARCHETYPE_HRID",
      "value" : "openEHR-EHR-EVALUATION.ovl-gender-001.v1"
    },
    "definition" : {
      "@type" : "C_COMPLEX_OBJECT",
      "rmTypeName" : "EVALUATION",
      "nodeId" : "at0000.1",
      "attributes" : [ {
        "@type" : "C_ATTRIBUTE",
        "rmAttributeName" : "data",
        "children" : [ {
          "@type" : "C_COMPLEX_OBJECT",
          "rmTypeName" : "ITEM_TREE",
          "nodeId" : "at0002",
          "attributes" : [ {
            "@type" : "C_ATTRIBUTE",
            "rmAttributeName" : "items",
            "children" : [ {
              "@type" : "C_COMPLEX_OBJECT",
              "rmTypeName" : "ELEMENT",
              "nodeId" : "at0022.1",
              "attributes" : [ {
                "@type" : "C_ATTRIBUTE",
                "rmAttributeName" : "value",
                "children" : [ {
                  "@type" : "C_COMPLEX_OBJECT",
                  "rmTypeName" : "DV_CODED_TEXT",
                  "occurrences" : "1..1",
                  "attributes" : [ {
                    "@type" : "C_ATTRIBUTE",
                    "rmAttributeName" : "defining_code",
                    "children" : [ {
                      "@type" : "C_TERMINOLOGY_CODE",
                      "rmTypeName" : "TERMINOLOGY_CODE",
                      "occurrences" : "0..1",
                      "terminologyId" : {
                        "value" : "http://hl7.org/fhir/R4B/valueset-administrative-gender.html"
                      },
                      "constraint" : [ ],
                      "selectedTerminologies" : [ "http://hl7.org/fhir/R4B/valueset-administrative-gender.html" ],
                      "includedExternalTerminologyCodes" : [ {
                        "terminologyId" : "http://hl7.org/fhir/R4B/valueset-administrative-gender.html",
                        "code" : "male",
                        "value" : "Laki-laki"
                      }, {
                        "terminologyId" : "http://hl7.org/fhir/R4B/valueset-administrative-gender.html",
                        "code" : "female",
                        "value" : "Perempuan"
                      } ]
                    } ]
                  } ],
                  "attributeTuples" : [ ]
                } ]
              } ],
              "attributeTuples" : [ ]
            }, {
              "@type" : "C_COMPLEX_OBJECT",
              "rmTypeName" : "ELEMENT",
              "occurrences" : "0..0",
              "nodeId" : "at0026.1",
              "attributes" : [ ],
              "attributeTuples" : [ ]
            }, {
              "@type" : "C_COMPLEX_OBJECT",
              "rmTypeName" : "ELEMENT",
              "occurrences" : "0..0",
              "nodeId" : "at0019.1",
              "attributes" : [ ],
              "attributeTuples" : [ ]
            }, {
              "@type" : "C_COMPLEX_OBJECT",
              "rmTypeName" : "ELEMENT",
              "occurrences" : "0..0",
              "nodeId" : "at0025.1",
              "attributes" : [ ],
              "attributeTuples" : [ ]
            }, {
              "@type" : "C_COMPLEX_OBJECT",
              "rmTypeName" : "ELEMENT",
              "occurrences" : "0..0",
              "nodeId" : "at0001.1",
              "attributes" : [ ],
              "attributeTuples" : [ ]
            }, {
              "@type" : "C_COMPLEX_OBJECT",
              "rmTypeName" : "ELEMENT",
              "occurrences" : "0..0",
              "nodeId" : "at0020.1",
              "attributes" : [ ],
              "attributeTuples" : [ ]
            }, {
              "@type" : "C_COMPLEX_OBJECT",
              "rmTypeName" : "ELEMENT",
              "occurrences" : "0..0",
              "nodeId" : "at0027.1",
              "attributes" : [ ],
              "attributeTuples" : [ ]
            }, {
              "@type" : "C_COMPLEX_OBJECT",
              "rmTypeName" : "ELEMENT",
              "occurrences" : "0..0",
              "nodeId" : "at0014.1",
              "attributes" : [ ],
              "attributeTuples" : [ ]
            } ]
          } ],
          "attributeTuples" : [ ]
        } ]
      }, {
        "@type" : "C_ATTRIBUTE",
        "rmAttributeName" : "protocol",
        "children" : [ {
          "@type" : "C_COMPLEX_OBJECT",
          "rmTypeName" : "ITEM_TREE",
          "nodeId" : "at0003",
          "attributes" : [ {
            "@type" : "C_ATTRIBUTE",
            "rmAttributeName" : "items",
            "children" : [ {
              "@type" : "C_COMPLEX_OBJECT",
              "rmTypeName" : "ELEMENT",
              "occurrences" : "0..0",
              "nodeId" : "at0004.1",
              "attributes" : [ ],
              "attributeTuples" : [ ]
            } ]
          } ],
          "attributeTuples" : [ ]
        } ]
      } ],
      "attributeTuples" : [ ]
    },
    "terminology" : {
      "@type" : "ARCHETYPE_TERMINOLOGY",
      "conceptCode" : "at0000",
      "termDefinitions" : {
        "nb" : { },
        "en" : {
          "at0000.1" : {
            "@type" : "ARCHETYPE_TERM",
            "code" : "at0000.1",
            "text" : "Jenis Kelamin",
            "description" : "Details about the gender of an individual."
          },
          "at0022.1" : {
            "@type" : "ARCHETYPE_TERM",
            "code" : "at0022.1",
            "text" : "Jenis Kelamin sesuai KTP",
            "description" : "The gender of an individual used for administrative purposes.",
            "comment" : "This element is what most systems today describes as 'Sex' or 'Gender'. For example 'Male', 'Female', 'Other'. This aligns with HL7 FHIR 'Person.gender'. Coding with a terminology is recommended, where possible."
          }
        },
        "de" : { },
        "sv" : { }
      },
      "termBindings" : { },
      "terminologyExtracts" : { },
      "valueSets" : { }
    },
    "adlVersion" : "1.4",
    "buildUid" : "12fd01b8-5f87-406e-984d-eb9f4b215be3",
    "rmName" : "openehr",
    "rmRelease" : "1.1.0",
    "generated" : true,
    "otherMetaData" : { },
    "originalLanguage" : {
      "terminologyId" : {
        "value" : "ISO_639-1"
      },
      "codeString" : "en"
    },
    "translations" : [ {
      "@type" : "TRANSLATION_DETAILS",
      "language" : {
        "terminologyId" : {
          "value" : "ISO_639-1"
        },
        "codeString" : "de"
      },
      "author" : {
        "name" : "Kim Sommer, Natalia Strauch",
        "organisation" : "Medizinische Hochschule Hannover",
        "email" : "Strauch.Natalia@mh-hannover.de"
      },
      "otherDetails" : { }
    }, {
      "@type" : "TRANSLATION_DETAILS",
      "language" : {
        "terminologyId" : {
          "value" : "ISO_639-1"
        },
        "codeString" : "sv"
      },
      "author" : {
        "name" : "Emma Malm",
        "organisation" : "Karolinska Universitetssjukhuset",
        "email" : "emma.malm@cambio.se"
      },
      "otherDetails" : { }
    }, {
      "@type" : "TRANSLATION_DETAILS",
      "language" : {
        "terminologyId" : {
          "value" : "ISO_639-1"
        },
        "codeString" : "nb"
      },
      "author" : {
        "name" : "Vebjørn Arntzen, Mikkel Johan Gaup Grønmo, Silje Ljosland Bakke",
        "organisation" : "Oslo universitetssykehus, Helse Nord, Helse Vest IKT AS",
        "email" : "silje.ljosland.bakke@helse-vest-ikt.no"
      },
      "otherDetails" : { }
    } ]
  } ],
  "originalLanguage" : {
    "terminologyId" : {
      "value" : "ISO_639-1"
    },
    "codeString" : "en"
  },
  "translations" : [ {
    "@type" : "TRANSLATION_DETAILS",
    "language" : {
      "terminologyId" : {
        "value" : "ISO_639-1"
      },
      "codeString" : "de"
    },
    "author" : { },
    "otherDetails" : { }
  }, {
    "@type" : "TRANSLATION_DETAILS",
    "language" : {
      "terminologyId" : {
        "value" : "ISO_639-1"
      },
      "codeString" : "sv"
    },
    "author" : { },
    "otherDetails" : { }
  }, {
    "@type" : "TRANSLATION_DETAILS",
    "language" : {
      "terminologyId" : {
        "value" : "ISO_639-1"
      },
      "codeString" : "fi"
    },
    "author" : { },
    "otherDetails" : { }
  }, {
    "@type" : "TRANSLATION_DETAILS",
    "language" : {
      "terminologyId" : {
        "value" : "ISO_639-1"
      },
      "codeString" : "es-ar"
    },
    "author" : { },
    "otherDetails" : { }
  }, {
    "@type" : "TRANSLATION_DETAILS",
    "language" : {
      "terminologyId" : {
        "value" : "ISO_639-1"
      },
      "codeString" : "ko"
    },
    "author" : { },
    "otherDetails" : { }
  }, {
    "@type" : "TRANSLATION_DETAILS",
    "language" : {
      "terminologyId" : {
        "value" : "ISO_639-1"
      },
      "codeString" : "nb"
    },
    "author" : { },
    "otherDetails" : { }
  }, {
    "@type" : "TRANSLATION_DETAILS",
    "language" : {
      "terminologyId" : {
        "value" : "ISO_639-1"
      },
      "codeString" : "pt-br"
    },
    "author" : { },
    "otherDetails" : { }
  }, {
    "@type" : "TRANSLATION_DETAILS",
    "language" : {
      "terminologyId" : {
        "value" : "ISO_639-1"
      },
      "codeString" : "ar-sy"
    },
    "author" : { },
    "otherDetails" : { }
  }, {
    "@type" : "TRANSLATION_DETAILS",
    "language" : {
      "terminologyId" : {
        "value" : "ISO_639-1"
      },
      "codeString" : "it"
    },
    "author" : { },
    "otherDetails" : { }
  }, {
    "@type" : "TRANSLATION_DETAILS",
    "language" : {
      "terminologyId" : {
        "value" : "ISO_639-1"
      },
      "codeString" : "fr"
    },
    "author" : { },
    "otherDetails" : { }
  }, {
    "@type" : "TRANSLATION_DETAILS",
    "language" : {
      "terminologyId" : {
        "value" : "ISO_639-1"
      },
      "codeString" : "es"
    },
    "author" : { },
    "otherDetails" : { }
  }, {
    "@type" : "TRANSLATION_DETAILS",
    "language" : {
      "terminologyId" : {
        "value" : "ISO_639-1"
      },
      "codeString" : "nl"
    },
    "author" : { },
    "otherDetails" : { }
  } ]
}