{
  "@type" : "TEMPLATE",
  "uid" : "d7287e5e-1d11-4154-af53-3cdc3ca6e447",
  "description" : {
    "@type" : "RESOURCE_DESCRIPTION",
    "originalAuthor" : {
      "date" : "2020-03-24"
    },
    "otherContributors" : [ ],
    "lifecycleState" : {
      "codeString" : "unmanaged"
    },
    "ipAcknowledgements" : { },
    "references" : { },
    "conversionDetails" : { },
    "otherDetails" : {
      "licence" : "This work is licensed under the Creative Commons Attribution-ShareAlike 4.0 International License. To view a copy of this license, visit http://creativecommons.org/licenses/by-sa/4.0/.",
      "custodian_organisation" : "openEHR Foundation",
      "original_namespace" : "org.openehr",
      "original_publisher" : "openEHR Foundation",
      "custodian_namespace" : "org.openehr",
      "MD5-CAM-1.0.1" : "15fd9adf448678ec28caceea107a0dae",
      "PARENT:MD5-CAM-1.0.1" : "D589AB6E362AB3BD4D5030712844CF4F"
    },
    "details" : {
      "en" : {
        "@type" : "RESOURCE_DESCRIPTION_ITEM",
        "language" : {
          "terminologyId" : {
            "value" : "ISO_639-1"
          },
          "codeString" : "en"
        },
        "originalResourceUri" : { },
        "otherDetails" : { }
      },
      "de" : {
        "@type" : "RESOURCE_DESCRIPTION_ITEM",
        "language" : {
          "terminologyId" : {
            "value" : "ISO_639-1"
          },
          "codeString" : "de"
        },
        "originalResourceUri" : { },
        "otherDetails" : {
          "notes" : "Generated automatically by Adl Designer"
        }
      },
      "fi" : {
        "@type" : "RESOURCE_DESCRIPTION_ITEM",
        "language" : {
          "terminologyId" : {
            "value" : "ISO_639-1"
          },
          "codeString" : "fi"
        },
        "originalResourceUri" : { },
        "otherDetails" : {
          "notes" : "Generated automatically by Adl Designer"
        }
      },
      "sv" : {
        "@type" : "RESOURCE_DESCRIPTION_ITEM",
        "language" : {
          "terminologyId" : {
            "value" : "ISO_639-1"
          },
          "codeString" : "sv"
        },
        "originalResourceUri" : { },
        "otherDetails" : {
          "notes" : "Generated automatically by Adl Designer"
        }
      },
      "nb" : {
        "@type" : "RESOURCE_DESCRIPTION_ITEM",
        "language" : {
          "terminologyId" : {
            "value" : "ISO_639-1"
          },
          "codeString" : "nb"
        },
        "originalResourceUri" : { },
        "otherDetails" : {
          "notes" : "Generated automatically by Adl Designer"
        }
      },
      "it" : {
        "@type" : "RESOURCE_DESCRIPTION_ITEM",
        "language" : {
          "terminologyId" : {
            "value" : "ISO_639-1"
          },
          "codeString" : "it"
        },
        "originalResourceUri" : { },
        "otherDetails" : {
          "notes" : "Generated automatically by Adl Designer"
        }
      }
    }
  },
  "parentArchetypeId" : "openEHR-EHR-OBSERVATION.symptom_sign_screening.v0",
  "differential" : true,
  "archetypeId" : {
    "@type" : "ARCHETYPE_HRID",
    "value" : "openEHR-EHR-OBSERVATION.t_symptom_sign_screening.v0"
  },
  "definition" : {
    "@type" : "C_COMPLEX_OBJECT",
    "rmTypeName" : "OBSERVATION",
    "nodeId" : "at0000.1",
    "attributes" : [ {
      "@type" : "C_ATTRIBUTE",
      "rmAttributeName" : "data",
      "children" : [ {
        "@type" : "C_COMPLEX_OBJECT",
        "rmTypeName" : "HISTORY",
        "nodeId" : "at0001",
        "attributes" : [ {
          "@type" : "C_ATTRIBUTE",
          "rmAttributeName" : "events",
          "children" : [ {
            "@type" : "C_COMPLEX_OBJECT",
            "rmTypeName" : "EVENT",
            "nodeId" : "at0002",
            "attributes" : [ {
              "@type" : "C_ATTRIBUTE",
              "rmAttributeName" : "data",
              "children" : [ {
                "@type" : "C_COMPLEX_OBJECT",
                "rmTypeName" : "ITEM_TREE",
                "nodeId" : "at0003",
                "attributes" : [ {
                  "@type" : "C_ATTRIBUTE",
                  "rmAttributeName" : "items",
                  "children" : [ {
                    "@type" : "C_COMPLEX_OBJECT",
                    "rmTypeName" : "ELEMENT",
                    "nodeId" : "at0034.1",
                    "attributes" : [ {
                      "@type" : "C_ATTRIBUTE",
                      "rmAttributeName" : "value",
                      "children" : [ {
                        "@type" : "C_COMPLEX_OBJECT",
                        "rmTypeName" : "DV_CODED_TEXT",
                        "occurrences" : "0..1",
                        "attributes" : [ {
                          "@type" : "C_ATTRIBUTE",
                          "rmAttributeName" : "defining_code",
                          "existence" : "0..1",
                          "children" : [ {
                            "@type" : "C_TERMINOLOGY_CODE",
                            "terminologyId" : {
                              "value" : "SNOMED-CT"
                            },
                            "constraint" : [ ],
                            "includedExternalTerminologyCodes" : [ {
                              "terminologyId" : "SNOMED-CT",
                              "code" : "840544004",
                              "value" : "Suspected disease caused by severe acute respiratory coronavirus 2 (situation)"
                            } ]
                          } ]
                        } ],
                        "attributeTuples" : [ ]
                      } ]
                    } ],
                    "attributeTuples" : [ ]
                  }, {
                    "@type" : "C_COMPLEX_OBJECT",
                    "rmTypeName" : "ELEMENT",
                    "occurrences" : "0..0",
                    "nodeId" : "at0028.1",
                    "attributes" : [ {
                      "@type" : "C_ATTRIBUTE",
                      "rmAttributeName" : "value",
                      "children" : [ {
                        "@type" : "C_COMPLEX_OBJECT",
                        "rmTypeName" : "DV_CODED_TEXT",
                        "attributes" : [ {
                          "@type" : "C_ATTRIBUTE",
                          "rmAttributeName" : "defining_code",
                          "children" : [ {
                            "@type" : "C_TERMINOLOGY_CODE",
                            "rmTypeName" : "CODE_PHRASE",
                            "occurrences" : "1..1",
                            "terminologyId" : {
                              "value" : "local"
                            },
                            "constraint" : [ "at0031", "at0032", "at0033" ]
                          } ]
                        } ],
                        "attributeTuples" : [ ]
                      }, {
                        "@type" : "C_COMPLEX_OBJECT",
                        "rmTypeName" : "DV_TEXT",
                        "attributes" : [ ],
                        "attributeTuples" : [ ]
                      } ]
                    } ],
                    "attributeTuples" : [ ]
                  }, {
                    "@type" : "C_COMPLEX_OBJECT",
                    "rmTypeName" : "ELEMENT",
                    "occurrences" : "0..0",
                    "nodeId" : "at0029.1",
                    "attributes" : [ {
                      "@type" : "C_ATTRIBUTE",
                      "rmAttributeName" : "value",
                      "children" : [ {
                        "@type" : "C_COMPLEX_OBJECT",
                        "rmTypeName" : "DV_DATE_TIME",
                        "attributes" : [ ],
                        "attributeTuples" : [ ]
                      }, {
                        "@type" : "C_COMPLEX_OBJECT",
                        "rmTypeName" : "DV_INTERVAL<DV_DATE_TIME>",
                        "attributes" : [ ],
                        "attributeTuples" : [ ]
                      }, {
                        "@type" : "C_COMPLEX_OBJECT",
                        "rmTypeName" : "DV_TEXT",
                        "attributes" : [ ],
                        "attributeTuples" : [ ]
                      }, {
                        "@type" : "C_COMPLEX_OBJECT",
                        "rmTypeName" : "DV_DURATION",
                        "attributes" : [ ],
                        "attributeTuples" : [ ]
                      }, {
                        "@type" : "C_COMPLEX_OBJECT",
                        "rmTypeName" : "DV_INTERVAL<DV_DURATION>",
                        "attributes" : [ ],
                        "attributeTuples" : [ ]
                      } ]
                    } ],
                    "attributeTuples" : [ ]
                  }, {
                    "@type" : "C_COMPLEX_OBJECT",
                    "rmTypeName" : "ELEMENT",
                    "occurrences" : "0..0",
                    "nodeId" : "at0036.1",
                    "attributes" : [ ],
                    "attributeTuples" : [ ]
                  }, {
                    "@type" : "C_COMPLEX_OBJECT",
                    "rmTypeName" : "CLUSTER",
                    "occurrences" : "0..1",
                    "nodeId" : "at0022.1",
                    "attributes" : [ {
                      "@type" : "C_ATTRIBUTE",
                      "rmAttributeName" : "items",
                      "children" : [ {
                        "@type" : "C_COMPLEX_OBJECT",
                        "rmTypeName" : "ELEMENT",
                        "nodeId" : "at0004.1",
                        "attributes" : [ {
                          "@type" : "C_ATTRIBUTE",
                          "rmAttributeName" : "value",
                          "children" : [ {
                            "@type" : "C_COMPLEX_OBJECT",
                            "rmTypeName" : "DV_CODED_TEXT",
                            "occurrences" : "0..1",
                            "attributes" : [ {
                              "@type" : "C_ATTRIBUTE",
                              "rmAttributeName" : "defining_code",
                              "existence" : "0..1",
                              "children" : [ {
                                "@type" : "C_TERMINOLOGY_CODE",
                                "terminologyId" : {
                                  "value" : "SNOMED-CT"
                                },
                                "constraint" : [ ],
                                "includedExternalTerminologyCodes" : [ {
                                  "terminologyId" : "SNOMED-CT",
                                  "code" : "315642008",
                                  "value" : "Influenza-like symptoms"
                                }, {
                                  "terminologyId" : "SNOMED-CT",
                                  "code" : "49727002",
                                  "value" : "Cough"
                                }, {
                                  "terminologyId" : "SNOMED-CT",
                                  "code" : "386661006",
                                  "value" : "Fever"
                                }, {
                                  "terminologyId" : "SNOMED-CT",
                                  "code" : "267036007",
                                  "value" : "Difficulty breathing"
                                }, {
                                  "terminologyId" : "SNOMED-CT",
                                  "code" : "162397003",
                                  "value" : "Pain in throat"
                                } ]
                              } ]
                            } ],
                            "attributeTuples" : [ ]
                          } ]
                        } ],
                        "attributeTuples" : [ ]
                      } ]
                    } ],
                    "attributeTuples" : [ ]
                  }, {
                    "@type" : "C_COMPLEX_OBJECT",
                    "rmTypeName" : "CLUSTER",
                    "nodeId" : "at0022.2",
                    "attributes" : [ ],
                    "attributeTuples" : [ ]
                  } ]
                } ],
                "attributeTuples" : [ ]
              } ]
            } ],
            "attributeTuples" : [ ]
          } ]
        } ],
        "attributeTuples" : [ ]
      } ]
    } ],
    "attributeTuples" : [ ]
  },
  "terminology" : {
    "@type" : "ARCHETYPE_TERMINOLOGY",
    "conceptCode" : "at0000",
    "termDefinitions" : {
      "en" : {
        "at0000.1" : {
          "@type" : "ARCHETYPE_TERM",
          "code" : "at0000.1",
          "text" : "Symptom/sign screening",
          "description" : "Answers to pre-defined screening questions about symptoms or signs.",
          "comment" : "The answers may be self-reported."
        },
        "at0022.2" : {
          "@type" : "ARCHETYPE_TERM",
          "code" : "at0022.2",
          "text" : "Other symptom/sign",
          "description" : "Details about a specific symptom or sign or grouping of symptoms or signs related to the screening purpose."
        }
      },
      "fi" : {
        "at0000.1" : {
          "@type" : "ARCHETYPE_TERM",
          "code" : "at0000.1",
          "text" : "Symptom/sign screening",
          "description" : "*Answers to questions about symptoms or signs in a pre-defined screening questionnaire. (en)",
          "comment" : "*The answers may be self-reported. (en)"
        },
        "at0022.2" : {
          "@type" : "ARCHETYPE_TERM",
          "code" : "at0022.2",
          "text" : "Other symptom/sign",
          "description" : "*Details about a specific symptom or sign or grouping of symptoms or signs related to the screening purpose. (en)"
        }
      },
      "nb" : {
        "at0000.1" : {
          "@type" : "ARCHETYPE_TERM",
          "code" : "at0000.1",
          "text" : "Symptom/sign screening",
          "description" : "Svar på forhåndsdefinerte spørsmål om symptomer eller sykdomstegn.",
          "comment" : "Svarene kan være selvrapporterte."
        },
        "at0022.2" : {
          "@type" : "ARCHETYPE_TERM",
          "code" : "at0022.2",
          "text" : "Other symptom/sign",
          "description" : "Detaljer om et spesifikt symptom eller sykdomstegn, eller gruppe av symptomer eller sykdomstegn relatert til kartleggingsformålet."
        }
      },
      "de" : {
        "at0000.1" : {
          "@type" : "ARCHETYPE_TERM",
          "code" : "at0000.1",
          "text" : "Symptom/sign screening",
          "description" : "*Answers to questions about symptoms or signs in a pre-defined screening questionnaire. (en)",
          "comment" : "*The answers may be self-reported. (en)"
        },
        "at0022.2" : {
          "@type" : "ARCHETYPE_TERM",
          "code" : "at0022.2",
          "text" : "Other symptom/sign",
          "description" : "*Details about a specific symptom or sign or grouping of symptoms or signs related to the screening purpose. (en)"
        }
      },
      "it" : {
        "at0000.1" : {
          "@type" : "ARCHETYPE_TERM",
          "code" : "at0000.1",
          "text" : "Symptom/sign screening",
          "description" : "*Answers to questions about symptoms or signs in a pre-defined screening questionnaire. (en)",
          "comment" : "*The answers may be self-reported. (en)"
        },
        "at0022.2" : {
          "@type" : "ARCHETYPE_TERM",
          "code" : "at0022.2",
          "text" : "Other symptom/sign",
          "description" : "*Details about a specific symptom or sign or grouping of symptoms or signs related to the screening purpose. (en)"
        }
      },
      "sv" : {
        "at0000.1" : {
          "@type" : "ARCHETYPE_TERM",
          "code" : "at0000.1",
          "text" : "Symptom/sign screening",
          "description" : "Answers to pre-defined screening questions about symptoms or signs.(en)",
          "comment" : "*The answers may be self-reported.(en)"
        },
        "at0022.2" : {
          "@type" : "ARCHETYPE_TERM",
          "code" : "at0022.2",
          "text" : "Other symptom/sign",
          "description" : "*Details about a specific symptom or sign or grouping of symptoms or signs related to the screening purpose. (en)"
        }
      }
    },
    "termBindings" : { },
    "terminologyExtracts" : { },
    "valueSets" : { }
  },
  "adlVersion" : "1.4",
  "buildUid" : "d19325a8-e442-339e-869a-a0493a8afb12",
  "rmName" : "openehr",
  "rmRelease" : "1.1.0",
  "generated" : true,
  "templateId" : "Symptom_sign screening",
  "otherMetaData" : { },
  "templateOverlays" : [ ],
  "originalLanguage" : {
    "terminologyId" : {
      "value" : "ISO_639-1"
    },
    "codeString" : "en"
  },
  "translations" : [ {
    "@type" : "TRANSLATION_DETAILS",
    "language" : {
      "terminologyId" : {
        "value" : "ISO_639-1"
      },
      "codeString" : "de"
    },
    "author" : {
      "name" : "Sarah Ballout, Natalia Strauch",
      "organisation" : "Medizinische Hochschule Hannover",
      "email" : "ballout.sarah@mh-hannover.de, Strauch.Natalia@mh-hannover.de"
    },
    "otherDetails" : { }
  }, {
    "@type" : "TRANSLATION_DETAILS",
    "language" : {
      "terminologyId" : {
        "value" : "ISO_639-1"
      },
      "codeString" : "fi"
    },
    "author" : { },
    "otherDetails" : { }
  }, {
    "@type" : "TRANSLATION_DETAILS",
    "language" : {
      "terminologyId" : {
        "value" : "ISO_639-1"
      },
      "codeString" : "sv"
    },
    "author" : {
      "name" : "Emma Malm, Erik Sundvall",
      "organisation" : "Karolinska University Hospital, Region Stockholm, Karolinska University Hospital, Region Stockholm + Linköping University",
      "email" : "emma.malm@cambio.se, erik.sundvall@regionstockholm.se"
    },
    "otherDetails" : { }
  }, {
    "@type" : "TRANSLATION_DETAILS",
    "language" : {
      "terminologyId" : {
        "value" : "ISO_639-1"
      },
      "codeString" : "nb"
    },
    "author" : {
      "name" : "Marit Alice Venheim, Silje Ljosland Bakke, John Tore Valand",
      "organisation" : "Helse Vest IKT AS, Helse Bergen",
      "email" : "marit.alice.venheim@helse-vest-ikt.no, silje.ljosland.bakke@helse-vest-ikt.no, john.tore.valand@helse-vest-ikt.no"
    },
    "otherDetails" : { }
  }, {
    "@type" : "TRANSLATION_DETAILS",
    "language" : {
      "terminologyId" : {
        "value" : "ISO_639-1"
      },
      "codeString" : "it"
    },
    "author" : { },
    "otherDetails" : { }
  } ]
}