{
  "@type" : "TEMPLATE",
  "uid" : "668bc27f-d99e-422a-b2f2-f864c450bf3f",
  "description" : {
    "@type" : "RESOURCE_DESCRIPTION",
    "originalAuthor" : {
      "name" : "Aly Lamuri",
      "organisation" : "Indonesia Medical Education and Research Institute",
      "email" : "aly.lamuri@alumni.ui.ac.id",
      "date" : "2022-10-21"
    },
    "otherContributors" : [ ],
    "lifecycleState" : {
      "codeString" : "published"
    },
    "ipAcknowledgements" : { },
    "references" : { },
    "conversionDetails" : { },
    "otherDetails" : {
      "licence" : "",
      "custodian_organisation" : "",
      "original_namespace" : "",
      "original_publisher" : "",
      "custodian_namespace" : "",
      "sem_ver" : "4.6.4",
      "build_uid" : "",
      "MD5-CAM-1.0.1" : "df933ff7a042c002ba9c6f593ca92e5c"
    },
    "details" : {
      "de" : {
        "@type" : "RESOURCE_DESCRIPTION_ITEM",
        "language" : {
          "terminologyId" : {
            "value" : "ISO_639-1"
          },
          "codeString" : "de"
        },
        "keywords" : [ ],
        "originalResourceUri" : { },
        "otherDetails" : { }
      },
      "fi" : {
        "@type" : "RESOURCE_DESCRIPTION_ITEM",
        "language" : {
          "terminologyId" : {
            "value" : "ISO_639-1"
          },
          "codeString" : "fi"
        },
        "keywords" : [ ],
        "originalResourceUri" : { },
        "otherDetails" : { }
      },
      "sv" : {
        "@type" : "RESOURCE_DESCRIPTION_ITEM",
        "language" : {
          "terminologyId" : {
            "value" : "ISO_639-1"
          },
          "codeString" : "sv"
        },
        "keywords" : [ ],
        "originalResourceUri" : { },
        "otherDetails" : { }
      },
      "ko" : {
        "@type" : "RESOURCE_DESCRIPTION_ITEM",
        "language" : {
          "terminologyId" : {
            "value" : "ISO_639-1"
          },
          "codeString" : "ko"
        },
        "keywords" : [ ],
        "originalResourceUri" : { },
        "otherDetails" : { }
      },
      "pt-br" : {
        "@type" : "RESOURCE_DESCRIPTION_ITEM",
        "language" : {
          "terminologyId" : {
            "value" : "ISO_639-1"
          },
          "codeString" : "pt-br"
        },
        "keywords" : [ ],
        "originalResourceUri" : { },
        "otherDetails" : { }
      },
      "en" : {
        "@type" : "RESOURCE_DESCRIPTION_ITEM",
        "language" : {
          "terminologyId" : {
            "value" : "ISO_639-1"
          },
          "codeString" : "en"
        },
        "purpose" : " Pemeriksaan laboratorium tuberkulosis untuk mencatat resistensi obat-obatan dan deteksi M. tuberculosis dalam spesimen",
        "keywords" : [ ],
        "originalResourceUri" : { },
        "otherDetails" : { }
      },
      "ar-sy" : {
        "@type" : "RESOURCE_DESCRIPTION_ITEM",
        "language" : {
          "terminologyId" : {
            "value" : "ISO_639-1"
          },
          "codeString" : "ar-sy"
        },
        "keywords" : [ ],
        "originalResourceUri" : { },
        "otherDetails" : { }
      },
      "it" : {
        "@type" : "RESOURCE_DESCRIPTION_ITEM",
        "language" : {
          "terminologyId" : {
            "value" : "ISO_639-1"
          },
          "codeString" : "it"
        },
        "keywords" : [ ],
        "originalResourceUri" : { },
        "otherDetails" : { }
      },
      "fr" : {
        "@type" : "RESOURCE_DESCRIPTION_ITEM",
        "language" : {
          "terminologyId" : {
            "value" : "ISO_639-1"
          },
          "codeString" : "fr"
        },
        "keywords" : [ ],
        "originalResourceUri" : { },
        "otherDetails" : { }
      },
      "es" : {
        "@type" : "RESOURCE_DESCRIPTION_ITEM",
        "language" : {
          "terminologyId" : {
            "value" : "ISO_639-1"
          },
          "codeString" : "es"
        },
        "keywords" : [ ],
        "originalResourceUri" : { },
        "otherDetails" : { }
      },
      "nb" : {
        "@type" : "RESOURCE_DESCRIPTION_ITEM",
        "language" : {
          "terminologyId" : {
            "value" : "ISO_639-1"
          },
          "codeString" : "nb"
        },
        "keywords" : [ ],
        "originalResourceUri" : { },
        "otherDetails" : { }
      },
      "es-ar" : {
        "@type" : "RESOURCE_DESCRIPTION_ITEM",
        "language" : {
          "terminologyId" : {
            "value" : "ISO_639-1"
          },
          "codeString" : "es-ar"
        },
        "keywords" : [ ],
        "originalResourceUri" : { },
        "otherDetails" : { }
      },
      "nl" : {
        "@type" : "RESOURCE_DESCRIPTION_ITEM",
        "language" : {
          "terminologyId" : {
            "value" : "ISO_639-1"
          },
          "codeString" : "nl"
        },
        "keywords" : [ ],
        "originalResourceUri" : { },
        "otherDetails" : { }
      }
    }
  },
  "parentArchetypeId" : "openEHR-EHR-COMPOSITION.encounter.v1",
  "differential" : true,
  "archetypeId" : {
    "@type" : "ARCHETYPE_HRID",
    "value" : "openEHR-EHR-COMPOSITION.t_encounter.v1"
  },
  "definition" : {
    "@type" : "C_COMPLEX_OBJECT",
    "rmTypeName" : "COMPOSITION",
    "nodeId" : "at0000.1",
    "attributes" : [ {
      "@type" : "C_ATTRIBUTE",
      "rmAttributeName" : "context",
      "children" : [ {
        "@type" : "C_COMPLEX_OBJECT",
        "rmTypeName" : "EVENT_CONTEXT",
        "attributes" : [ ],
        "attributeTuples" : [ ]
      } ]
    }, {
      "@type" : "C_ATTRIBUTE",
      "rmAttributeName" : "content",
      "existence" : "0..1",
      "cardinality" : {
        "@type" : "CARDINALITY",
        "interval" : "1..*",
        "ordered" : false,
        "unique" : false
      },
      "children" : [ {
        "@type" : "C_ARCHETYPE_ROOT",
        "rmTypeName" : "SECTION",
        "occurrences" : "0..1",
        "nodeId" : "at0.2",
        "attributes" : [ ],
        "attributeTuples" : [ ],
        "archetypeRef" : "openEHR-EHR-SECTION.ovl-adhoc-001.v1",
        "referenceType" : "archetypeOverlay"
      } ]
    } ],
    "attributeTuples" : [ ]
  },
  "terminology" : {
    "@type" : "ARCHETYPE_TERMINOLOGY",
    "conceptCode" : "at0000",
    "termDefinitions" : {
      "ar-sy" : {
        "at0000.1" : {
          "@type" : "ARCHETYPE_TERM",
          "code" : "at0000.1",
          "text" : "tuberculosis-lab-v.0.0.0",
          "description" : "*Interaction, contact or care event between a subject of care and healthcare provider(s).(en)"
        }
      },
      "en" : {
        "at0000.1" : {
          "@type" : "ARCHETYPE_TERM",
          "code" : "at0000.1",
          "text" : "tuberculosis-lab.v4",
          "description" : "Pemeriksaan laboratorium tuberculosis",
          "comment" : "Pemeriksaan laboratorium tuberculosis"
        }
      },
      "es-ar" : {
        "at0000.1" : {
          "@type" : "ARCHETYPE_TERM",
          "code" : "at0000.1",
          "text" : "tuberculosis-lab-v.0.0.0",
          "description" : "Interacción, contacto o evento de cuidados entre un sujeto de cuidados y uno o más proveedores de cuidados de la salud."
        }
      },
      "ko" : {
        "at0000.1" : {
          "@type" : "ARCHETYPE_TERM",
          "code" : "at0000.1",
          "text" : "tuberculosis-lab-v.0.0.0",
          "description" : "*Interaction, contact or care event between a subject of care and healthcare provider(s).(en)"
        }
      },
      "pt-br" : {
        "at0000.1" : {
          "@type" : "ARCHETYPE_TERM",
          "code" : "at0000.1",
          "text" : "tuberculosis-lab-v.0.0.0",
          "description" : "Interação, contato ou cuidado entre o sujeito do cuidado e profissional(is) de saúde."
        }
      },
      "es" : {
        "at0000.1" : {
          "@type" : "ARCHETYPE_TERM",
          "code" : "at0000.1",
          "text" : "tuberculosis-lab-v.0.0.0",
          "description" : "Interacción, contacto o evento de cuidado entre un paciente y un proveedor de salud."
        }
      },
      "nl" : {
        "at0000.1" : {
          "@type" : "ARCHETYPE_TERM",
          "code" : "at0000.1",
          "text" : "tuberculosis-lab-v.0.0.0",
          "description" : "Interactie, contact of zorggebeurtenis tussen een onderwerp van zorg en zorgverlener(s)."
        }
      },
      "sv" : {
        "at0000.1" : {
          "@type" : "ARCHETYPE_TERM",
          "code" : "at0000.1",
          "text" : "tuberculosis-lab-v.0.0.0",
          "description" : "Interaktion, kontakt eller vårdhändelse mellan vårdtagare och vårdgivare inom hälso- och sjukvården."
        }
      },
      "de" : {
        "at0000.1" : {
          "@type" : "ARCHETYPE_TERM",
          "code" : "at0000.1",
          "text" : "tuberculosis-lab-v.0.0.0",
          "description" : "Interaktion, Kontakt oder Versorgungsereignis, zwischen einem Versorgungsempfänger und einem Gesundheitsdienstleister."
        }
      },
      "fi" : {
        "at0000.1" : {
          "@type" : "ARCHETYPE_TERM",
          "code" : "at0000.1",
          "text" : "tuberculosis-lab-v.0.0.0",
          "description" : "Hoitohenkilön ja terveydenhuollon tarjoajan välinen vuorovaikutus, kontakti- tai hoitotapahtuma."
        }
      },
      "it" : {
        "at0000.1" : {
          "@type" : "ARCHETYPE_TERM",
          "code" : "at0000.1",
          "text" : "tuberculosis-lab-v.0.0.0",
          "description" : "Interazione, contatto o evento di cura tra un soggetto di cura e il/i fornitore/i di assistenza sanitaria."
        }
      },
      "fr" : {
        "at0000.1" : {
          "@type" : "ARCHETYPE_TERM",
          "code" : "at0000.1",
          "text" : "tuberculosis-lab-v.0.0.0",
          "description" : "Interaction, contact ou événement de soins entre un sujet de soins et un ou des prestataires de soins."
        }
      },
      "nb" : {
        "at0000.1" : {
          "@type" : "ARCHETYPE_TERM",
          "code" : "at0000.1",
          "text" : "tuberculosis-lab-v.0.0.0",
          "description" : "Interaksjon, kontakt eller omsorgshendelse mellom et individ og helsepersonell."
        }
      }
    },
    "termBindings" : { },
    "terminologyExtracts" : { },
    "valueSets" : { }
  },
  "adlVersion" : "1.4",
  "buildUid" : "6c22aa98-4356-3a55-ba79-cfc6c0990ff2",
  "rmName" : "openehr",
  "rmRelease" : "1.1.0",
  "generated" : true,
  "templateId" : "tuberculosis-lab.v4",
  "otherMetaData" : { },
  "templateOverlays" : [ {
    "@type" : "TEMPLATE_OVERLAY",
    "uid" : "57861681-7964-4705-973c-a718f5b5887f",
    "description" : {
      "@type" : "RESOURCE_DESCRIPTION",
      "originalAuthor" : { },
      "otherContributors" : [ ],
      "ipAcknowledgements" : { },
      "references" : { },
      "conversionDetails" : { },
      "otherDetails" : { },
      "details" : {
        "de" : {
          "@type" : "RESOURCE_DESCRIPTION_ITEM",
          "language" : {
            "terminologyId" : {
              "value" : "ISO_639-1"
            },
            "codeString" : "de"
          },
          "purpose" : "Eine generische Abschnittsüberschrift eines Templates, welche entsprechend dem spezifischen klinischen Kontext umbenannt werden sollte.",
          "keywords" : [ "Abschnitt", "Template", "Überschrift", "Ad hoc", "Abschnittsüberschrift" ],
          "use" : "Dieser Archetyp kann für die Erstellung einer Abschnittsüberschrift in einem Template verwendet werden. Die Überschrift kann, passend zu dem jeweiligen klinischen Kontext, umbenannt werden. Zum Beispiel: \"Ad hoc Überschrift\" wird umbenannt in \"Untersuchungsergebnisse\".\r\n\r\n",
          "misuse" : "Die Überschrift sollte in einem Template nicht unverändert verwendet werden.",
          "originalResourceUri" : { },
          "otherDetails" : { }
        },
        "sv" : {
          "@type" : "RESOURCE_DESCRIPTION_ITEM",
          "language" : {
            "terminologyId" : {
              "value" : "ISO_639-1"
            },
            "codeString" : "sv"
          },
          "purpose" : "En allmän avsnittsrubrik som döps om i en openEHR-mall för att passa in i en specifik klinisk kontext.",
          "keywords" : [ ],
          "use" : "Används för att skapa en avsnittsrubrik i en openEHR-mall som sedan döps om för att passa in i den specifika kliniska kontexten. Exempelvis \"Rubrik\" döps om till \"Undersökningsfynd\".",
          "misuse" : "Ska inte lämnas oförändrad i en openEHR-mall.",
          "originalResourceUri" : { },
          "otherDetails" : { }
        },
        "ru" : {
          "@type" : "RESOURCE_DESCRIPTION_ITEM",
          "language" : {
            "terminologyId" : {
              "value" : "ISO_639-1"
            },
            "codeString" : "ru"
          },
          "purpose" : "Базовый заголовок раздела, должен быть переименован в локальном шаблоне ",
          "keywords" : [ "раздел", "шаблон", "заготовка", "название", "образец" ],
          "use" : "используется для создания и именования разделов в локальных шаблонах",
          "misuse" : "*Not to be left unchanged in a template.(en)",
          "copyright" : "© openEHR Foundation",
          "originalResourceUri" : { },
          "otherDetails" : { }
        },
        "nb" : {
          "@type" : "RESOURCE_DESCRIPTION_ITEM",
          "language" : {
            "terminologyId" : {
              "value" : "ISO_639-1"
            },
            "codeString" : "nb"
          },
          "purpose" : "Brukes som en generisk seksjonsoverskrift som skal gis nytt navn i en templat for å passe i en gitt klinisk kontekst.",
          "keywords" : [ ],
          "use" : "Brukes til å lage en seksjonsoverskrift i en templat, hvis navn deretter endres for å passe i den aktuelle kliniske konteksten. For eksempel: \"Templat-overskrift\" endret til \"Funn ved undersøkelse\", \"Anamnese\", \"Personopplysninger\" eller \"Oppsummering\".",
          "misuse" : "Skal ikke stå med uendret navn i en templat.",
          "originalResourceUri" : { },
          "otherDetails" : { }
        },
        "es-ar" : {
          "@type" : "RESOURCE_DESCRIPTION_ITEM",
          "language" : {
            "terminologyId" : {
              "value" : "ISO_639-1"
            },
            "codeString" : "es-ar"
          },
          "purpose" : "Proporcionar un encabezado de sección de tipo genérico que será renombrado en una plantilla para su empleo en un contexto clínico específico.",
          "keywords" : [ ],
          "use" : "Utilizar para construir un encabezado de sección en una plantilla y que será renombrado para su empleo en un contexto clínico específico. Por ejemplo, \"Encabezado ad hoc\" puede renombrarse como \"Hallazgos de examen\".",
          "misuse" : "No debe mantenerse sin cambios en una plantilla.",
          "copyright" : "© openEHR Foundation",
          "originalResourceUri" : { },
          "otherDetails" : { }
        },
        "pt-br" : {
          "@type" : "RESOURCE_DESCRIPTION_ITEM",
          "language" : {
            "terminologyId" : {
              "value" : "ISO_639-1"
            },
            "codeString" : "pt-br"
          },
          "purpose" : "Oferecer um cabeçalho de uma sessão genérica que será renomeado no template para adequar-se a um contexto clínico específico.",
          "keywords" : [ "cabeçalho" ],
          "use" : "Utilize para construir um cabeçalho de uma sessão (de um template) que será renomeada para adequar-se a um contexto clínico específico. Por exemplo: \"cabeçalho Ad hoc\" renomeado para \"Achados de exame\".",
          "misuse" : "Não deve manter a configuração original no template.",
          "originalResourceUri" : { },
          "otherDetails" : { }
        },
        "en" : {
          "@type" : "RESOURCE_DESCRIPTION_ITEM",
          "language" : {
            "terminologyId" : {
              "value" : "ISO_639-1"
            },
            "codeString" : "en"
          },
          "purpose" : "To provide a generic section header which will be renamed in a template to suit a specific clinical context.",
          "keywords" : [ ],
          "use" : "Use to construct a section heading in a template that will be renamed to suit the specific clinical context. For example: \"Ad hoc heading\" renamed to \"Examination findings\".",
          "misuse" : "Not to be left unchanged in a template.",
          "copyright" : "© openEHR Foundation",
          "originalResourceUri" : { },
          "otherDetails" : { }
        },
        "sl" : {
          "@type" : "RESOURCE_DESCRIPTION_ITEM",
          "language" : {
            "terminologyId" : {
              "value" : "ISO_639-1"
            },
            "codeString" : "sl"
          },
          "purpose" : "*To provide a generic section header which will be renamed in a template to suit a specific clinical context.(en)",
          "keywords" : [ ],
          "use" : "*Use to construct a section heading in a template that will be renamed to suit the specific clinical context. For example: \"Ad hoc heading\" renamed to \"Examination findings\".(en)",
          "misuse" : "*Not to be left unchanged in a template.(en)",
          "copyright" : "© openEHR Foundation",
          "originalResourceUri" : { },
          "otherDetails" : { }
        },
        "it" : {
          "@type" : "RESOURCE_DESCRIPTION_ITEM",
          "language" : {
            "terminologyId" : {
              "value" : "ISO_639-1"
            },
            "codeString" : "it"
          },
          "purpose" : "Fornire un'intestazione generica della sezione che sarà rinominata in un template per adattarsi ad uno specifico contesto clinico.",
          "keywords" : [ ],
          "use" : "Usato per costruire un'intestazione di sezione in un template che sarà rinominato in base al contesto clinico specifico. Per esempio: \"Intestazione ad hoc\" rinominata in \"Risultati dell'esame\".",
          "misuse" : "Non deve essere lasciato invariato in un template.",
          "originalResourceUri" : { },
          "otherDetails" : { }
        },
        "fr" : {
          "@type" : "RESOURCE_DESCRIPTION_ITEM",
          "language" : {
            "terminologyId" : {
              "value" : "ISO_639-1"
            },
            "codeString" : "fr"
          },
          "purpose" : "*To provide a generic section header which will be renamed in a template to suit a specific clinical context.(en)",
          "keywords" : [ ],
          "use" : "*Use to construct a section heading in a template that will be renamed to suit the specific clinical context. For example: \"Ad hoc heading\" renamed to \"Examination findings\".(en)",
          "misuse" : "*Not to be left unchanged in a template.(en)",
          "originalResourceUri" : { },
          "otherDetails" : { }
        }
      }
    },
    "parentArchetypeId" : "openEHR-EHR-SECTION.adhoc.v1",
    "differential" : true,
    "archetypeId" : {
      "@type" : "ARCHETYPE_HRID",
      "value" : "openEHR-EHR-SECTION.ovl-adhoc-001.v1"
    },
    "definition" : {
      "@type" : "C_COMPLEX_OBJECT",
      "rmTypeName" : "SECTION",
      "nodeId" : "at0000.1",
      "attributes" : [ {
        "@type" : "C_ATTRIBUTE",
        "rmAttributeName" : "items",
        "existence" : "0..1",
        "cardinality" : {
          "@type" : "CARDINALITY",
          "interval" : "1..*",
          "ordered" : false,
          "unique" : false
        },
        "children" : [ {
          "@type" : "C_ARCHETYPE_ROOT",
          "rmTypeName" : "OBSERVATION",
          "occurrences" : "0..1",
          "nodeId" : "at0.40",
          "attributes" : [ ],
          "attributeTuples" : [ ],
          "archetypeRef" : "tuberculosis-lab-mikroskopis",
          "referenceType" : "templateId"
        }, {
          "@type" : "C_ARCHETYPE_ROOT",
          "rmTypeName" : "OBSERVATION",
          "occurrences" : "0..1",
          "nodeId" : "at0.8",
          "attributes" : [ ],
          "attributeTuples" : [ ],
          "archetypeRef" : "tuberculosis-lab-biakan-mikroba",
          "referenceType" : "templateId"
        }, {
          "@type" : "C_ARCHETYPE_ROOT",
          "rmTypeName" : "OBSERVATION",
          "occurrences" : "0..1",
          "nodeId" : "at0.16",
          "attributes" : [ ],
          "attributeTuples" : [ ],
          "archetypeRef" : "tuberculosis-lab-genexpert",
          "referenceType" : "templateId"
        }, {
          "@type" : "C_ARCHETYPE_ROOT",
          "rmTypeName" : "OBSERVATION",
          "occurrences" : "0..1",
          "nodeId" : "at0.19",
          "attributes" : [ ],
          "attributeTuples" : [ ],
          "archetypeRef" : "tuberculosis-lab-lpa-lini-1",
          "referenceType" : "templateId"
        }, {
          "@type" : "C_ARCHETYPE_ROOT",
          "rmTypeName" : "OBSERVATION",
          "occurrences" : "0..1",
          "nodeId" : "at0.44",
          "attributes" : [ ],
          "attributeTuples" : [ ],
          "archetypeRef" : "tuberculosis-lab-mikroskopis-follup",
          "referenceType" : "templateId"
        } ]
      } ],
      "attributeTuples" : [ ]
    },
    "terminology" : {
      "@type" : "ARCHETYPE_TERMINOLOGY",
      "conceptCode" : "at0000",
      "termDefinitions" : {
        "en" : {
          "at0000.1" : {
            "@type" : "ARCHETYPE_TERM",
            "code" : "at0000.1",
            "text" : "Hasil lab",
            "description" : "A generic section header which should be renamed in a template to suit a specific clinical context."
          }
        },
        "ru" : { },
        "es-ar" : { },
        "sl" : { },
        "nb" : { },
        "pt-br" : { },
        "sv" : { },
        "de" : { },
        "it" : { },
        "fr" : { }
      },
      "termBindings" : { },
      "terminologyExtracts" : { },
      "valueSets" : { }
    },
    "adlVersion" : "1.4",
    "buildUid" : "46fe0e95-f5cc-44c8-8616-3b9fd0ca6e61",
    "rmName" : "openehr",
    "rmRelease" : "1.1.0",
    "generated" : true,
    "otherMetaData" : { },
    "originalLanguage" : {
      "terminologyId" : {
        "value" : "ISO_639-1"
      },
      "codeString" : "en"
    },
    "translations" : [ {
      "@type" : "TRANSLATION_DETAILS",
      "language" : {
        "terminologyId" : {
          "value" : "ISO_639-1"
        },
        "codeString" : "de"
      },
      "author" : {
        "name" : "Ramona Wellmann",
        "organisation" : "Medizinische Hochschule Hannover",
        "email" : "wellmann.ramona@mh-hannover.de"
      },
      "otherDetails" : { }
    }, {
      "@type" : "TRANSLATION_DETAILS",
      "language" : {
        "terminologyId" : {
          "value" : "ISO_639-1"
        },
        "codeString" : "ru"
      },
      "author" : {
        "name" : "Art Latyp Латыпов Артур Шамилевич",
        "organisation" : "RusBITech РусБИТех, Москва"
      },
      "otherDetails" : { }
    }, {
      "@type" : "TRANSLATION_DETAILS",
      "language" : {
        "terminologyId" : {
          "value" : "ISO_639-1"
        },
        "codeString" : "sv"
      },
      "author" : {
        "name" : "Daniel Hall",
        "organisation" : "Region Östergötland",
        "email" : "daniel.hall@regionostergotland.se"
      },
      "accreditation" : "Åsa Skagerhult, Lisa Axelsson",
      "otherDetails" : { }
    }, {
      "@type" : "TRANSLATION_DETAILS",
      "language" : {
        "terminologyId" : {
          "value" : "ISO_639-1"
        },
        "codeString" : "es-ar"
      },
      "author" : {
        "name" : "Alan March",
        "organisation" : "Hospital Universitario Austral, Buenos Aires, Argentina"
      },
      "otherDetails" : { }
    }, {
      "@type" : "TRANSLATION_DETAILS",
      "language" : {
        "terminologyId" : {
          "value" : "ISO_639-1"
        },
        "codeString" : "nb"
      },
      "author" : {
        "einar.fosse@unn.no" : "einar.fosse@unn.no",
        "name" : "Einar Fosse",
        "organisation" : "Norwegian Centre for Integrated Care and Telemedicine, Tromsø, Norway"
      },
      "otherDetails" : { }
    }, {
      "@type" : "TRANSLATION_DETAILS",
      "language" : {
        "terminologyId" : {
          "value" : "ISO_639-1"
        },
        "codeString" : "pt-br"
      },
      "author" : {
        "name" : "Vladimir Pizzo",
        "organisation" : "Hospital Sírio Libanês, São Paulo, Brazil",
        "email" : "vladimir.pizzo@hsl.org.br"
      },
      "otherDetails" : { }
    }, {
      "@type" : "TRANSLATION_DETAILS",
      "language" : {
        "terminologyId" : {
          "value" : "ISO_639-1"
        },
        "codeString" : "sl"
      },
      "author" : {
        "name" : "?"
      },
      "otherDetails" : { }
    }, {
      "@type" : "TRANSLATION_DETAILS",
      "language" : {
        "terminologyId" : {
          "value" : "ISO_639-1"
        },
        "codeString" : "it"
      },
      "author" : {
        "name" : "Paolo Anedda",
        "organisation" : "Inpeco",
        "email" : "paolo.anedda@inpeco.com"
      },
      "otherDetails" : { }
    }, {
      "@type" : "TRANSLATION_DETAILS",
      "language" : {
        "terminologyId" : {
          "value" : "ISO_639-1"
        },
        "codeString" : "fr"
      },
      "author" : {
        "name" : "Vanessa Pereira",
        "organisation" : "Better - Pathfinder",
        "email" : "vanessapereira@protonmail.com"
      },
      "otherDetails" : { }
    } ]
  } ],
  "originalLanguage" : {
    "terminologyId" : {
      "value" : "ISO_639-1"
    },
    "codeString" : "en"
  },
  "translations" : [ {
    "@type" : "TRANSLATION_DETAILS",
    "language" : {
      "terminologyId" : {
        "value" : "ISO_639-1"
      },
      "codeString" : "de"
    },
    "author" : { },
    "otherDetails" : { }
  }, {
    "@type" : "TRANSLATION_DETAILS",
    "language" : {
      "terminologyId" : {
        "value" : "ISO_639-1"
      },
      "codeString" : "sv"
    },
    "author" : { },
    "otherDetails" : { }
  }, {
    "@type" : "TRANSLATION_DETAILS",
    "language" : {
      "terminologyId" : {
        "value" : "ISO_639-1"
      },
      "codeString" : "fi"
    },
    "author" : { },
    "otherDetails" : { }
  }, {
    "@type" : "TRANSLATION_DETAILS",
    "language" : {
      "terminologyId" : {
        "value" : "ISO_639-1"
      },
      "codeString" : "es-ar"
    },
    "author" : { },
    "otherDetails" : { }
  }, {
    "@type" : "TRANSLATION_DETAILS",
    "language" : {
      "terminologyId" : {
        "value" : "ISO_639-1"
      },
      "codeString" : "ko"
    },
    "author" : { },
    "otherDetails" : { }
  }, {
    "@type" : "TRANSLATION_DETAILS",
    "language" : {
      "terminologyId" : {
        "value" : "ISO_639-1"
      },
      "codeString" : "nb"
    },
    "author" : { },
    "otherDetails" : { }
  }, {
    "@type" : "TRANSLATION_DETAILS",
    "language" : {
      "terminologyId" : {
        "value" : "ISO_639-1"
      },
      "codeString" : "pt-br"
    },
    "author" : { },
    "otherDetails" : { }
  }, {
    "@type" : "TRANSLATION_DETAILS",
    "language" : {
      "terminologyId" : {
        "value" : "ISO_639-1"
      },
      "codeString" : "ar-sy"
    },
    "author" : { },
    "otherDetails" : { }
  }, {
    "@type" : "TRANSLATION_DETAILS",
    "language" : {
      "terminologyId" : {
        "value" : "ISO_639-1"
      },
      "codeString" : "it"
    },
    "author" : { },
    "otherDetails" : { }
  }, {
    "@type" : "TRANSLATION_DETAILS",
    "language" : {
      "terminologyId" : {
        "value" : "ISO_639-1"
      },
      "codeString" : "fr"
    },
    "author" : { },
    "otherDetails" : { }
  }, {
    "@type" : "TRANSLATION_DETAILS",
    "language" : {
      "terminologyId" : {
        "value" : "ISO_639-1"
      },
      "codeString" : "es"
    },
    "author" : { },
    "otherDetails" : { }
  }, {
    "@type" : "TRANSLATION_DETAILS",
    "language" : {
      "terminologyId" : {
        "value" : "ISO_639-1"
      },
      "codeString" : "nl"
    },
    "author" : { },
    "otherDetails" : { }
  } ]
}