{
  "@type" : "TEMPLATE",
  "uid" : "44be1ad1-d4ea-40c8-aa0e-632088a4af24",
  "description" : {
    "@type" : "RESOURCE_DESCRIPTION",
    "originalAuthor" : {
      "date" : "2022-11-05"
    },
    "otherContributors" : [ ],
    "lifecycleState" : {
      "codeString" : "unmanaged"
    },
    "ipAcknowledgements" : { },
    "references" : { },
    "conversionDetails" : { },
    "otherDetails" : {
      "licence" : "This work is licensed under the Creative Commons Attribution-ShareAlike 4.0 International License. To view a copy of this license, visit http://creativecommons.org/licenses/by-sa/4.0/.",
      "custodian_organisation" : "openEHR Foundation",
      "original_namespace" : "org.openehr",
      "original_publisher" : "openEHR Foundation",
      "custodian_namespace" : "org.openehr",
      "MD5-CAM-1.0.1" : "099a5106358b78f74d8dec89a129051f",
      "sem_ver" : "3.0.0",
      "build_uid" : ""
    },
    "details" : {
      "de" : {
        "@type" : "RESOURCE_DESCRIPTION_ITEM",
        "language" : {
          "terminologyId" : {
            "value" : "ISO_639-1"
          },
          "codeString" : "de"
        },
        "keywords" : [ ],
        "originalResourceUri" : { },
        "otherDetails" : { }
      },
      "sv" : {
        "@type" : "RESOURCE_DESCRIPTION_ITEM",
        "language" : {
          "terminologyId" : {
            "value" : "ISO_639-1"
          },
          "codeString" : "sv"
        },
        "keywords" : [ ],
        "originalResourceUri" : { },
        "otherDetails" : { }
      },
      "nb" : {
        "@type" : "RESOURCE_DESCRIPTION_ITEM",
        "language" : {
          "terminologyId" : {
            "value" : "ISO_639-1"
          },
          "codeString" : "nb"
        },
        "keywords" : [ ],
        "originalResourceUri" : { },
        "otherDetails" : { }
      },
      "pt-br" : {
        "@type" : "RESOURCE_DESCRIPTION_ITEM",
        "language" : {
          "terminologyId" : {
            "value" : "ISO_639-1"
          },
          "codeString" : "pt-br"
        },
        "keywords" : [ ],
        "originalResourceUri" : { },
        "otherDetails" : { }
      },
      "en" : {
        "@type" : "RESOURCE_DESCRIPTION_ITEM",
        "language" : {
          "terminologyId" : {
            "value" : "ISO_639-1"
          },
          "codeString" : "en"
        },
        "keywords" : [ ],
        "originalResourceUri" : { },
        "otherDetails" : { }
      },
      "ar-sy" : {
        "@type" : "RESOURCE_DESCRIPTION_ITEM",
        "language" : {
          "terminologyId" : {
            "value" : "ISO_639-1"
          },
          "codeString" : "ar-sy"
        },
        "keywords" : [ ],
        "originalResourceUri" : { },
        "otherDetails" : { }
      },
      "it" : {
        "@type" : "RESOURCE_DESCRIPTION_ITEM",
        "language" : {
          "terminologyId" : {
            "value" : "ISO_639-1"
          },
          "codeString" : "it"
        },
        "keywords" : [ ],
        "originalResourceUri" : { },
        "otherDetails" : { }
      },
      "zh-cn" : {
        "@type" : "RESOURCE_DESCRIPTION_ITEM",
        "language" : {
          "terminologyId" : {
            "value" : "ISO_639-1"
          },
          "codeString" : "zh-cn"
        },
        "keywords" : [ ],
        "originalResourceUri" : { },
        "otherDetails" : { }
      },
      "nl" : {
        "@type" : "RESOURCE_DESCRIPTION_ITEM",
        "language" : {
          "terminologyId" : {
            "value" : "ISO_639-1"
          },
          "codeString" : "nl"
        },
        "keywords" : [ ],
        "originalResourceUri" : { },
        "otherDetails" : { }
      }
    }
  },
  "annotations" : {
    "@type" : "RESOURCE_ANNOTATIONS",
    "documentation" : {
      "ar-sy" : {
        "/data[at0001]/events[at0002]/data[at0003]/items[at0118]" : {
          "fhir_mapping" : "*DiagnosticReport.presentedForm(en)"
        },
        "/data[at0001]/events[at0002]/data[at0003]/items[at0100.1]" : {
          "fhir_mapping" : "*DiagnosticReport.requestDetail.clinicalNotes(en)"
        },
        "/data[at0001]/events[at0002]/data[at0003]/items[at0057.1]" : {
          "fhir_mapping" : "*DiagnosticReport.conclusion(en)"
        }
      },
      "en" : { },
      "nb" : { },
      "zh-cn" : {
        "/data[at0001]/events[at0002]/data[at0003]/items[at0118]" : {
          "fhir_mapping" : "*DiagnosticReport.presentedForm(en)"
        },
        "/data[at0001]/events[at0002]/data[at0003]/items[at0100.1]" : {
          "fhir_mapping" : "*DiagnosticReport.requestDetail.clinicalNotes(en)"
        },
        "/data[at0001]/events[at0002]/data[at0003]/items[at0057.1]" : {
          "fhir_mapping" : "*DiagnosticReport.conclusion(en)"
        }
      },
      "de" : { },
      "it" : { },
      "nl" : { },
      "sv" : { },
      "pt-br" : { }
    }
  },
  "parentArchetypeId" : "openEHR-EHR-OBSERVATION.laboratory_test_result.v1",
  "differential" : true,
  "archetypeId" : {
    "@type" : "ARCHETYPE_HRID",
    "value" : "openEHR-EHR-OBSERVATION.pemeriksaanmikroskopis_bulan_5.v1"
  },
  "definition" : {
    "@type" : "C_COMPLEX_OBJECT",
    "rmTypeName" : "OBSERVATION",
    "nodeId" : "at0000.1",
    "attributes" : [ {
      "@type" : "C_ATTRIBUTE",
      "rmAttributeName" : "data",
      "children" : [ {
        "@type" : "C_COMPLEX_OBJECT",
        "rmTypeName" : "HISTORY",
        "nodeId" : "at0001",
        "attributes" : [ {
          "@type" : "C_ATTRIBUTE",
          "rmAttributeName" : "events",
          "children" : [ {
            "@type" : "C_COMPLEX_OBJECT",
            "rmTypeName" : "EVENT",
            "nodeId" : "at0002",
            "attributes" : [ {
              "@type" : "C_ATTRIBUTE",
              "rmAttributeName" : "data",
              "children" : [ {
                "@type" : "C_COMPLEX_OBJECT",
                "rmTypeName" : "ITEM_TREE",
                "nodeId" : "at0003",
                "attributes" : [ {
                  "@type" : "C_ATTRIBUTE",
                  "rmAttributeName" : "items",
                  "children" : [ {
                    "@type" : "C_COMPLEX_OBJECT",
                    "rmTypeName" : "ELEMENT",
                    "nodeId" : "at0005.1",
                    "attributes" : [ {
                      "@type" : "C_ATTRIBUTE",
                      "rmAttributeName" : "value",
                      "children" : [ {
                        "@type" : "C_COMPLEX_OBJECT",
                        "rmTypeName" : "DV_CODED_TEXT",
                        "occurrences" : "1..1",
                        "defaultValue" : {
                          "defining_code" : {
                            "terminology_id" : {
                              "value" : "SNOMED-CT",
                              "@type" : "TERMINOLOGY_ID"
                            },
                            "code_string" : "SCTID::117259009",
                            "@type" : "CODE_PHRASE"
                          },
                          "value" : "Mikroskopis bulan 5",
                          "@type" : "DV_CODED_TEXT"
                        },
                        "attributes" : [ {
                          "@type" : "C_ATTRIBUTE",
                          "rmAttributeName" : "defining_code",
                          "children" : [ {
                            "@type" : "C_TERMINOLOGY_CODE",
                            "rmTypeName" : "TERMINOLOGY_CODE",
                            "occurrences" : "0..1",
                            "terminologyId" : {
                              "value" : "SNOMED-CT"
                            },
                            "constraint" : [ ],
                            "selectedTerminologies" : [ "SNOMED-CT" ],
                            "includedExternalTerminologyCodes" : [ {
                              "terminologyId" : "SNOMED-CT",
                              "code" : "SCTID::117259009",
                              "value" : "Mikroskopis bulan 5"
                            } ]
                          } ]
                        } ],
                        "attributeTuples" : [ ]
                      } ]
                    } ],
                    "attributeTuples" : [ ]
                  }, {
                    "@type" : "C_COMPLEX_OBJECT",
                    "rmTypeName" : "ELEMENT",
                    "occurrences" : "0..0",
                    "nodeId" : "at0073.1",
                    "attributes" : [ {
                      "@type" : "C_ATTRIBUTE",
                      "rmAttributeName" : "value",
                      "children" : [ {
                        "@type" : "C_COMPLEX_OBJECT",
                        "rmTypeName" : "DV_CODED_TEXT",
                        "defaultValue" : {
                          "defining_code" : {
                            "code_string" : "at0038",
                            "@type" : "CODE_PHRASE"
                          },
                          "@type" : "DV_CODED_TEXT"
                        },
                        "attributes" : [ {
                          "@type" : "C_ATTRIBUTE",
                          "rmAttributeName" : "defining_code",
                          "children" : [ {
                            "@type" : "C_TERMINOLOGY_CODE",
                            "rmTypeName" : "TERMINOLOGY_CODE",
                            "occurrences" : "1..1",
                            "terminologyId" : {
                              "value" : "local"
                            },
                            "constraint" : [ "ac0.2" ],
                            "selectedTerminologies" : [ ]
                          } ]
                        } ],
                        "attributeTuples" : [ ]
                      }, {
                        "@type" : "C_COMPLEX_OBJECT",
                        "rmTypeName" : "DV_TEXT",
                        "attributes" : [ ],
                        "attributeTuples" : [ ]
                      } ]
                    } ],
                    "attributeTuples" : [ ]
                  }, {
                    "@type" : "C_COMPLEX_OBJECT",
                    "rmTypeName" : "ELEMENT",
                    "occurrences" : "0..0",
                    "nodeId" : "at0075.1",
                    "attributes" : [ ],
                    "attributeTuples" : [ ]
                  }, {
                    "@type" : "C_COMPLEX_OBJECT",
                    "rmTypeName" : "ELEMENT",
                    "occurrences" : "0..0",
                    "nodeId" : "at0077.1",
                    "attributes" : [ ],
                    "attributeTuples" : [ ]
                  }, {
                    "@type" : "C_COMPLEX_OBJECT",
                    "rmTypeName" : "ELEMENT",
                    "occurrences" : "0..0",
                    "nodeId" : "at0100.1",
                    "attributes" : [ ],
                    "attributeTuples" : [ ]
                  }, {
                    "@type" : "C_COMPLEX_OBJECT",
                    "rmTypeName" : "ELEMENT",
                    "occurrences" : "0..0",
                    "nodeId" : "at0057.1",
                    "attributes" : [ ],
                    "attributeTuples" : [ ]
                  }, {
                    "@type" : "C_COMPLEX_OBJECT",
                    "rmTypeName" : "ELEMENT",
                    "occurrences" : "0..0",
                    "nodeId" : "at0098.1",
                    "attributes" : [ ],
                    "attributeTuples" : [ ]
                  }, {
                    "@type" : "C_COMPLEX_OBJECT",
                    "rmTypeName" : "ELEMENT",
                    "occurrences" : "0..0",
                    "nodeId" : "at0101.1",
                    "attributes" : [ ],
                    "attributeTuples" : [ ]
                  }, {
                    "@type" : "C_ARCHETYPE_ROOT",
                    "rmTypeName" : "CLUSTER",
                    "occurrences" : "0..1",
                    "nodeId" : "at0097.1",
                    "attributes" : [ ],
                    "attributeTuples" : [ ],
                    "archetypeRef" : "openEHR-EHR-CLUSTER.ovl-laboratory_test_analyte-008.v1",
                    "referenceType" : "archetypeOverlay"
                  }, {
                    "@type" : "C_ARCHETYPE_ROOT",
                    "rmTypeName" : "CLUSTER",
                    "occurrences" : "1..1",
                    "nodeId" : "at0065.1",
                    "attributes" : [ ],
                    "attributeTuples" : [ ],
                    "archetypeRef" : "openEHR-EHR-CLUSTER.ovl-specimen-002.v1",
                    "referenceType" : "archetypeOverlay"
                  } ]
                } ],
                "attributeTuples" : [ ]
              } ]
            }, {
              "@type" : "C_ATTRIBUTE",
              "rmAttributeName" : "state",
              "children" : [ {
                "@type" : "C_COMPLEX_OBJECT",
                "rmTypeName" : "ITEM_TREE",
                "nodeId" : "at0112",
                "attributes" : [ {
                  "@type" : "C_ATTRIBUTE",
                  "rmAttributeName" : "items",
                  "children" : [ {
                    "@type" : "C_COMPLEX_OBJECT",
                    "rmTypeName" : "ELEMENT",
                    "occurrences" : "0..0",
                    "nodeId" : "at0113.1",
                    "attributes" : [ ],
                    "attributeTuples" : [ ]
                  } ]
                } ],
                "attributeTuples" : [ ]
              } ]
            } ],
            "attributeTuples" : [ ]
          } ]
        } ],
        "attributeTuples" : [ ]
      } ]
    }, {
      "@type" : "C_ATTRIBUTE",
      "rmAttributeName" : "protocol",
      "children" : [ {
        "@type" : "C_COMPLEX_OBJECT",
        "rmTypeName" : "ITEM_TREE",
        "nodeId" : "at0004",
        "attributes" : [ {
          "@type" : "C_ATTRIBUTE",
          "rmAttributeName" : "items",
          "children" : [ {
            "@type" : "C_COMPLEX_OBJECT",
            "rmTypeName" : "ELEMENT",
            "occurrences" : "0..0",
            "nodeId" : "at0068.1",
            "attributes" : [ {
              "@type" : "C_ATTRIBUTE",
              "rmAttributeName" : "value",
              "children" : [ {
                "@type" : "C_COMPLEX_OBJECT",
                "rmTypeName" : "DV_IDENTIFIER",
                "attributes" : [ ],
                "attributeTuples" : [ ]
              }, {
                "@type" : "C_COMPLEX_OBJECT",
                "rmTypeName" : "DV_TEXT",
                "attributes" : [ ],
                "attributeTuples" : [ ]
              } ]
            } ],
            "attributeTuples" : [ ]
          }, {
            "@type" : "C_COMPLEX_OBJECT",
            "rmTypeName" : "CLUSTER",
            "nodeId" : "at0094",
            "attributes" : [ {
              "@type" : "C_ATTRIBUTE",
              "rmAttributeName" : "items",
              "children" : [ {
                "@type" : "C_COMPLEX_OBJECT",
                "rmTypeName" : "ELEMENT",
                "occurrences" : "0..0",
                "nodeId" : "at0106.1",
                "attributes" : [ ],
                "attributeTuples" : [ ]
              }, {
                "@type" : "C_COMPLEX_OBJECT",
                "rmTypeName" : "ELEMENT",
                "occurrences" : "0..0",
                "nodeId" : "at0062.1",
                "attributes" : [ {
                  "@type" : "C_ATTRIBUTE",
                  "rmAttributeName" : "value",
                  "children" : [ {
                    "@type" : "C_COMPLEX_OBJECT",
                    "rmTypeName" : "DV_IDENTIFIER",
                    "attributes" : [ ],
                    "attributeTuples" : [ ]
                  }, {
                    "@type" : "C_COMPLEX_OBJECT",
                    "rmTypeName" : "DV_TEXT",
                    "attributes" : [ ],
                    "attributeTuples" : [ ]
                  } ]
                } ],
                "attributeTuples" : [ ]
              }, {
                "@type" : "C_COMPLEX_OBJECT",
                "rmTypeName" : "ELEMENT",
                "occurrences" : "0..0",
                "nodeId" : "at0063.1",
                "attributes" : [ {
                  "@type" : "C_ATTRIBUTE",
                  "rmAttributeName" : "value",
                  "children" : [ {
                    "@type" : "C_COMPLEX_OBJECT",
                    "rmTypeName" : "DV_IDENTIFIER",
                    "attributes" : [ ],
                    "attributeTuples" : [ ]
                  }, {
                    "@type" : "C_COMPLEX_OBJECT",
                    "rmTypeName" : "DV_TEXT",
                    "attributes" : [ ],
                    "attributeTuples" : [ ]
                  } ]
                } ],
                "attributeTuples" : [ ]
              } ]
            } ],
            "attributeTuples" : [ ]
          }, {
            "@type" : "C_COMPLEX_OBJECT",
            "rmTypeName" : "ELEMENT",
            "occurrences" : "0..0",
            "nodeId" : "at0111.1",
            "attributes" : [ ],
            "attributeTuples" : [ ]
          }, {
            "@type" : "C_COMPLEX_OBJECT",
            "rmTypeName" : "ELEMENT",
            "occurrences" : "0..0",
            "nodeId" : "at0121.1",
            "attributes" : [ ],
            "attributeTuples" : [ ]
          } ]
        } ],
        "attributeTuples" : [ ]
      } ]
    } ],
    "attributeTuples" : [ ],
    "attributeCustomizations" : {
      "data" : {
        "aliases" : {
          "en" : "data"
        }
      }
    }
  },
  "terminology" : {
    "@type" : "ARCHETYPE_TERMINOLOGY",
    "conceptCode" : "at0000",
    "termDefinitions" : {
      "ar-sy" : {
        "ac0.2" : {
          "@type" : "ARCHETYPE_TERM",
          "text" : "*(Synthesized) (en)",
          "code" : "ac0.2",
          "description" : ""
        },
        "at0000.1" : {
          "@type" : "ARCHETYPE_TERM",
          "code" : "at0000",
          "text" : "*Laboratory test result(en) (8)",
          "description" : "*The result, including findings and interpretation, of a laboratory investigation performed on specimens from individuals or related materials(en)"
        }
      },
      "en" : {
        "at0000.1" : {
          "@type" : "ARCHETYPE_TERM",
          "code" : "at0000.1",
          "text" : "Pemeriksaan mikroskopis bulan 5",
          "description" : "The result, including findings and the laboratory's interpretation, of an investigation performed on specimens collected from an individual or related to that individual."
        },
        "ac0.2" : {
          "@type" : "ARCHETYPE_TERM",
          "text" : "(Synthesized)",
          "code" : "ac0.2",
          "description" : ""
        },
        "at0005.1" : {
          "@type" : "ARCHETYPE_TERM",
          "code" : "at0005.1",
          "text" : "Nama pemeriksaan",
          "description" : "Name of the laboratory investigation performed on the specimen(s).",
          "comment" : "A test result may be for a single analyte, or a group of items, including panel tests. It is strongly recommended that 'Test name' be coded with a terminology, for example LOINC or SNOMED CT. For example: 'Glucose', 'Urea and Electrolytes', 'Swab', 'Cortisol (am)', 'Potassium in perspiration' or 'Melanoma histopathology'. The name may sometimes include specimen type and patient state, for example 'Fasting blood glucose' or include other information, as 'Potassium (PNA blood gas)'."
        }
      },
      "nb" : {
        "ac0.2" : {
          "@type" : "ARCHETYPE_TERM",
          "text" : "*(Synthesized) (en)",
          "code" : "ac0.2",
          "description" : ""
        },
        "at0000.1" : {
          "@type" : "ARCHETYPE_TERM",
          "code" : "at0000",
          "text" : "Laboratorieresultat (8)",
          "description" : "Resultat, inkludert funn og laboratoriets tolkning, av en laboratorieundersøkelse utført på prøvemateriale fra et individ eller relatert til individet."
        }
      },
      "zh-cn" : {
        "ac0.2" : {
          "@type" : "ARCHETYPE_TERM",
          "text" : "*(Synthesized) (en)",
          "code" : "ac0.2",
          "description" : ""
        },
        "at0000.1" : {
          "@type" : "ARCHETYPE_TERM",
          "code" : "at0000",
          "text" : "*Laboratory test result(en) (8)",
          "description" : "*The result, including findings and interpretation, of a laboratory investigation performed on specimens from individuals or related materials(en)"
        }
      },
      "de" : {
        "ac0.2" : {
          "@type" : "ARCHETYPE_TERM",
          "text" : "*(Synthesized) (en)",
          "code" : "ac0.2",
          "description" : ""
        },
        "at0000.1" : {
          "@type" : "ARCHETYPE_TERM",
          "code" : "at0000",
          "text" : "Laborergebnis (8)",
          "description" : "Das Ergebnis - einschließlich der Befunde und der Interpretation des Labors - einer Untersuchung, die an Proben durchgeführt wurde, die von einer Einzelperson stammen oder mit dieser Person zusammenhängen."
        }
      },
      "it" : {
        "ac0.2" : {
          "@type" : "ARCHETYPE_TERM",
          "text" : "*(Synthesized) (en)",
          "code" : "ac0.2",
          "description" : ""
        },
        "at0000.1" : {
          "@type" : "ARCHETYPE_TERM",
          "code" : "at0000",
          "text" : "Risultato di esame di laboratorio (8)",
          "description" : "L'esito, inclusi i risultati e l'interpretazione, di una indagine di laboratorio effettuata su campioni provenienti da individui o relativi materiali."
        }
      },
      "nl" : {
        "ac0.2" : {
          "@type" : "ARCHETYPE_TERM",
          "text" : "*(Synthesized) (en)",
          "code" : "ac0.2",
          "description" : ""
        },
        "at0000.1" : {
          "@type" : "ARCHETYPE_TERM",
          "code" : "at0000",
          "text" : "*Laboratory test result(en) (8)",
          "description" : "*The result, including findings and the laboratory's interpretation, of an investigation performed on specimens collected from an individual or related to that individual.(en)"
        }
      },
      "sv" : {
        "ac0.2" : {
          "@type" : "ARCHETYPE_TERM",
          "text" : "*(Synthesized) (en)",
          "code" : "ac0.2",
          "description" : ""
        },
        "at0000.1" : {
          "@type" : "ARCHETYPE_TERM",
          "code" : "at0000",
          "text" : "Laboratorieresultat (8)",
          "description" : "Resultatet, inklusive fynd och laboratoriets tolkning, av en undersökning utförd på provmaterial från en individ eller relaterad till individen."
        }
      },
      "pt-br" : {
        "ac0.2" : {
          "@type" : "ARCHETYPE_TERM",
          "text" : "*(Synthesized) (en)",
          "code" : "ac0.2",
          "description" : ""
        },
        "at0000.1" : {
          "@type" : "ARCHETYPE_TERM",
          "code" : "at0000",
          "text" : "Resultado de exame de laboratório (8)",
          "description" : "O resultado, incluindo achados e a interpretação do laboratório, de uma investigação realizada em amostras coletadas de um indivíduo ou relacionadas a esse indivíduo."
        }
      }
    },
    "termBindings" : {
      "V3 Value SetRoleClassServiceDeliveryLocation" : {
        "ac0.1" : "terminology://fhir.hl7.org/ValueSet/$expand?url=http://terminology.hl7.org/ValueSet/v3-RoleClassServiceDeliveryLocation"
      },
      "Paediatric Myelodysplasia Clinical Findings (At Diagnosis)" : {
        "ac0.5" : "terminology://fhir.hl7.org/ValueSet/$expand?url=https://beta.datadictionary.nhs.uk/valueSet/paediatric_myelodysplasia_clinical_findings__at_diagnosis_"
      }
    },
    "terminologyExtracts" : { },
    "valueSets" : {
      "ac0.2" : {
        "@type" : "VALUE_SET",
        "id" : "ac0.2",
        "members" : [ "at0107", "at0037", "at0120", "at0038", "at0040", "at0115", "at0119", "at0074", "at0116" ]
      }
    }
  },
  "adlVersion" : "1.4",
  "buildUid" : "6cb6797c-f797-360b-ae55-ad485f520193",
  "rmName" : "openehr",
  "rmRelease" : "1.1.0",
  "generated" : true,
  "templateId" : "tuberculosis-lab-mikroskopis-bulan-5",
  "otherMetaData" : { },
  "templateOverlays" : [ {
    "@type" : "TEMPLATE_OVERLAY",
    "uid" : "082b21cc-f6a5-44a6-93f4-7a317625fffa",
    "description" : {
      "@type" : "RESOURCE_DESCRIPTION",
      "originalAuthor" : { },
      "otherContributors" : [ ],
      "ipAcknowledgements" : { },
      "references" : { },
      "conversionDetails" : { },
      "otherDetails" : { },
      "details" : {
        "de" : {
          "@type" : "RESOURCE_DESCRIPTION_ITEM",
          "language" : {
            "terminologyId" : {
              "value" : "ISO_639-1"
            },
            "codeString" : "de"
          },
          "purpose" : "Dient der Darstellung von einzelnen Ergebniswerten für Labor-Analyten, die in der klinischen Diagnostikanalyse wie medizinische Biochemie, Hämatologie, Immunologie und Transfusionsmedizin zu finden ist.",
          "keywords" : [ "Labor", "Pathologie", "Analyt", "Bestandteil", "Ergebnis" ],
          "use" : "Dient zur Erfassung von einzelnen Ergebniswerten für Labor-Analyten, die in der klinischen Diagnostik verbreitet sind, wie z. B. biochemische, hämatologische, immunologische und transfusionsmedizinische Tests. Diese können auch in anatomisch-pathologischen Berichten als \"zusätzliche Untersuchungen\" vorkommen.\r\n \r\nEine oder mehrere Instanzen dieses Archetyps können im SLOT \"Testergebnis\" des Archetyps OBSERVATION.laboratory_test_result verschachtelt werden.\r\n\r\nUnter Umständen kann dieser Archetyp in einem CLUSTER.laboratory_test_panel Archetyp verwendet werden - zusammen mit andere Analyten, die normalerweise als Teil eine Panels oder Profils getestet und/oder befundet werden.\r\n\r\nDieser Archetyp kann im Rahmen einer komplexerem Labor/Pathologie-Befundung, z.B. in anatomisch-pathologischen Befunden verwendet werden, in denen oft quantitative Resultate, wie Durchfluss-Zytometrie-Analysen neben den üblichen makroskopischen und mikroskopischen Ergebnissen dokumentiert werden.\r\n",
          "misuse" : "Nicht zur Darstellung von makroskopischen / mikroskopischen Befunde in der anatomischen Pathologie zu verwenden, außer für zusätzliche Tests wie durchflußzytometrischen Studien.\r\n\r\nNicht zur Darstellung von Ergebnissen für Mikrobiologische Befunde verwenden.",
          "originalResourceUri" : { },
          "otherDetails" : { }
        },
        "sv" : {
          "@type" : "RESOURCE_DESCRIPTION_ITEM",
          "language" : {
            "terminologyId" : {
              "value" : "ISO_639-1"
            },
            "codeString" : "sv"
          },
          "purpose" : "Registrering av ett enskilt laboratorieanalysresultat som vanligtvis förekommer i undersökningar inom exempelvis medicinsk biokemi, hematologi, immunologi och transfusionsmedicin.\r\n",
          "keywords" : [ "laboratorium", "labb", "patologi", "analyt", "analys", "resultat", "analysresultat", "svar", "komponent" ],
          "use" : "Används för registrering av ett enskilt laboratorieresultat inom områden såsom medicinsk biokemi, hematologi, immunologi och transfusionsmedicin. Arketypen kan även användas för kompletterande undersökningar.\r\n\r\nEn eller flera instanser av denna arketyp kan nästlas i den SLOT för \"Undersökningsresultat\" som finns i arketypen OBSERVATION.laboratory_test_result. \r\n\r\nI vissa sammanhang kan denna arketyp användas i arketypen CLUSTER.laboratory_test_panel tillsammans med andra analyser som vanligtvis utförs eller rapporteras tillsammans som en del av en analysgrupp, -paket eller -panel.\r\n\r\nDenna arketyp kan användas i mer komplexa laboratorie- och patologirapporter där kvantitativa svar såsom flödescytometri rapporteras tillsammans med konventionella makroskopiska och mikroskopiska undersökningar.",
          "misuse" : "Ska inte användas för att registrera makroskopiska eller mikroskopiska patologifynd, förutom för ytterligare undersökningar såsom flödescytometri.\r\n\r\nSka inte användas för att registrera mikrobiologiska resultat.",
          "originalResourceUri" : { },
          "otherDetails" : { }
        },
        "nb" : {
          "@type" : "RESOURCE_DESCRIPTION_ITEM",
          "language" : {
            "terminologyId" : {
              "value" : "ISO_639-1"
            },
            "codeString" : "nb"
          },
          "purpose" : "For å registrere ett enkelt laboratorieresultat innenfor områder som medisinsk biokjemi, hematologi, immunologi og transfusjonsmedisin.",
          "keywords" : [ "laboratorie", "analytt", "analyse", "svar", "resultat" ],
          "use" : "For å registrere ett enkelt laboratorieresultat innenfor områder som medisinsk biokjemi, hematologi, immunologi og transfusjonsmedisin. Arketypen kan også brukes til tilleggsundersøkelser innenfor patologi.\r\n\r\nEn eller flere instanser av denne arketypen kan nøstes i SLOTet \"Undersøkelsesresultat\" i arketypen OBSERVATION.laboratory_test_result.\r\n\r\nI noen sammenhenger kan denne arketypen brukes i arketypen CLUSTER.laboratory_test_panel, sammen med andre analytter som vanligvis utføres sammen som del av en analysegruppe.\r\n\r\nDenne arketypen kan brukes innenfor mer komplekse laboratorie/patologirapporter der kvantitative svar som for eksempel flowcytometri rapporteres sammen med konvensjonelle makroskopiske og mikroskopiske undersøkelser.",
          "misuse" : "Skal ikke brukes til å registrere funn ved patologiundersøkelser, annet enn for tilleggsundersøkelser som flowcytometri.\r\n\r\nSkal ikke brukes til å registrere mikrobiologiske dyrkningssvar.",
          "copyright" : "© openEHR Foundation",
          "originalResourceUri" : { },
          "otherDetails" : { }
        },
        "pt-br" : {
          "@type" : "RESOURCE_DESCRIPTION_ITEM",
          "language" : {
            "terminologyId" : {
              "value" : "ISO_639-1"
            },
            "codeString" : "pt-br"
          },
          "purpose" : "Para gravar valores únicos e individuais de resultados laboratoriais de analitos comuns a testes patológicos clínicos como bioquímica, hematologia e imunologia.\r\n",
          "keywords" : [ "laboratório", "patologia", "analito", "componente", "resultado" ],
          "use" : "Para gravar valores únicos e individuais de resultados laboratoriais de analitos comuns a testes patológicos clínicos como bioquímica, hematologia e imunologia. Normalmente usados conjuntamente com o arquétipo parental OBSERVATION.laboratory_test_result e em algumas circunstâncias será carregado dentro de um arquétipo CLUSTER.laboratory_test_panel, junto com outros analitos que são normalmente testados e/ou reportados como parte de uma bateria, painel e perfil, embora não seja necessário e.e múltiplos analitos podem ser carregados diretamente dentro do OBSERVATION.laboratory_test.\r\n\r\nO atributo do nome do elemento \"Resultado do analito\" é normalmente substituído em uma especialização, template ou em tempo de execução para carregar o nome do analito específico, p.e., \"hemoglobina\", frequentemente codificado com uma terminologia de referência como LOINC, SNOMED CT ou NPU.\r\n\r\nEste arquétipo pode ser usado dentro do contexto de relatórios laboratoriais/de patologia mais complexos como em relatórios de histopatologia/anatomia onde resultados quantitativos como de estudos de citometria de fluxo e testes genéticos são frequentemente reportados junto com relatórios macroscópicos e microscópicos convencionais.",
          "misuse" : "*Not to be used to record anatomical pathology macroscopic/microscopic findings, other than for additional testing such as cytometric flow studies.\r\n\r\nNot to be used to record results for microbiological culture findings. (en)",
          "originalResourceUri" : { },
          "otherDetails" : { }
        },
        "en" : {
          "@type" : "RESOURCE_DESCRIPTION_ITEM",
          "language" : {
            "terminologyId" : {
              "value" : "ISO_639-1"
            },
            "codeString" : "en"
          },
          "purpose" : "To record a single value laboratory analyte result, commonly found in clinical pathology testing such as medical biochemistry, haematology, immunology and transfusion medicine.",
          "keywords" : [ "laboratory", "pathology", "analyte", "constituent", "result" ],
          "use" : "Use to record a single value laboratory analyte result, commonly found in clinical pathology testing such as medical biochemistry, haematology, immunology and transfusion medicine. They may also be found in anatomical pathology reports as 'ancillary tests'.\r\n\r\nOne or more instances of this archetype may be nested within the 'Test result' SLOT in the OBSERVATION.laboratory_test_result. \r\n\r\nIn some circumstances this archetype may be carried within a CLUSTER.laboratory_test_panel archetype, together with other analytes which are normally tested and/or reported as part of a battery, panel or profile. \r\n\r\nThis archetype may be used within the setting of more complex laboratory/pathology reporting such as anatomical pathology reports where quantitative results such as cytometric flow studies are often reported alongside conventional macroscopic and microscopic reporting.",
          "misuse" : "Not to be used to record anatomical pathology macroscopic/microscopic findings, other than for additional testing such as cytometric flow studies.\r\n\r\nNot to be used to record results for microbiological culture findings.",
          "copyright" : "© openEHR Foundation",
          "originalResourceUri" : { },
          "otherDetails" : { }
        },
        "nl" : {
          "@type" : "RESOURCE_DESCRIPTION_ITEM",
          "language" : {
            "terminologyId" : {
              "value" : "ISO_639-1"
            },
            "codeString" : "nl"
          },
          "purpose" : "Voor het vastleggen van een enkele laboratorium analyt uitslag, gebruikelijk in klinische chemische onderzoeken zoals medische biochemie, hematologie, immunologie en transfusiegeneeskunde.",
          "keywords" : [ "laboratorium", "klinische chemie", "analyt", "bepaling", "uitslag" ],
          "use" : "Gebruik voor het vastleggen van een enkele laboratorium analyt uitslag, gebruikelijk in de klinsiche chemie zoals biochemie, haematologie, immunologie and tranfusiegeneeskunde. Kan ook gebruikt worden voor aanvullend onderzoek binnen een anatomisch pathologisch onderzoek.",
          "misuse" : "*Not to be used to record anatomical pathology macroscopic/microscopic findings, other than for additional testing such as cytometric flow studies.\r\n\r\nNot to be used to record results for microbiological culture findings. (en)",
          "originalResourceUri" : { },
          "otherDetails" : { }
        }
      }
    },
    "annotations" : {
      "@type" : "RESOURCE_ANNOTATIONS",
      "documentation" : {
        "en" : {
          "/items[at0024.1]" : {
            "hl7v2_mapping" : "OBX.3",
            "fhir_mapping" : "Observation.code"
          },
          "/items[at0001.1]" : {
            "hl7v2_mapping" : "OBX.2, OBX.5, OBX.6, OBX.7, OBX.8",
            "fhir_mapping" : "Observation.value[x]"
          },
          "/items[at0005.1]" : {
            "hl7v2_mapping" : "OBX.11",
            "fhir_mapping" : "Observation.status"
          },
          "/items[at0006.1]" : {
            "hl7v2_mapping" : "OBX.19",
            "fhir_mapping" : "Observation.issued"
          },
          "/items[at0003.1]" : {
            "hl7v2_mapping" : "NTE.3",
            "fhir_mapping" : "Observation.note"
          },
          "/items[at0001.2]" : {
            "hl7v2_mapping" : "OBX.2, OBX.5, OBX.6, OBX.7, OBX.8",
            "fhir_mapping" : "Observation.value[x]"
          }
        },
        "nb" : {
          "/items[at0024.1]" : {
            "hl7v2_mapping" : "OBX.3",
            "fhir_mapping" : "Observation.code"
          },
          "/items[at0001.1]" : {
            "hl7v2_mapping" : "OBX.2, OBX.5, OBX.6, OBX.7, OBX.8",
            "fhir_mapping" : "Observation.value[x]"
          },
          "/items[at0005.1]" : {
            "hl7v2_mapping" : "OBX.11",
            "fhir_mapping" : "Observation.status"
          },
          "/items[at0006.1]" : {
            "hl7v2_mapping" : "OBX.19",
            "fhir_mapping" : "Observation.issued"
          },
          "/items[at0003.1]" : {
            "hl7v2_mapping" : "NTE.3",
            "fhir_mapping" : "Observation.note"
          },
          "/items[at0001.2]" : {
            "hl7v2_mapping" : "OBX.2, OBX.5, OBX.6, OBX.7, OBX.8",
            "fhir_mapping" : "Observation.value[x]"
          }
        },
        "pt-br" : {
          "/items[at0024.1]" : {
            "hl7v2_mapping" : "*OBX-3.1;3.2(en)",
            "fhir_mapping" : "*Observation.code(en)"
          },
          "/items[at0001.1]" : {
            "hl7v2_mapping" : "*OBX.2,OBX.5,OBX.6(en)",
            "fhir_mapping" : "*Observation.value[x](en)"
          },
          "/items[at0005.1]" : {
            "hl7v2_mapping" : "*OBX-11-observation result status(en)",
            "fhir_mapping" : "*status(en)"
          },
          "/items[at0006.1]" : {
            "hl7v2_mapping" : "*OBX-22 and/or OBX-19(en)",
            "fhir_mapping" : "*Observation.issued(en)"
          },
          "/items[at0003.1]" : {
            "hl7v2_mapping" : "*NTE.3(en)",
            "fhir_mapping" : "*Observation.comments(en)"
          },
          "/items[at0001.2]" : {
            "hl7v2_mapping" : "*OBX.2,OBX.5,OBX.6(en)",
            "fhir_mapping" : "*Observation.value[x](en)"
          }
        },
        "de" : {
          "/items[at0024.1]" : {
            "hl7v2_mapping" : "OBX.3",
            "fhir_mapping" : "Observation.code"
          },
          "/items[at0001.1]" : {
            "hl7v2_mapping" : "OBX.2, OBX.5, OBX.6, OBX.7, OBX.8",
            "fhir_mapping" : "Observation.value[x]"
          },
          "/items[at0005.1]" : {
            "hl7v2_mapping" : "OBX.11",
            "fhir_mapping" : "Observation.status"
          },
          "/items[at0006.1]" : {
            "hl7v2_mapping" : "OBX.19",
            "fhir_mapping" : "Observation.issued"
          },
          "/items[at0003.1]" : {
            "hl7v2_mapping" : "NTE.3",
            "fhir_mapping" : "Observation.note"
          },
          "/items[at0001.2]" : {
            "hl7v2_mapping" : "OBX.2, OBX.5, OBX.6, OBX.7, OBX.8",
            "fhir_mapping" : "Observation.value[x]"
          }
        },
        "nl" : {
          "/items[at0024.1]" : {
            "hl7v2_mapping" : "OBX.3",
            "fhir_mapping" : "Observation.code"
          },
          "/items[at0001.1]" : {
            "hl7v2_mapping" : "OBX.2, OBX.5, OBX.6, OBX.7, OBX.8",
            "fhir_mapping" : "Observation.value[x]"
          },
          "/items[at0005.1]" : {
            "hl7v2_mapping" : "OBX.11",
            "fhir_mapping" : "Observation.status"
          },
          "/items[at0006.1]" : {
            "hl7v2_mapping" : "OBX.19",
            "fhir_mapping" : "Observation.issued"
          },
          "/items[at0003.1]" : {
            "hl7v2_mapping" : "NTE.3",
            "fhir_mapping" : "Observation.note"
          },
          "/items[at0001.2]" : {
            "hl7v2_mapping" : "OBX.2, OBX.5, OBX.6, OBX.7, OBX.8",
            "fhir_mapping" : "Observation.value[x]"
          }
        },
        "sv" : {
          "/items[at0024.1]" : {
            "hl7v2_mapping" : "OBX.3",
            "fhir_mapping" : "Observation.code"
          },
          "/items[at0001.1]" : {
            "hl7v2_mapping" : "OBX.2, OBX.5, OBX.6, OBX.7, OBX.8",
            "fhir_mapping" : "Observation.value[x]"
          },
          "/items[at0005.1]" : {
            "hl7v2_mapping" : "OBX.11",
            "fhir_mapping" : "Observation.status"
          },
          "/items[at0001.2]" : {
            "hl7v2_mapping" : "OBX.2, OBX.5, OBX.6, OBX.7, OBX.8",
            "fhir_mapping" : "Observation.value[x]"
          }
        }
      }
    },
    "parentArchetypeId" : "openEHR-EHR-CLUSTER.laboratory_test_analyte.v1",
    "differential" : true,
    "archetypeId" : {
      "@type" : "ARCHETYPE_HRID",
      "value" : "openEHR-EHR-CLUSTER.ovl-laboratory_test_analyte-008.v1"
    },
    "definition" : {
      "@type" : "C_COMPLEX_OBJECT",
      "rmTypeName" : "CLUSTER",
      "nodeId" : "at0000.1",
      "attributes" : [ {
        "@type" : "C_ATTRIBUTE",
        "rmAttributeName" : "items",
        "children" : [ {
          "@type" : "C_COMPLEX_OBJECT",
          "rmTypeName" : "ELEMENT",
          "occurrences" : "0..0",
          "nodeId" : "at0027.1",
          "attributes" : [ ],
          "attributeTuples" : [ ]
        }, {
          "@type" : "C_COMPLEX_OBJECT",
          "rmTypeName" : "ELEMENT",
          "occurrences" : "0..0",
          "nodeId" : "at0024.1",
          "attributes" : [ ],
          "attributeTuples" : [ ]
        }, {
          "@type" : "C_COMPLEX_OBJECT",
          "rmTypeName" : "ELEMENT",
          "occurrences" : "1..1",
          "nodeId" : "at0001.1",
          "attributes" : [ {
            "@type" : "C_ATTRIBUTE",
            "rmAttributeName" : "value",
            "children" : [ {
              "@type" : "C_COMPLEX_OBJECT",
              "rmTypeName" : "DV_CODED_TEXT",
              "occurrences" : "1..1",
              "defaultValue" : {
                "defining_code" : {
                  "terminology_id" : {
                    "value" : "local_terms",
                    "@type" : "TERMINOLOGY_ID"
                  },
                  "code_string" : "0",
                  "@type" : "CODE_PHRASE"
                },
                "value" : "Negatif",
                "@type" : "DV_CODED_TEXT"
              },
              "attributes" : [ {
                "@type" : "C_ATTRIBUTE",
                "rmAttributeName" : "defining_code",
                "children" : [ {
                  "@type" : "C_TERMINOLOGY_CODE",
                  "rmTypeName" : "TERMINOLOGY_CODE",
                  "occurrences" : "0..1",
                  "terminologyId" : {
                    "value" : "local_terms"
                  },
                  "constraint" : [ ],
                  "selectedTerminologies" : [ "local_terms" ],
                  "includedExternalTerminologyCodes" : [ {
                    "terminologyId" : "local_terms",
                    "code" : "0",
                    "value" : "Negatif"
                  }, {
                    "terminologyId" : "local_terms",
                    "code" : "1",
                    "value" : "1+"
                  }, {
                    "terminologyId" : "local_terms",
                    "code" : "2",
                    "value" : "2+"
                  }, {
                    "terminologyId" : "local_terms",
                    "code" : "3",
                    "value" : "3+"
                  }, {
                    "terminologyId" : "local_terms",
                    "code" : "4",
                    "value" : ">3+"
                  } ]
                } ]
              } ],
              "attributeTuples" : [ ]
            } ]
          } ],
          "attributeTuples" : [ ]
        }, {
          "@type" : "C_COMPLEX_OBJECT",
          "rmTypeName" : "ELEMENT",
          "occurrences" : "1..1",
          "nodeId" : "at0001.2",
          "attributes" : [ {
            "@type" : "C_ATTRIBUTE",
            "rmAttributeName" : "value",
            "children" : [ {
              "@type" : "C_COMPLEX_OBJECT",
              "rmTypeName" : "DV_COUNT",
              "occurrences" : "1..1",
              "attributes" : [ ],
              "attributeTuples" : [ ]
            } ]
          } ],
          "attributeTuples" : [ ]
        }, {
          "@type" : "C_COMPLEX_OBJECT",
          "rmTypeName" : "ELEMENT",
          "occurrences" : "0..0",
          "nodeId" : "at0004.1",
          "attributes" : [ ],
          "attributeTuples" : [ ]
        }, {
          "@type" : "C_COMPLEX_OBJECT",
          "rmTypeName" : "ELEMENT",
          "occurrences" : "0..0",
          "nodeId" : "at0028.1",
          "attributes" : [ ],
          "attributeTuples" : [ ]
        }, {
          "@type" : "C_COMPLEX_OBJECT",
          "rmTypeName" : "ELEMENT",
          "occurrences" : "0..0",
          "nodeId" : "at0025.1",
          "attributes" : [ ],
          "attributeTuples" : [ ]
        }, {
          "@type" : "C_COMPLEX_OBJECT",
          "rmTypeName" : "ELEMENT",
          "occurrences" : "0..0",
          "nodeId" : "at0005.1",
          "attributes" : [ {
            "@type" : "C_ATTRIBUTE",
            "rmAttributeName" : "value",
            "children" : [ {
              "@type" : "C_COMPLEX_OBJECT",
              "rmTypeName" : "DV_CODED_TEXT",
              "attributes" : [ {
                "@type" : "C_ATTRIBUTE",
                "rmAttributeName" : "defining_code",
                "children" : [ {
                  "@type" : "C_TERMINOLOGY_CODE",
                  "rmTypeName" : "CODE_PHRASE",
                  "occurrences" : "1..1",
                  "terminologyId" : {
                    "value" : "local"
                  },
                  "constraint" : [ "at0015", "at0016", "at0017", "at0018", "at0020", "at0019", "at0021", "at0023", "at0022" ]
                } ]
              } ],
              "attributeTuples" : [ ]
            }, {
              "@type" : "C_COMPLEX_OBJECT",
              "rmTypeName" : "DV_TEXT",
              "attributes" : [ ],
              "attributeTuples" : [ ]
            } ]
          } ],
          "attributeTuples" : [ ]
        }, {
          "@type" : "C_COMPLEX_OBJECT",
          "rmTypeName" : "ELEMENT",
          "occurrences" : "0..0",
          "nodeId" : "at0006.1",
          "attributes" : [ ],
          "attributeTuples" : [ ]
        }, {
          "@type" : "C_COMPLEX_OBJECT",
          "rmTypeName" : "ELEMENT",
          "occurrences" : "0..0",
          "nodeId" : "at0026.1",
          "attributes" : [ {
            "@type" : "C_ATTRIBUTE",
            "rmAttributeName" : "value",
            "children" : [ {
              "@type" : "C_COMPLEX_OBJECT",
              "rmTypeName" : "DV_IDENTIFIER",
              "attributes" : [ ],
              "attributeTuples" : [ ]
            }, {
              "@type" : "C_COMPLEX_OBJECT",
              "rmTypeName" : "DV_URI",
              "attributes" : [ ],
              "attributeTuples" : [ ]
            } ]
          } ],
          "attributeTuples" : [ ]
        }, {
          "@type" : "C_COMPLEX_OBJECT",
          "rmTypeName" : "ELEMENT",
          "occurrences" : "0..0",
          "nodeId" : "at0003.1",
          "attributes" : [ ],
          "attributeTuples" : [ ]
        } ]
      } ],
      "attributeTuples" : [ ]
    },
    "terminology" : {
      "@type" : "ARCHETYPE_TERMINOLOGY",
      "conceptCode" : "at0000",
      "termDefinitions" : {
        "en" : {
          "at0001.1" : {
            "@type" : "ARCHETYPE_TERM",
            "code" : "at0001.1",
            "text" : "Hasil pemeriksaan mikroskopis bulan 5",
            "description" : "The value of the analyte result.",
            "comment" : "For example '7.3 mmol/l', 'Raised'. The 'Any' data type will need to be constrained to an appropriate data type in a specialisation, a template or at run-time to reflect the actual analyte result. The Quantity data type has reference model attributes that include flags for normal/abnormal, reference ranges and approximations - see https://specifications.openehr.org/releases/RM/latest/data_types.html#_dv_quantity_class for more details.",
            "hl7v2_mapping" : "OBX.2, OBX.5, OBX.6, OBX.7, OBX.8",
            "fhir_mapping" : "Observation.value[x]"
          },
          "at0001.2" : {
            "@type" : "ARCHETYPE_TERM",
            "code" : "at0001.2",
            "text" : "Tuliskan jika hasil >3+",
            "description" : "The value of the analyte result.",
            "comment" : "For example '7.3 mmol/l', 'Raised'. The 'Any' data type will need to be constrained to an appropriate data type in a specialisation, a template or at run-time to reflect the actual analyte result. The Quantity data type has reference model attributes that include flags for normal/abnormal, reference ranges and approximations - see https://specifications.openehr.org/releases/RM/latest/data_types.html#_dv_quantity_class for more details.",
            "hl7v2_mapping" : "OBX.2, OBX.5, OBX.6, OBX.7, OBX.8",
            "fhir_mapping" : "Observation.value[x]"
          }
        },
        "nb" : {
          "at0001.2" : {
            "@type" : "ARCHETYPE_TERM",
            "code" : "at0001",
            "text" : "Analyseresultat (2)",
            "description" : "Verdien av analyseresultatet.",
            "comment" : "For eksempel \"7,3 mmol/L\" eller \"Forhøyet\". Datatypen \"Udefinert datatype\" må begrenses til en passende datatype i en spesialisering, et templat eller i applikasjonen. Datatypen Quantity har attributter fra referansemodellen som dekker flagg for normalt/unormalt, referanseområder og approksimeringer. Se https://specifications.openehr.org/releases/RM/latest/data_types.html#_dv_quantity_class for mer detaljer.",
            "hl7v2_mapping" : "OBX.2, OBX.5, OBX.6, OBX.7, OBX.8",
            "fhir_mapping" : "Observation.value[x]"
          }
        },
        "pt-br" : {
          "at0001.2" : {
            "@type" : "ARCHETYPE_TERM",
            "code" : "at0001",
            "text" : "*Analyte result(en) (2)",
            "description" : "*The value of the analyte result.(en)",
            "comment" : "*For example '7.3 mmol/l', 'Raised'. The 'Any' data type will need to be constrained to an appropriate data type in a specialisation, a template or at run-time to reflect the actual analyte result. The Quantity data type has reference model attributes that include flags for normal/abnormal, reference ranges and approximations - see https://specifications.openehr.org/releases/RM/latest/data_types.html#_dv_quantity_class for more details.(en)",
            "hl7v2_mapping" : "*OBX.2,OBX.5,OBX.6(en)",
            "fhir_mapping" : "*Observation.value[x](en)"
          }
        },
        "de" : {
          "at0001.2" : {
            "@type" : "ARCHETYPE_TERM",
            "code" : "at0001",
            "text" : "Analyt-Ergebnis (2)",
            "description" : "(Mess-)Wert des Analyt-Ergebnisses.",
            "comment" : "Z.B. \"7,3 mmol/l\", \"Erhöht\". Der \"Any\"-Datentyp wird dann durch eine Spezialisierung, eine Vorlage oder zur Laufzeit der Anwendung auf einen passenden Datentyp eingeschränkt werden müssen, um das aktuelle Analyt-Ergebnis wiederzugeben. Der \"Quantity\"-Datentyp hat Referenzmodell-Attribute, wie Kennungen für normal/abnormal, Referenzbereiche und Näherungen - für weitere Details s. https://specifications.openehr.org/releases/RM/latest/data_types.html#_dv_quantity_class .",
            "hl7v2_mapping" : "OBX.2, OBX.5, OBX.6, OBX.7, OBX.8",
            "fhir_mapping" : "Observation.value[x]"
          }
        },
        "nl" : {
          "at0001.2" : {
            "@type" : "ARCHETYPE_TERM",
            "code" : "at0001",
            "text" : "Uitslag van een analyt (2)",
            "description" : "De waarde van een analyt uitslag.",
            "comment" : "Bijvoorbeeld: '7.3 mmol/l', 'Verhoogd'. Om het daadwerkelijke analyt result weer te geven dient het 'Any' data type gespecificeerd te worden tot een toepasselijk data type in een specialisatie, een template of terwijl de applicatie loopt.",
            "hl7v2_mapping" : "OBX.2, OBX.5, OBX.6, OBX.7, OBX.8",
            "fhir_mapping" : "Observation.value[x]"
          }
        },
        "sv" : {
          "at0001.2" : {
            "@type" : "ARCHETYPE_TERM",
            "code" : "at0001",
            "text" : "Analysresultat (2)",
            "description" : "Analysresultatets värde",
            "comment" : "Till exempel \"7,3 mmol/L\" eller \"Förhöjd\". Datatypen \"Any\", som är en odefinierad datatyp, måste begränsas till en lämplig datatyp i en specialisering, mall eller applikation. Datatypen \"Quantity\" har attribut från referensmodellen som täcker flaggor för normal/onormal, referensområden och approximationer.\r\nSe https://specifications.openehr.org/releases/RM/latest/data_types.html#_dv_quantity_class för mer information.",
            "hl7v2_mapping" : "OBX.2, OBX.5, OBX.6, OBX.7, OBX.8",
            "fhir_mapping" : "Observation.value[x]"
          }
        }
      },
      "termBindings" : { },
      "terminologyExtracts" : { },
      "valueSets" : { }
    },
    "adlVersion" : "1.4",
    "buildUid" : "83867942-21bf-4a2e-acaa-d53d02887d2a",
    "rmName" : "openehr",
    "rmRelease" : "1.1.0",
    "generated" : true,
    "otherMetaData" : { },
    "originalLanguage" : {
      "terminologyId" : {
        "value" : "ISO_639-1"
      },
      "codeString" : "en"
    },
    "translations" : [ {
      "@type" : "TRANSLATION_DETAILS",
      "language" : {
        "terminologyId" : {
          "value" : "ISO_639-1"
        },
        "codeString" : "de"
      },
      "author" : {
        "name" : "Michael Lieser, Antje Wulff, Natalia Strauch",
        "organisation" : "Department of Infectious Diseases, Heidelberg University Hospital, Medizinische Hochschule Hannover",
        "email" : "michael.lieser@med.uni-heidelberg.de, wulff.antje@mh-hannover.de, Strauch.Natalia@mh-hannover.de"
      },
      "otherDetails" : { }
    }, {
      "@type" : "TRANSLATION_DETAILS",
      "language" : {
        "terminologyId" : {
          "value" : "ISO_639-1"
        },
        "codeString" : "sv"
      },
      "author" : {
        "name" : "Linda Aulin, Linda Aulin Lundeqvist",
        "organisation" : "Region Stockholm, Karolinska University Hospital, Karolinska University Hospital, Region Stockholm",
        "email" : "linda.aulin@sll.se, linda.aulin-lundeqvist@regionstockholm.se"
      },
      "otherDetails" : { }
    }, {
      "@type" : "TRANSLATION_DETAILS",
      "language" : {
        "terminologyId" : {
          "value" : "ISO_639-1"
        },
        "codeString" : "nb"
      },
      "author" : {
        "name" : "Silje Ljosland Bakke, Liv Laugen",
        "organisation" : "Nasjonal IKT HF, ​Oslo University Hospital, Norway",
        "email" : "liv.laugen@ous-hf.no"
      },
      "otherDetails" : { }
    }, {
      "@type" : "TRANSLATION_DETAILS",
      "language" : {
        "terminologyId" : {
          "value" : "ISO_639-1"
        },
        "codeString" : "pt-br"
      },
      "author" : {
        "name" : "Adriana Kitajima, Débora Farage, Fernanda Maia, Laíse Figueiredo, Marivan Abrahão",
        "organisation" : "Core Consulting",
        "email" : "contato@coreconsulting.com.br"
      },
      "accreditation" : "Hospital Alemão Oswaldo Cruz (HAOC)",
      "otherDetails" : { }
    }, {
      "@type" : "TRANSLATION_DETAILS",
      "language" : {
        "terminologyId" : {
          "value" : "ISO_639-1"
        },
        "codeString" : "nl"
      },
      "author" : {
        "name" : "Joost Holslag",
        "organisation" : "Nedap",
        "email" : "joost.holslag@nedap.com"
      },
      "accreditation" : "MD",
      "otherDetails" : { }
    } ]
  }, {
    "@type" : "TEMPLATE_OVERLAY",
    "uid" : "a6085da4-4fcc-4da1-81bc-9fe5854840ad",
    "description" : {
      "@type" : "RESOURCE_DESCRIPTION",
      "originalAuthor" : { },
      "otherContributors" : [ ],
      "ipAcknowledgements" : { },
      "references" : { },
      "conversionDetails" : { },
      "otherDetails" : { },
      "details" : {
        "de" : {
          "@type" : "RESOURCE_DESCRIPTION_ITEM",
          "language" : {
            "terminologyId" : {
              "value" : "ISO_639-1"
            },
            "codeString" : "de"
          },
          "purpose" : "Zur Darstellung von Details zu einer physischen Probe, die von einer Person zum Zwecke der Untersuchung, Kontrolle oder Analyse entnommen wurde oder sich auf eine Person bezieht.",
          "keywords" : [ "Probe", "Labor", "Laborprobe", "Entnahme", "Probenahme", "Biopsie", "Gewebe", "Zytologie", "Mikrobiologie", "Pathologie", "Histopathologie", "Histologie", "Laboratorium", "Flüssigkeit", "Abstrich", "Blut", "Exsudat", "Serum", "Plasma", "Urin", "Speichel", "Sekretion", "synovial", "Lymphe", "Kot", "Stuhl", "Exkremente", "Aszites", "Auswurf", "Tupfer", "Muttermilch", "Eiter", "Drainageflüssigkeit", "Knochenmark", "Kultur", "Ausschabung", "Aspirat", "Aderlass", "Test", "zerebrospinale Flüssigkeit", "Pleuraflüssigkeit", "Resektion", "Exzision" ],
          "use" : "Zur Darstellung von Details zu einer physischen Probe, die von einer Person zum Zwecke der Untersuchung, Kontrolle oder Analyse entnommen wurde oder sich auf eine Person bezieht.\r\n\r\nDieser Archetyp wurde speziell für die Verwendung in den folgenden Anwendungsfällen entwickelt: \r\n- innerhalb von INSTRUCTION.service_request oder einem anderen laborbezogenen INSTRUCTION-Archetyp, um eine zu entnehmende Probe zu beschreiben, oder um eine Probe zu beschreiben, die einer Labordienstleistungsanforderung beigefügt ist;\r\n- innerhalb eines laborbezogenen ACTION-Archetyps zur Beschreibung der Probenentnahme oder einer entnommenen Probe; oder\r\n- innerhalb von OBSERVATION.laboratory_test_result oder anderen OBSERVATION-Archetypen im Laborbericht, um die berichtete Probe zu beschreiben.\r\nDarüber hinaus kann dieser Archetyp auch in andere ENTRY- oder CLUSTER-Archetypen eingebettet werden, wenn dies klinisch angemessen ist. \r\n\r\nDer Detaillierungsgrad dieses Archetyps wird wahrscheinlich den derzeit in den meisten Labors erfassten Levels übersteigen. Es wurde bewusst für eine einfache einzelne Probeentnahme konzipiert, gleichzeitige Entnahme mehrerer Proben mit einer einzigen Anforderung und komplexe Situationen, in denen es erforderlich ist, kleinste Details über die Verarbeitung und Aufteilung einer einzelnen Probe darzustellen.\r\n\r\nDie genaue Semantik mehrerer Elemente dieses Archetyps, kann sich, basierend auf dem vom Container-Archetyp bereitgestellten Kontext, ändern. Beispielsweise ist das Element \"Methode der Probenentnahme\" im Kontext eines INSTRUCTION-Archetyps die angeforderte Entnahmemethode, während das gleiche Element im Kontext eines ACTION-Archetyps im Status \"Abgeschlossen\" die tatsächliche Entnahmemethode ist.\r\n\r\nDieser Archetyp soll mit anderen CLUSTER-Archetypen wie \"Probenbehälter\", \"Probenverarbeitung\" und „Probentransport“ ergänzt werden.\r\n\r\nDieser Archetyp kann zusammen mit dem Archetyp \"Probenbehälter\" auf zwei Arten verwendet werden: \r\n- \"Probenbehälter\" verschachtelt in \"Probe\" (z.B. wenn eine venöse Blutprobe in zwei Röhrchen aufgeteilt wird oder ein ganzer Dickdarm in drei Behälter aufgeteilt wird); oder \r\n- \"Probe\" in \"Probenbehälter\" verschachtelt (z.B. wenn ein Eimer mit Formalin einen Abschnitt des Dickdarms und ein Rektum enthält oder ein Gefäß fünf einzeln markierte Muttermale enthält).\r\n\r\nDer Begriff \"Entnahme\" (EN: collection), das in diesem Archetyp verwendet wird, bezieht sich immer auf die Aktivität, die Probe von einer Person zu erhalten. Er soll nicht den Transport der Probe von der Person zum Testlabor darstellen.",
          "misuse" : "Nicht zur Erfassung von Informationen über Proben, die sich nicht auf eine bestimmte Person beziehen. Zum Beispiel für routinemäßige Wasserproben aus einem Wasserwerk oder für Stichproben aus Einrichtungen der Lebensmittelproduktion.",
          "originalResourceUri" : { },
          "otherDetails" : { }
        },
        "sv" : {
          "@type" : "RESOURCE_DESCRIPTION_ITEM",
          "language" : {
            "terminologyId" : {
              "value" : "ISO_639-1"
            },
            "codeString" : "sv"
          },
          "purpose" : "Att registrera detaljer om ett fysiskt provmaterial som tagits från eller relaterat till en individ för undersökning eller analys.",
          "keywords" : [ "*specimen (en)", "*laboratory (en)", "*sample (en)", "*collection (en)", "*sampling (en)", "*biopsy (en)", "*tissue (en)", "*cytology (en)", "*microbiology (en)", "*pathology (en)", "*histopathology (en)", "*histology (en)", "*lab (en)", "*fluid (en)", "*smear (en)", "*blood (en)", "*exudate (en)", "*serum (en)", "*plasma (en)", "*urine (en)", "*saliva (en)", "*secretion (en)", "*synovial (en)", "*lymph (en)", "*feces (en)", "*faeces (en)", "*fæces (en)", "*ascites (en)", "*expectorate (en)", "*swab (en)", "*breast milk (en)", "*pus (en)", "*drain fluid (en)", "*bone marrow (en)", "*culture (en)", "*scraping (en)", "*aspirate (en)", "*phlebotomy (en)", "*test (en)", "*cerebrospinal fluid (en)", "*pleural fluid (en)", "*resection (en)", "*excision (en)" ],
          "use" : "Används för att registrera detaljer om ett fysiskt provmaterial som tagits från eller relaterat till en individ för undersökning eller analys.\r\n\r\nDenna CLUSTER-arketyp är utformad för användning i de tre huvudkontexterna som beskrivs nedan:\r\n- Inom INSTRUCTION.service_request eller annan laboratorierelaterad INSTRUCTION-arketyp för att beskriva ett provmaterial som ska tas eller för att beskriva ett prov som åtföljer en begäran om laboratorietjänst.\r\n- Inom en laboratorierelaterad ACTION-arketyp för att beskriva provtagning eller provtaget material.\r\n- Inom OBSERVATION.laboratory_test_result eller annan laboratorierelaterad OBSERVATION-arketyp för att beskriva det provmaterial som ett laboratorieresultat bygger på.\r\nDessutom kan arketypen också användas inom andra ENTRY- eller CLUSTER-arketyper, där det är kliniskt lämpligt.\r\n\r\nDetaljnivån i denna arketyp överstiger sannolikt det som för närvarande registreras i de flesta laboratorier. Arketypen är avsedd att vara användbar för en enkel provtagning, samtidig provtagning av flera provmaterial utifrån en och samma beställning eller komplexa situationer där minsta detalj om beredning och uppdelning av ett provmaterial måste registreras.\r\n\r\nDe specifika betydelserna för flera element i den här arketypen kommer att ändras beroende på den överordnade arketyp där arketypen för provmaterial är infogad. Till exempel kommer elementet \"Provtagningsmetod\" i samband med en INSTRUCTION-arketyp att vara den erforderliga provtagningsmetoden, medan samma element i sammanhanget av en ACTION-arketyp i det \"färdiga\" tillståndet är den faktiska provtagningsmetod som används.\r\n\r\nDenna arketyp kompletteras av andra CLUSTER-arketyper för begrepp som exempelvis behållare, provberedning, transport och lagring av provmaterial.\r\n\r\nDen här arketypen har utformats för att användas med arketypen ”Specimen Container” på två huvudsakliga sätt:\r\n- ”Specimen Container” nästlad i ”Specimen” (till exempel när ett venöst blodprov är uppdelat mellan två injektionsflaskor eller om en hel tjocktarm är uppdelad i tre hinkar) eller\r\n- \"Specimen\" nästlad i \" Specimen Container\" (till exempel när en hink med formalin innehåller en sektion av tjocktarmen och en rektum).\r\n\r\nOBS! Termen \"provtagning\" i denna arketyp är avsedd att betyda aktiviteten för att samla in provmaterial från en individ. Det är inte avsett att representera transporten från individen till laboratoriet.\r\n",
          "misuse" : "Ej avsedd att användas för att registrera information om provmaterial som inte är relaterat till en viss individ, såsom exempelvis rutinprover från vattenverk eller slumpmässiga prover från livsmedelsproduktion.",
          "originalResourceUri" : { },
          "otherDetails" : { }
        },
        "nb" : {
          "@type" : "RESOURCE_DESCRIPTION_ITEM",
          "language" : {
            "terminologyId" : {
              "value" : "ISO_639-1"
            },
            "codeString" : "nb"
          },
          "purpose" : "For å registrere detaljer om et fysisk prøvemateriale tatt fra eller relatert til et individ, for undersøkelse eller analyse.",
          "keywords" : [ "laboratorium", "prøve,", "prøvetaking,", "laboratorieprøve,", "prøvemateriale,", "prøveeksemplar,", "preparat,", "prøvesamling,", "biopsi,", "vevsprøve,", "celleprøve,", "mikrobiologi,", "patologi,", "histologi,", "lab,", "væske,", "utstryk,", "blod,", "sårvæske,", "serum,", "plasma,", "urin,", "spytt,", "sekret,", "leddvæske,", "lymfe,", "avføring,", "ascites,", "ekspektorat,", "pensel,", "morsmelk,", "puss,", "drensvæske,", "beinmarg,", "kultur,", "avskrap,", "aspirat" ],
          "use" : "Brukes for å registrere detaljer om et fysisk prøvemateriale tatt fra eller relatert til et individ, for undersøkelse eller analyse.\r\n\r\nDenne CLUSTER-arketypen er laget for å brukes i de tre hovedsammenhengene beskrevet under:\r\n- Innenfor INSTRUCTION.service_request eller en annen laboratorierelatert INSTRUCTION-arketype for å beskrive et prøvemateriale som skal tas, eller for å beskrive prøvematerialet som ligger ved en laboratorierekvisisjon.\r\n- Innenfor en laboratorierelatert ACTION-arketype for å beskrive prøvetaking eller et prøvemateriale som er tatt\r\n- Innenfor OBSERVATION.laboratory_test_result eller en annen laboratorierelatert OBSERVATION-arketype for å beskrive prøvematerialet som ligger til grunn for et laboratorieresultat.\r\nI tillegg kan arketypen også brukes innenfor andre ENTRY- eller CLUSTER-arketyper, der det er klinisk passende.\r\n\r\nDet er sannsynlig at detaljnivået i denne arketypen overgår nåværende dataregistrering i de fleste laboratorier. Den er ment for å være brukbar både for en enkel prøvetaking, samtidig innhenting av flere prøvematerialer med én rekvisisjon, og komplekse situasjoner det det må registreres mye detaljer om preparering og oppdeling av et prøvemateriale.\r\n\r\nDe spesifikke betydningene av flere elementer i denne arketypen vil endre seg ut fra den overordnede arketypen som Prøvemateriale-arketypen settes inn i. For eksempel vil elementet \"Prøvetakingsmetode\" i kontekst av en INSTRUCTION-arketype være den rekvirerte prøvetakingsmetoden, mens det samme elementet i kontekst av en ACTION-arketype i tilstanden \"completed\" være den faktiske prøvetakingsmetoden som ble brukt.\r\n\r\nDenne arketypen kompletteres av andre CLUSTER-arketyper for konsepter som Prøvebeholder, Prøvepreparering, og transport og lagring av prøvemateriale.\r\n\r\nDenne arketypen kan brukes sammen med Prøvebeholder-arketypen på to hovedmåter:\r\n- Ved nøsting av \"Prøvebeholder\" inni \"Prøvemateriale\" (for eksempel når et vakuumglass med venøst blod fordeles på to mindre glass, eller en hel tykktarm deles på tre bøtter)\r\n- Med \"Prøvemateriale\" nøstet inni \"Prøvebeholder\" (for eksempel når en bøtte inneholder en seksjon av en tykktarm og en endetarm, eller et glass inneholder fem individuelt merkede føflekker)\r\n\r\nNB! Uttrykket \"prøvetaking\" er i denne arketypen ment å bety aktiviteten å ta en prøve fra et individ. Det er ikke ment å representere transporten fra individet til laboratoriet.",
          "misuse" : "Ikke ment å brukes til å registrere informasjon om prøvemateriale som ikke er relaterte til et spesifikt individ, som for eksempel rutineprøver fra vannverk eller stikkprøver fra matvareproduksjon.",
          "originalResourceUri" : { },
          "otherDetails" : { }
        },
        "pt-br" : {
          "@type" : "RESOURCE_DESCRIPTION_ITEM",
          "language" : {
            "terminologyId" : {
              "value" : "ISO_639-1"
            },
            "codeString" : "pt-br"
          },
          "purpose" : "Para gravar detalhes de um espécime laboratorial. Será frequentemente usado em diferentes contextos, p.e, dentro de um arquétipo tipo Instruction para descrever os espécimes que devem ser obtidos, ou descrevendo o espécime que acompanha a solicitação laboratorial. Pode ocorre dentro de um arquétipo tipo Action, p.e., descrevendo espécimes retirados como parte de um procedimento cirúrgico. \r\n\r\nSerá finalmente utilizado dentro de um arquétipo de resultado laboratorial para descrever o espécime reportado.",
          "keywords" : [ "*specimen (en)", "*laboratory (en)", "*sample (en)", "*collection (en)", "*sampling (en)", "*biopsy (en)", "*tissue (en)", "*cytology (en)", "*microbiology (en)", "*pathology (en)", "*histopathology (en)", "*histology (en)", "*lab (en)", "*fluid (en)", "*smear (en)", "*blood (en)", "*exudate (en)", "*serum (en)", "*plasma (en)", "*urine (en)", "*saliva (en)", "*secretion (en)", "*synovial (en)", "*lymph (en)", "*feces (en)", "*faeces (en)", "*fæces (en)", "*ascites (en)", "*expectorate (en)", "*swab (en)", "*breast milk (en)", "*pus (en)", "*drain fluid (en)", "*bone marrow (en)", "*culture (en)", "*scraping (en)", "*aspirate (en)", "*phlebotomy (en)", "*test (en)", "*cerebrospinal fluid (en)", "*pleural fluid (en)", "*resection (en)", "*excision (en)" ],
          "use" : "Geralmente utilizado dentro de OBSERVATION. laboratory_test.v1 e outros arquétipos tipo Instruction ou Action relacionados.",
          "originalResourceUri" : { },
          "otherDetails" : { }
        },
        "ar-sy" : {
          "@type" : "RESOURCE_DESCRIPTION_ITEM",
          "language" : {
            "terminologyId" : {
              "value" : "ISO_639-1"
            },
            "codeString" : "ar-sy"
          },
          "purpose" : "لتسجيل تفاصيل حول عينة بالمعمل. \r\nيستخدم غالبا في سياقات مختلفة, مثلا: في داخل نموذج (تعليمات) ليصف العينة التي ينبغي أخذها, أو يصف العينة المرافقة لطلب معملي. \r\nو قد يحدث ذلك في داخل نموذج (فعل), مثال: وصف العينات التي تم أخذها كجزء من إجراء طبي جراحي. \r\nو سيستخدم أخيرا في داخل نموذج نتيجة اختبار المعمل ليصف العينة التي يتم تقديم عينة حولها.",
          "keywords" : [ "*specimen (en)", "*laboratory (en)", "*sample (en)", "*collection (en)", "*sampling (en)", "*biopsy (en)", "*tissue (en)", "*cytology (en)", "*microbiology (en)", "*pathology (en)", "*histopathology (en)", "*histology (en)", "*lab (en)", "*fluid (en)", "*smear (en)", "*blood (en)", "*exudate (en)", "*serum (en)", "*plasma (en)", "*urine (en)", "*saliva (en)", "*secretion (en)", "*synovial (en)", "*lymph (en)", "*feces (en)", "*faeces (en)", "*fæces (en)", "*ascites (en)", "*expectorate (en)", "*swab (en)", "*breast milk (en)", "*pus (en)", "*drain fluid (en)", "*bone marrow (en)", "*culture (en)", "*scraping (en)", "*aspirate (en)", "*phlebotomy (en)", "*test (en)", "*cerebrospinal fluid (en)", "*pleural fluid (en)", "*resection (en)", "*excision (en)" ],
          "use" : "يستخدم عادةً في داخل نموذج (ملاحظة. معمل) و النماذج الأخرى تعليمات و فعل المتعلقة بالمعمل.",
          "copyright" : "© openEHR Foundation",
          "originalResourceUri" : { },
          "otherDetails" : { }
        },
        "en" : {
          "@type" : "RESOURCE_DESCRIPTION_ITEM",
          "language" : {
            "terminologyId" : {
              "value" : "ISO_639-1"
            },
            "codeString" : "en"
          },
          "purpose" : "To record details about a physical sample collected from, or related to, an individual for the purpose of investigation, examination or analysis.",
          "keywords" : [ "specimen", "laboratory", "sample", "collection", "sampling", "biopsy", "tissue", "cytology", "microbiology", "pathology", "histopathology", "histology", "lab", "fluid", "smear", "blood", "exudate", "serum", "plasma", "urine", "saliva", "secretion", "synovial", "lymph", "feces", "faeces", "fæces", "ascites", "expectorate", "swab", "breast milk", "pus", "drain fluid", "bone marrow", "culture", "scraping", "aspirate", "phlebotomy", "test", "cerebrospinal fluid", "pleural fluid", "resection", "excision" ],
          "use" : "Use to record details about a physical sample collected from, or related to, an individual for the purpose of investigation, examination or analysis.\r\n\r\nThis archetype has been specifically designed to be used in the following use cases:\r\n- within INSTRUCTION.service_request or another laboratory-related INSTRUCTION archetype to describe a specimen that is to be collected, or to describe a specimen that accompanies a laboratory service request; \r\n- within a laboratory-related ACTION archetype to describe specimen collection or a specimen that has been collected; or\r\n- within OBSERVATION.laboratory_test_result or other laboratory reporting OBSERVATION archetypes to describe the specimen being reported.\r\nIn addition this archetype can also be nested within other ENTRY or CLUSTER archetypes, where clinically appropriate.\r\n\r\nThe level of detail in this archetype is likely to exceed that currently collected in most laboratories. It has deliberately been designed to cater for a simple, single specimen collection; simultaneous collection of multiple specimens with a single request; and complex situations where it is required to record minute detail about the preparation and subdivision of a single specimen.\r\n\r\nThe exact semantics of several elements of this archetype may change based on the context provided by the parent archetype in which it is nested. For example, the 'Collection method' element in the context of an INSTRUCTION archetype is the requested collection method, while the same element in the context of an ACTION archetype in the 'completed' state is the actual collection method.\r\n\r\nOther complementary archetypes will carry the detail about 'Specimen container', 'Specimen preparation', and 'Specimen transport'.\r\n\r\nThis archetype has been designed to be used with the Specimen container archetype in two main ways: \r\n- 'Specimen container' nested within 'Specimen' (for example when a venous blood specimen is divided between two vials, or a whole large intestine is divided into three buckets); or\r\n- 'Specimen' nested within 'Specimen container' (for example when a bucket of formalin contains a section of large intestine and a rectum, or a jar contains five individually marked moles).\r\n\r\nPlease note: The term 'collection' used in this archetype always refers to the activity of obtaining a specimen from an individual. It is not intended to represent the transport of the specimen from the individual to the testing laboratory.",
          "misuse" : "Not intended to be used for recording information about specimens that are not related to a specific individual. For example routine water samples from a waterworks, or spot samples from food production facilities.",
          "copyright" : "© openEHR Foundation",
          "originalResourceUri" : { },
          "otherDetails" : { }
        }
      }
    },
    "annotations" : {
      "@type" : "RESOURCE_ANNOTATIONS",
      "documentation" : {
        "ar-sy" : {
          "/items[at0071]" : {
            "fhir_mapping" : "*Specimen.collection.collector(en)"
          },
          "/items[at0013]" : {
            "fhir_mapping" : "*Specimen.collection.sourceSite(en)"
          },
          "/items[at0027]" : {
            "fhir_mappings" : "*Specimen.collection.quantity(en)"
          },
          "/items[at0029.1]" : {
            "fhir_mapping" : "*Specimen.type(en)"
          },
          "/items[at0001.1]" : {
            "fhir_mapping" : "*Specimen.accessionIdentifier(en)"
          },
          "/items[at0034.1]" : {
            "fhir_mapping" : "*Specimen.receivedTime(en)"
          },
          "/items[at0007.1]" : {
            "fhir_mapping" : "*Specimen.collection.method(en)"
          },
          "/items[at0070.1]" : {
            "fhir_mapping" : "*Specimen.collection.collector(en)"
          }
        },
        "en" : {
          "/items[at0071]" : {
            "fhir_mapping" : "Specimen.collection.collector"
          },
          "/items[at0013]" : {
            "fhir_mapping" : "Specimen.collection.sourceSite"
          },
          "/items[at0027]" : {
            "fhir_mapping" : "Specimen.collection.quantity"
          },
          "/items[at0029.1]" : {
            "fhir_mapping" : "Specimen.type"
          },
          "/items[at0001.1]" : {
            "fhir_mapping" : "Specimen.accessionIdentifier"
          },
          "/items[at0088.1]" : {
            "fhir_mapping" : "Specimen.identifier"
          },
          "/items[at0034.1]" : {
            "fhir_mapping" : "Specimen.receivedTime"
          },
          "/items[at0007.1]" : {
            "fhir_mapping" : "Specimen.collection.method"
          },
          "/items[at0070.1]" : {
            "fhir_mapping" : "Specimen.collection.collector"
          },
          "/items[at0045.1]" : {
            "fhir_mapping" : "Specimen.note"
          }
        },
        "pt-br" : { },
        "nb" : { },
        "de" : {
          "/items[at0071]" : {
            "fhir_mapping" : "Specimen.collection.collector"
          },
          "/items[at0013]" : {
            "fhir_mapping" : "Specimen.collection.bodySite"
          },
          "/items[at0027]" : {
            "fhir_mapping" : "Specimen.collection.quantity"
          },
          "/items[at0029.1]" : {
            "fhir_mapping" : "Specimen.type"
          },
          "/items[at0001.1]" : {
            "fhir_mapping" : "Specimen.accessionIdentifier"
          },
          "/items[at0088.1]" : {
            "fhir_mapping" : "Specimen.identifier"
          },
          "/items[at0034.1]" : {
            "fhir_mapping" : "Specimen.receivedTime"
          },
          "/items[at0007.1]" : {
            "fhir_mapping" : "Specimen.collection.method"
          },
          "/items[at0070.1]" : {
            "fhir_mapping" : "Specimen.collection.collector"
          },
          "/items[at0045.1]" : {
            "fhir_mapping" : "Specimen.note"
          }
        },
        "sv" : {
          "/items[at0027]" : {
            "fhir_mapping" : "Specimen.collection.quantity"
          }
        }
      }
    },
    "parentArchetypeId" : "openEHR-EHR-CLUSTER.specimen.v1",
    "differential" : true,
    "archetypeId" : {
      "@type" : "ARCHETYPE_HRID",
      "value" : "openEHR-EHR-CLUSTER.ovl-specimen-002.v1"
    },
    "definition" : {
      "@type" : "C_COMPLEX_OBJECT",
      "rmTypeName" : "CLUSTER",
      "nodeId" : "at0000.1",
      "attributes" : [ {
        "@type" : "C_ATTRIBUTE",
        "rmAttributeName" : "items",
        "children" : [ {
          "@type" : "C_COMPLEX_OBJECT",
          "rmTypeName" : "ELEMENT",
          "occurrences" : "0..0",
          "nodeId" : "at0029.1",
          "attributes" : [ ],
          "attributeTuples" : [ ]
        }, {
          "@type" : "C_COMPLEX_OBJECT",
          "rmTypeName" : "ELEMENT",
          "occurrences" : "0..0",
          "nodeId" : "at0098.1",
          "attributes" : [ ],
          "attributeTuples" : [ ]
        }, {
          "@type" : "C_COMPLEX_OBJECT",
          "rmTypeName" : "ELEMENT",
          "occurrences" : "0..0",
          "nodeId" : "at0097.1",
          "attributes" : [ ],
          "attributeTuples" : [ ]
        }, {
          "@type" : "C_COMPLEX_OBJECT",
          "rmTypeName" : "ELEMENT",
          "occurrences" : "0..0",
          "nodeId" : "at0099.1",
          "attributes" : [ ],
          "attributeTuples" : [ ]
        }, {
          "@type" : "C_COMPLEX_OBJECT",
          "rmTypeName" : "ELEMENT",
          "occurrences" : "1..1",
          "nodeId" : "at0001.1",
          "attributes" : [ {
            "@type" : "C_ATTRIBUTE",
            "rmAttributeName" : "value",
            "children" : [ {
              "@type" : "C_COMPLEX_OBJECT",
              "rmTypeName" : "DV_TEXT",
              "attributes" : [ ],
              "attributeTuples" : [ ]
            } ]
          } ],
          "attributeTuples" : [ ]
        }, {
          "@type" : "C_COMPLEX_OBJECT",
          "rmTypeName" : "ELEMENT",
          "occurrences" : "0..0",
          "nodeId" : "at0088.1",
          "attributes" : [ {
            "@type" : "C_ATTRIBUTE",
            "rmAttributeName" : "value",
            "children" : [ {
              "@type" : "C_COMPLEX_OBJECT",
              "rmTypeName" : "DV_IDENTIFIER",
              "attributes" : [ ],
              "attributeTuples" : [ ]
            }, {
              "@type" : "C_COMPLEX_OBJECT",
              "rmTypeName" : "DV_TEXT",
              "attributes" : [ ],
              "attributeTuples" : [ ]
            } ]
          } ],
          "attributeTuples" : [ ]
        }, {
          "@type" : "C_COMPLEX_OBJECT",
          "rmTypeName" : "ELEMENT",
          "occurrences" : "0..0",
          "nodeId" : "at0034.1",
          "attributes" : [ ],
          "attributeTuples" : [ ]
        }, {
          "@type" : "C_COMPLEX_OBJECT",
          "rmTypeName" : "ELEMENT",
          "occurrences" : "0..0",
          "nodeId" : "at0008.1",
          "attributes" : [ ],
          "attributeTuples" : [ ]
        }, {
          "@type" : "C_COMPLEX_OBJECT",
          "rmTypeName" : "ELEMENT",
          "occurrences" : "0..0",
          "nodeId" : "at0007.1",
          "attributes" : [ ],
          "attributeTuples" : [ ]
        }, {
          "@type" : "C_COMPLEX_OBJECT",
          "rmTypeName" : "ELEMENT",
          "occurrences" : "0..0",
          "nodeId" : "at0079.1",
          "attributes" : [ ],
          "attributeTuples" : [ ]
        }, {
          "@type" : "C_COMPLEX_OBJECT",
          "rmTypeName" : "ELEMENT",
          "occurrences" : "0..0",
          "nodeId" : "at0087.1",
          "attributes" : [ ],
          "attributeTuples" : [ ]
        }, {
          "@type" : "C_COMPLEX_OBJECT",
          "rmTypeName" : "ELEMENT",
          "occurrences" : "0..0",
          "nodeId" : "at0015.1",
          "attributes" : [ {
            "@type" : "C_ATTRIBUTE",
            "rmAttributeName" : "value",
            "children" : [ {
              "@type" : "C_COMPLEX_OBJECT",
              "rmTypeName" : "DV_DATE_TIME",
              "attributes" : [ ],
              "attributeTuples" : [ ]
            }, {
              "@type" : "C_COMPLEX_OBJECT",
              "rmTypeName" : "DV_INTERVAL<DV_DATE_TIME>",
              "attributes" : [ ],
              "attributeTuples" : [ ]
            } ]
          } ],
          "attributeTuples" : [ ]
        }, {
          "@type" : "C_COMPLEX_OBJECT",
          "rmTypeName" : "ELEMENT",
          "occurrences" : "0..0",
          "nodeId" : "at0005.1",
          "attributes" : [ ],
          "attributeTuples" : [ ]
        }, {
          "@type" : "C_COMPLEX_OBJECT",
          "rmTypeName" : "ELEMENT",
          "occurrences" : "0..0",
          "nodeId" : "at0067.1",
          "attributes" : [ ],
          "attributeTuples" : [ ]
        }, {
          "@type" : "C_COMPLEX_OBJECT",
          "rmTypeName" : "ELEMENT",
          "occurrences" : "0..0",
          "nodeId" : "at0070.1",
          "attributes" : [ {
            "@type" : "C_ATTRIBUTE",
            "rmAttributeName" : "value",
            "children" : [ {
              "@type" : "C_COMPLEX_OBJECT",
              "rmTypeName" : "DV_IDENTIFIER",
              "attributes" : [ ],
              "attributeTuples" : [ ]
            }, {
              "@type" : "C_COMPLEX_OBJECT",
              "rmTypeName" : "DV_TEXT",
              "attributes" : [ ],
              "attributeTuples" : [ ]
            } ]
          } ],
          "attributeTuples" : [ ]
        }, {
          "@type" : "C_COMPLEX_OBJECT",
          "rmTypeName" : "ELEMENT",
          "occurrences" : "0..0",
          "nodeId" : "at0080.1",
          "attributes" : [ {
            "@type" : "C_ATTRIBUTE",
            "rmAttributeName" : "value",
            "children" : [ {
              "@type" : "C_COMPLEX_OBJECT",
              "rmTypeName" : "DV_COUNT",
              "attributes" : [ {
                "@type" : "C_ATTRIBUTE",
                "rmAttributeName" : "magnitude",
                "children" : [ {
                  "@type" : "C_INTEGER",
                  "rmTypeName" : "Integer",
                  "occurrences" : "1..1",
                  "constraint" : [ {
                    "lower" : 0,
                    "lowerIncluded" : true,
                    "upperIncluded" : false,
                    "lowerUnbounded" : false,
                    "upperUnbounded" : true
                  } ]
                } ]
              } ],
              "attributeTuples" : [ ]
            } ]
          } ],
          "attributeTuples" : [ ]
        }, {
          "@type" : "C_COMPLEX_OBJECT",
          "rmTypeName" : "ELEMENT",
          "occurrences" : "0..0",
          "nodeId" : "at0003.1",
          "attributes" : [ {
            "@type" : "C_ATTRIBUTE",
            "rmAttributeName" : "value",
            "children" : [ {
              "@type" : "C_COMPLEX_OBJECT",
              "rmTypeName" : "DV_IDENTIFIER",
              "attributes" : [ ],
              "attributeTuples" : [ ]
            }, {
              "@type" : "C_COMPLEX_OBJECT",
              "rmTypeName" : "DV_TEXT",
              "attributes" : [ ],
              "attributeTuples" : [ ]
            } ]
          } ],
          "attributeTuples" : [ ]
        }, {
          "@type" : "C_COMPLEX_OBJECT",
          "rmTypeName" : "ELEMENT",
          "occurrences" : "0..0",
          "nodeId" : "at0042.1",
          "attributes" : [ {
            "@type" : "C_ATTRIBUTE",
            "rmAttributeName" : "value",
            "children" : [ {
              "@type" : "C_COMPLEX_OBJECT",
              "rmTypeName" : "DV_CODED_TEXT",
              "attributes" : [ {
                "@type" : "C_ATTRIBUTE",
                "rmAttributeName" : "defining_code",
                "children" : [ {
                  "@type" : "C_TERMINOLOGY_CODE",
                  "rmTypeName" : "CODE_PHRASE",
                  "occurrences" : "1..1",
                  "terminologyId" : {
                    "value" : "local"
                  },
                  "constraint" : [ "at0052", "at0053", "at0089", "at0094", "at0054", "at0055", "at0090", "at0095", "at0091", "at0092" ]
                } ]
              } ],
              "attributeTuples" : [ ]
            }, {
              "@type" : "C_COMPLEX_OBJECT",
              "rmTypeName" : "DV_TEXT",
              "attributes" : [ ],
              "attributeTuples" : [ ]
            } ]
          } ],
          "attributeTuples" : [ ]
        }, {
          "@type" : "C_COMPLEX_OBJECT",
          "rmTypeName" : "ELEMENT",
          "occurrences" : "0..0",
          "nodeId" : "at0041.1",
          "attributes" : [ {
            "@type" : "C_ATTRIBUTE",
            "rmAttributeName" : "value",
            "children" : [ {
              "@type" : "C_COMPLEX_OBJECT",
              "rmTypeName" : "DV_CODED_TEXT",
              "attributes" : [ {
                "@type" : "C_ATTRIBUTE",
                "rmAttributeName" : "defining_code",
                "children" : [ {
                  "@type" : "C_TERMINOLOGY_CODE",
                  "rmTypeName" : "CODE_PHRASE",
                  "occurrences" : "1..1",
                  "terminologyId" : {
                    "value" : "local"
                  },
                  "constraint" : [ "at0062", "at0063", "at0064" ]
                } ]
              } ],
              "attributeTuples" : [ ]
            }, {
              "@type" : "C_COMPLEX_OBJECT",
              "rmTypeName" : "DV_TEXT",
              "attributes" : [ ],
              "attributeTuples" : [ ]
            } ]
          } ],
          "attributeTuples" : [ ]
        }, {
          "@type" : "C_COMPLEX_OBJECT",
          "rmTypeName" : "ELEMENT",
          "occurrences" : "0..0",
          "nodeId" : "at0045.1",
          "attributes" : [ ],
          "attributeTuples" : [ ]
        } ]
      } ],
      "attributeTuples" : [ ]
    },
    "terminology" : {
      "@type" : "ARCHETYPE_TERMINOLOGY",
      "conceptCode" : "at0000",
      "termDefinitions" : {
        "ar-sy" : { },
        "en" : {
          "at0001.1" : {
            "@type" : "ARCHETYPE_TERM",
            "code" : "at0001.1",
            "text" : "Nomor registrasi lab",
            "description" : "A unique identifier of the specimen, normally assigned by the laboratory.",
            "comment" : "Sometimes called the Accession Identifier. Specimen containers, for example vacuum vials or tissue cassettes, have their own identitiers which may be recorded in the 'Container identifier' element in the 'Specimen container' archetype.",
            "fhir_mapping" : "Specimen.accessionIdentifier"
          }
        },
        "pt-br" : { },
        "nb" : { },
        "de" : { },
        "sv" : { }
      },
      "termBindings" : { },
      "terminologyExtracts" : { },
      "valueSets" : { }
    },
    "adlVersion" : "1.4",
    "buildUid" : "39016536-d0ba-49ea-88d7-ea995e3bc71d",
    "rmName" : "openehr",
    "rmRelease" : "1.1.0",
    "generated" : true,
    "otherMetaData" : { },
    "originalLanguage" : {
      "terminologyId" : {
        "value" : "ISO_639-1"
      },
      "codeString" : "en"
    },
    "translations" : [ {
      "@type" : "TRANSLATION_DETAILS",
      "language" : {
        "terminologyId" : {
          "value" : "ISO_639-1"
        },
        "codeString" : "de"
      },
      "author" : {
        "name" : "Sarah Ballout, Antje Wulff, Natalia Strauch",
        "organisation" : "PLRI for Medical Informatics Medical School Hannover and TU Braunschweig, Medizinische Hochschule Hannover",
        "email" : "Ballout.Sarah@mh-hannover.de, wulff.antje@mh-hannover.de, Strauch.Natalia@mh-hannover.de"
      },
      "otherDetails" : { }
    }, {
      "@type" : "TRANSLATION_DETAILS",
      "language" : {
        "terminologyId" : {
          "value" : "ISO_639-1"
        },
        "codeString" : "sv"
      },
      "author" : {
        "name" : "Linda Aulin",
        "organisation" : "Region Stockholm",
        "email" : "linda.aulin@sll.se"
      },
      "otherDetails" : { }
    }, {
      "@type" : "TRANSLATION_DETAILS",
      "language" : {
        "terminologyId" : {
          "value" : "ISO_639-1"
        },
        "codeString" : "nb"
      },
      "author" : {
        "name" : "Kristian Berg, Gro-Hilde Ulriksen, Line Silsand, Silje Ljosland Bakke, Liv Laugen",
        "organisation" : "Universitetssykehuset Nord-Norge, Helse Vest IKT AS, ​Oslo University Hospital, Norway",
        "email" : "kristian.berg@unn.no, gro-hilde.ulriksen@unn.no, line.silsand@unn.no, silje.ljosland.bakke@helse-vest-ikt.no, liv.laugen@ous-hf.no"
      },
      "accreditation" : "*",
      "otherDetails" : { }
    }, {
      "@type" : "TRANSLATION_DETAILS",
      "language" : {
        "terminologyId" : {
          "value" : "ISO_639-1"
        },
        "codeString" : "pt-br"
      },
      "author" : {
        "name" : "Adriana Kitajima, Débora Farage, Fernanda Maia, Laíse Figueiredo, Marivan Abrahão",
        "organisation" : "Core Consulting",
        "email" : "contato@coreconsulting.com.br"
      },
      "accreditation" : "Hospital Alemão Oswaldo Cruz (HAOC)",
      "otherDetails" : { }
    }, {
      "@type" : "TRANSLATION_DETAILS",
      "language" : {
        "terminologyId" : {
          "value" : "ISO_639-1"
        },
        "codeString" : "ar-sy"
      },
      "author" : {
        "name" : "Mona Saleh"
      },
      "otherDetails" : { }
    } ]
  } ],
  "originalLanguage" : {
    "terminologyId" : {
      "value" : "ISO_639-1"
    },
    "codeString" : "en"
  },
  "translations" : [ {
    "@type" : "TRANSLATION_DETAILS",
    "language" : {
      "terminologyId" : {
        "value" : "ISO_639-1"
      },
      "codeString" : "de"
    },
    "author" : { },
    "otherDetails" : { }
  }, {
    "@type" : "TRANSLATION_DETAILS",
    "language" : {
      "terminologyId" : {
        "value" : "ISO_639-1"
      },
      "codeString" : "sv"
    },
    "author" : { },
    "otherDetails" : { }
  }, {
    "@type" : "TRANSLATION_DETAILS",
    "language" : {
      "terminologyId" : {
        "value" : "ISO_639-1"
      },
      "codeString" : "nb"
    },
    "author" : { },
    "otherDetails" : { }
  }, {
    "@type" : "TRANSLATION_DETAILS",
    "language" : {
      "terminologyId" : {
        "value" : "ISO_639-1"
      },
      "codeString" : "pt-br"
    },
    "author" : { },
    "otherDetails" : { }
  }, {
    "@type" : "TRANSLATION_DETAILS",
    "language" : {
      "terminologyId" : {
        "value" : "ISO_639-1"
      },
      "codeString" : "ar-sy"
    },
    "author" : { },
    "otherDetails" : { }
  }, {
    "@type" : "TRANSLATION_DETAILS",
    "language" : {
      "terminologyId" : {
        "value" : "ISO_639-1"
      },
      "codeString" : "it"
    },
    "author" : { },
    "otherDetails" : { }
  }, {
    "@type" : "TRANSLATION_DETAILS",
    "language" : {
      "terminologyId" : {
        "value" : "ISO_639-1"
      },
      "codeString" : "zh-cn"
    },
    "author" : { },
    "otherDetails" : { }
  }, {
    "@type" : "TRANSLATION_DETAILS",
    "language" : {
      "terminologyId" : {
        "value" : "ISO_639-1"
      },
      "codeString" : "nl"
    },
    "author" : { },
    "otherDetails" : { }
  } ]
}