{
  "@type" : "TEMPLATE",
  "uid" : "44be1ad1-d4ea-40c8-aa0e-632088a4af24",
  "description" : {
    "@type" : "RESOURCE_DESCRIPTION",
    "originalAuthor" : {
      "date" : "2022-11-05"
    },
    "otherContributors" : [ ],
    "lifecycleState" : {
      "codeString" : "unmanaged"
    },
    "ipAcknowledgements" : { },
    "references" : { },
    "conversionDetails" : { },
    "otherDetails" : {
      "licence" : "This work is licensed under the Creative Commons Attribution-ShareAlike 4.0 International License. To view a copy of this license, visit http://creativecommons.org/licenses/by-sa/4.0/.",
      "custodian_organisation" : "openEHR Foundation",
      "original_namespace" : "org.openehr",
      "original_publisher" : "openEHR Foundation",
      "custodian_namespace" : "org.openehr",
      "MD5-CAM-1.0.1" : "7fe300692d61fdac9dd6f57540182fcf",
      "PARENT:MD5-CAM-1.0.1" : "D02DE57ACD4A04C1ADAE1F8B28197890",
      "sem_ver" : "2.3.2",
      "build_uid" : ""
    },
    "details" : {
      "de" : {
        "@type" : "RESOURCE_DESCRIPTION_ITEM",
        "language" : {
          "terminologyId" : {
            "value" : "ISO_639-1"
          },
          "codeString" : "de"
        },
        "keywords" : [ ],
        "originalResourceUri" : { },
        "otherDetails" : { }
      },
      "sv" : {
        "@type" : "RESOURCE_DESCRIPTION_ITEM",
        "language" : {
          "terminologyId" : {
            "value" : "ISO_639-1"
          },
          "codeString" : "sv"
        },
        "keywords" : [ ],
        "originalResourceUri" : { },
        "otherDetails" : { }
      },
      "nb" : {
        "@type" : "RESOURCE_DESCRIPTION_ITEM",
        "language" : {
          "terminologyId" : {
            "value" : "ISO_639-1"
          },
          "codeString" : "nb"
        },
        "keywords" : [ ],
        "originalResourceUri" : { },
        "otherDetails" : { }
      },
      "pt-br" : {
        "@type" : "RESOURCE_DESCRIPTION_ITEM",
        "language" : {
          "terminologyId" : {
            "value" : "ISO_639-1"
          },
          "codeString" : "pt-br"
        },
        "keywords" : [ ],
        "originalResourceUri" : { },
        "otherDetails" : { }
      },
      "en" : {
        "@type" : "RESOURCE_DESCRIPTION_ITEM",
        "language" : {
          "terminologyId" : {
            "value" : "ISO_639-1"
          },
          "codeString" : "en"
        },
        "keywords" : [ ],
        "originalResourceUri" : { },
        "otherDetails" : { }
      },
      "ar-sy" : {
        "@type" : "RESOURCE_DESCRIPTION_ITEM",
        "language" : {
          "terminologyId" : {
            "value" : "ISO_639-1"
          },
          "codeString" : "ar-sy"
        },
        "keywords" : [ ],
        "originalResourceUri" : { },
        "otherDetails" : { }
      },
      "it" : {
        "@type" : "RESOURCE_DESCRIPTION_ITEM",
        "language" : {
          "terminologyId" : {
            "value" : "ISO_639-1"
          },
          "codeString" : "it"
        },
        "keywords" : [ ],
        "originalResourceUri" : { },
        "otherDetails" : { }
      },
      "zh-cn" : {
        "@type" : "RESOURCE_DESCRIPTION_ITEM",
        "language" : {
          "terminologyId" : {
            "value" : "ISO_639-1"
          },
          "codeString" : "zh-cn"
        },
        "keywords" : [ ],
        "originalResourceUri" : { },
        "otherDetails" : { }
      },
      "nl" : {
        "@type" : "RESOURCE_DESCRIPTION_ITEM",
        "language" : {
          "terminologyId" : {
            "value" : "ISO_639-1"
          },
          "codeString" : "nl"
        },
        "keywords" : [ ],
        "originalResourceUri" : { },
        "otherDetails" : { }
      }
    }
  },
  "annotations" : {
    "@type" : "RESOURCE_ANNOTATIONS",
    "documentation" : {
      "ar-sy" : {
        "/data[at0001]/events[at0002]/data[at0003]/items[at0118]" : {
          "fhir_mapping" : "*DiagnosticReport.presentedForm(en)"
        },
        "/data[at0001]/events[at0002]/data[at0003]/items[at0100.1]" : {
          "fhir_mapping" : "*DiagnosticReport.requestDetail.clinicalNotes(en)"
        },
        "/data[at0001]/events[at0002]/data[at0003]/items[at0057.1]" : {
          "fhir_mapping" : "*DiagnosticReport.conclusion(en)"
        }
      },
      "en" : { },
      "nb" : { },
      "zh-cn" : {
        "/data[at0001]/events[at0002]/data[at0003]/items[at0118]" : {
          "fhir_mapping" : "*DiagnosticReport.presentedForm(en)"
        },
        "/data[at0001]/events[at0002]/data[at0003]/items[at0100.1]" : {
          "fhir_mapping" : "*DiagnosticReport.requestDetail.clinicalNotes(en)"
        },
        "/data[at0001]/events[at0002]/data[at0003]/items[at0057.1]" : {
          "fhir_mapping" : "*DiagnosticReport.conclusion(en)"
        }
      },
      "de" : { },
      "it" : { },
      "nl" : { },
      "sv" : { },
      "pt-br" : { }
    }
  },
  "parentArchetypeId" : "openEHR-EHR-OBSERVATION.laboratory_test_result.v1",
  "differential" : true,
  "archetypeId" : {
    "@type" : "ARCHETYPE_HRID",
    "value" : "openEHR-EHR-OBSERVATION.pemeriksaanlpa_lini_2.v1"
  },
  "definition" : {
    "@type" : "C_COMPLEX_OBJECT",
    "rmTypeName" : "OBSERVATION",
    "nodeId" : "at0000.1",
    "attributes" : [ {
      "@type" : "C_ATTRIBUTE",
      "rmAttributeName" : "data",
      "children" : [ {
        "@type" : "C_COMPLEX_OBJECT",
        "rmTypeName" : "HISTORY",
        "nodeId" : "at0001",
        "attributes" : [ {
          "@type" : "C_ATTRIBUTE",
          "rmAttributeName" : "events",
          "children" : [ {
            "@type" : "C_COMPLEX_OBJECT",
            "rmTypeName" : "EVENT",
            "nodeId" : "at0002",
            "attributes" : [ {
              "@type" : "C_ATTRIBUTE",
              "rmAttributeName" : "data",
              "children" : [ {
                "@type" : "C_COMPLEX_OBJECT",
                "rmTypeName" : "ITEM_TREE",
                "nodeId" : "at0003",
                "attributes" : [ {
                  "@type" : "C_ATTRIBUTE",
                  "rmAttributeName" : "items",
                  "children" : [ {
                    "@type" : "C_COMPLEX_OBJECT",
                    "rmTypeName" : "ELEMENT",
                    "nodeId" : "at0005.1",
                    "attributes" : [ {
                      "@type" : "C_ATTRIBUTE",
                      "rmAttributeName" : "value",
                      "children" : [ {
                        "@type" : "C_COMPLEX_OBJECT",
                        "rmTypeName" : "DV_CODED_TEXT",
                        "occurrences" : "1..1",
                        "defaultValue" : {
                          "defining_code" : {
                            "terminology_id" : {
                              "value" : "SNOMED-CT",
                              "@type" : "TERMINOLOGY_ID"
                            },
                            "code_string" : "SCTID::9718006",
                            "@type" : "CODE_PHRASE"
                          },
                          "value" : "GeneXpert",
                          "@type" : "DV_CODED_TEXT"
                        },
                        "attributes" : [ {
                          "@type" : "C_ATTRIBUTE",
                          "rmAttributeName" : "defining_code",
                          "children" : [ {
                            "@type" : "C_TERMINOLOGY_CODE",
                            "rmTypeName" : "TERMINOLOGY_CODE",
                            "occurrences" : "0..1",
                            "terminologyId" : {
                              "value" : "SNOMED-CT"
                            },
                            "constraint" : [ ],
                            "selectedTerminologies" : [ "SNOMED-CT" ],
                            "includedExternalTerminologyCodes" : [ {
                              "terminologyId" : "SNOMED-CT",
                              "code" : "SCTID::9718006",
                              "value" : "Line Probe Assay (LPA) lini 2"
                            } ]
                          } ]
                        } ],
                        "attributeTuples" : [ ]
                      } ]
                    } ],
                    "attributeTuples" : [ ]
                  }, {
                    "@type" : "C_COMPLEX_OBJECT",
                    "rmTypeName" : "ELEMENT",
                    "occurrences" : "0..1",
                    "nodeId" : "at0073.1",
                    "attributes" : [ {
                      "@type" : "C_ATTRIBUTE",
                      "rmAttributeName" : "value",
                      "children" : [ {
                        "@type" : "C_COMPLEX_OBJECT",
                        "rmTypeName" : "DV_CODED_TEXT",
                        "attributes" : [ {
                          "@type" : "C_ATTRIBUTE",
                          "rmAttributeName" : "defining_code",
                          "children" : [ {
                            "@type" : "C_TERMINOLOGY_CODE",
                            "rmTypeName" : "TERMINOLOGY_CODE",
                            "occurrences" : "1..1",
                            "terminologyId" : {
                              "value" : "lpa2_status"
                            },
                            "constraint" : [ ],
                            "selectedTerminologies" : [ "lpa2_status" ],
                            "includedExternalTerminologyCodes" : [ {
                              "terminologyId" : "lpa2_status",
                              "code" : "TRUE",
                              "value" : "Valid"
                            }, {
                              "terminologyId" : "lpa2_status",
                              "code" : "FALSE",
                              "value" : "Invalid"
                            } ]
                          } ]
                        } ],
                        "attributeTuples" : [ ]
                      } ]
                    } ],
                    "attributeTuples" : [ ]
                  }, {
                    "@type" : "C_COMPLEX_OBJECT",
                    "rmTypeName" : "ELEMENT",
                    "occurrences" : "0..0",
                    "nodeId" : "at0075.1",
                    "attributes" : [ ],
                    "attributeTuples" : [ ]
                  }, {
                    "@type" : "C_COMPLEX_OBJECT",
                    "rmTypeName" : "ELEMENT",
                    "occurrences" : "0..0",
                    "nodeId" : "at0077.1",
                    "attributes" : [ ],
                    "attributeTuples" : [ ]
                  }, {
                    "@type" : "C_COMPLEX_OBJECT",
                    "rmTypeName" : "ELEMENT",
                    "occurrences" : "0..0",
                    "nodeId" : "at0100.1",
                    "attributes" : [ ],
                    "attributeTuples" : [ ]
                  }, {
                    "@type" : "C_COMPLEX_OBJECT",
                    "rmTypeName" : "ELEMENT",
                    "occurrences" : "0..0",
                    "nodeId" : "at0057.1",
                    "attributes" : [ ],
                    "attributeTuples" : [ ]
                  }, {
                    "@type" : "C_COMPLEX_OBJECT",
                    "rmTypeName" : "ELEMENT",
                    "nodeId" : "at0098.1",
                    "attributes" : [ {
                      "@type" : "C_ATTRIBUTE",
                      "rmAttributeName" : "value",
                      "children" : [ {
                        "@type" : "C_COMPLEX_OBJECT",
                        "rmTypeName" : "DV_CODED_TEXT",
                        "occurrences" : "1..1",
                        "attributes" : [ {
                          "@type" : "C_ATTRIBUTE",
                          "rmAttributeName" : "defining_code",
                          "children" : [ {
                            "@type" : "C_TERMINOLOGY_CODE",
                            "rmTypeName" : "TERMINOLOGY_CODE",
                            "occurrences" : "0..1",
                            "terminologyId" : {
                              "value" : "SNOMED-CT"
                            },
                            "constraint" : [ ],
                            "selectedTerminologies" : [ "SNOMED-CT" ],
                            "includedExternalTerminologyCodes" : [ {
                              "terminologyId" : "SNOMED-CT",
                              "code" : "SCTID::260373001",
                              "value" : "Terdeteksi"
                            }, {
                              "terminologyId" : "SNOMED-CT",
                              "code" : "SCTID::260415000",
                              "value" : "Tidak terdeteksi"
                            } ]
                          } ]
                        } ],
                        "attributeTuples" : [ ]
                      } ]
                    } ],
                    "attributeTuples" : [ ]
                  }, {
                    "@type" : "C_COMPLEX_OBJECT",
                    "rmTypeName" : "ELEMENT",
                    "occurrences" : "0..0",
                    "nodeId" : "at0101.1",
                    "attributes" : [ ],
                    "attributeTuples" : [ ]
                  }, {
                    "@type" : "C_ARCHETYPE_ROOT",
                    "rmTypeName" : "CLUSTER",
                    "occurrences" : "0..1",
                    "nodeId" : "at0097.2",
                    "attributes" : [ ],
                    "attributeTuples" : [ ],
                    "archetypeRef" : "openEHR-EHR-CLUSTER.ovl-laboratory_test_panel-001.v0",
                    "referenceType" : "archetypeOverlay"
                  } ]
                } ],
                "attributeTuples" : [ ]
              } ]
            }, {
              "@type" : "C_ATTRIBUTE",
              "rmAttributeName" : "state",
              "children" : [ {
                "@type" : "C_COMPLEX_OBJECT",
                "rmTypeName" : "ITEM_TREE",
                "nodeId" : "at0112",
                "attributes" : [ {
                  "@type" : "C_ATTRIBUTE",
                  "rmAttributeName" : "items",
                  "children" : [ {
                    "@type" : "C_COMPLEX_OBJECT",
                    "rmTypeName" : "ELEMENT",
                    "occurrences" : "0..0",
                    "nodeId" : "at0113.1",
                    "attributes" : [ ],
                    "attributeTuples" : [ ]
                  } ]
                } ],
                "attributeTuples" : [ ]
              } ]
            } ],
            "attributeTuples" : [ ]
          } ]
        } ],
        "attributeTuples" : [ ]
      } ]
    }, {
      "@type" : "C_ATTRIBUTE",
      "rmAttributeName" : "protocol",
      "children" : [ {
        "@type" : "C_COMPLEX_OBJECT",
        "rmTypeName" : "ITEM_TREE",
        "nodeId" : "at0004",
        "attributes" : [ {
          "@type" : "C_ATTRIBUTE",
          "rmAttributeName" : "items",
          "children" : [ {
            "@type" : "C_COMPLEX_OBJECT",
            "rmTypeName" : "ELEMENT",
            "occurrences" : "0..0",
            "nodeId" : "at0068.1",
            "attributes" : [ {
              "@type" : "C_ATTRIBUTE",
              "rmAttributeName" : "value",
              "children" : [ {
                "@type" : "C_COMPLEX_OBJECT",
                "rmTypeName" : "DV_IDENTIFIER",
                "attributes" : [ ],
                "attributeTuples" : [ ]
              }, {
                "@type" : "C_COMPLEX_OBJECT",
                "rmTypeName" : "DV_TEXT",
                "attributes" : [ ],
                "attributeTuples" : [ ]
              } ]
            } ],
            "attributeTuples" : [ ]
          }, {
            "@type" : "C_COMPLEX_OBJECT",
            "rmTypeName" : "CLUSTER",
            "occurrences" : "0..0",
            "nodeId" : "at0094.1",
            "attributes" : [ {
              "@type" : "C_ATTRIBUTE",
              "rmAttributeName" : "items",
              "children" : [ {
                "@type" : "C_COMPLEX_OBJECT",
                "rmTypeName" : "ELEMENT",
                "occurrences" : "0..0",
                "nodeId" : "at0106.1",
                "attributes" : [ ],
                "attributeTuples" : [ ]
              }, {
                "@type" : "C_COMPLEX_OBJECT",
                "rmTypeName" : "ELEMENT",
                "occurrences" : "0..0",
                "nodeId" : "at0062.1",
                "attributes" : [ {
                  "@type" : "C_ATTRIBUTE",
                  "rmAttributeName" : "value",
                  "children" : [ {
                    "@type" : "C_COMPLEX_OBJECT",
                    "rmTypeName" : "DV_IDENTIFIER",
                    "attributes" : [ ],
                    "attributeTuples" : [ ]
                  }, {
                    "@type" : "C_COMPLEX_OBJECT",
                    "rmTypeName" : "DV_TEXT",
                    "attributes" : [ ],
                    "attributeTuples" : [ ]
                  } ]
                } ],
                "attributeTuples" : [ ]
              }, {
                "@type" : "C_COMPLEX_OBJECT",
                "rmTypeName" : "ELEMENT",
                "occurrences" : "0..0",
                "nodeId" : "at0063.1",
                "attributes" : [ {
                  "@type" : "C_ATTRIBUTE",
                  "rmAttributeName" : "value",
                  "children" : [ {
                    "@type" : "C_COMPLEX_OBJECT",
                    "rmTypeName" : "DV_IDENTIFIER",
                    "attributes" : [ ],
                    "attributeTuples" : [ ]
                  }, {
                    "@type" : "C_COMPLEX_OBJECT",
                    "rmTypeName" : "DV_TEXT",
                    "attributes" : [ ],
                    "attributeTuples" : [ ]
                  } ]
                } ],
                "attributeTuples" : [ ]
              } ]
            } ],
            "attributeTuples" : [ ]
          }, {
            "@type" : "C_COMPLEX_OBJECT",
            "rmTypeName" : "ELEMENT",
            "occurrences" : "0..0",
            "nodeId" : "at0111.1",
            "attributes" : [ ],
            "attributeTuples" : [ ]
          }, {
            "@type" : "C_COMPLEX_OBJECT",
            "rmTypeName" : "ELEMENT",
            "occurrences" : "0..0",
            "nodeId" : "at0121.1",
            "attributes" : [ ],
            "attributeTuples" : [ ]
          } ]
        } ],
        "attributeTuples" : [ ]
      } ]
    } ],
    "attributeTuples" : [ ],
    "attributeCustomizations" : {
      "data" : {
        "aliases" : {
          "en" : "data"
        }
      }
    }
  },
  "terminology" : {
    "@type" : "ARCHETYPE_TERMINOLOGY",
    "conceptCode" : "at0000",
    "termDefinitions" : {
      "ar-sy" : {
        "at0000.1" : {
          "@type" : "ARCHETYPE_TERM",
          "code" : "at0000.1",
          "text" : "*Laboratory test result(en) (6)",
          "description" : "*The result, including findings and interpretation, of a laboratory investigation performed on specimens from individuals or related materials(en)"
        }
      },
      "en" : {
        "at0000.1" : {
          "@type" : "ARCHETYPE_TERM",
          "code" : "at0000.1",
          "text" : "Pemeriksaan LPA lini 2",
          "description" : "The result, including findings and the laboratory's interpretation, of an investigation performed on specimens collected from an individual or related to that individual."
        },
        "at0073.1" : {
          "@type" : "ARCHETYPE_TERM",
          "code" : "at0073.1",
          "text" : "Status hasil pemeriksaan",
          "description" : "The status of the laboratory test result as a whole.",
          "comment" : "The values have been specifically chosen to match those in the HL7 FHIR Diagnostic report, historically derived from HL7v2 practice. Other local codes/terms can be used via the Text 'choice'.\r\n\r\nThis element is multiple occurrence to cater for the use cases where statuses for different aspects of the result have been split into several elements."
        },
        "at0005.1" : {
          "@type" : "ARCHETYPE_TERM",
          "code" : "at0005.1",
          "text" : "Nama pemeriksaan",
          "description" : "Name of the laboratory investigation performed on the specimen(s).",
          "comment" : "A test result may be for a single analyte, or a group of items, including panel tests. It is strongly recommended that 'Test name' be coded with a terminology, for example LOINC or SNOMED CT. For example: 'Glucose', 'Urea and Electrolytes', 'Swab', 'Cortisol (am)', 'Potassium in perspiration' or 'Melanoma histopathology'. The name may sometimes include specimen type and patient state, for example 'Fasting blood glucose' or include other information, as 'Potassium (PNA blood gas)'."
        },
        "at0098.1" : {
          "@type" : "ARCHETYPE_TERM",
          "code" : "at0098.1",
          "text" : "Temuan MTB",
          "description" : "Single word, phrase or brief description that represents the clinical meaning and significance of the laboratory test result.",
          "comment" : "For example: 'Severe hepatic impairment', 'Salmonella contamination'. Coding of the diagnosis with a terminology is strongly recommended, where possible. This diagnosis should be aligned with the narrative in the 'Conclusion'."
        }
      },
      "nb" : {
        "at0000.1" : {
          "@type" : "ARCHETYPE_TERM",
          "code" : "at0000.1",
          "text" : "Laboratorieresultat (6)",
          "description" : "Resultat, inkludert funn og laboratoriets tolkning, av en laboratorieundersøkelse utført på prøvemateriale fra et individ eller relatert til individet."
        }
      },
      "zh-cn" : {
        "at0000.1" : {
          "@type" : "ARCHETYPE_TERM",
          "code" : "at0000.1",
          "text" : "*Laboratory test result(en) (6)",
          "description" : "*The result, including findings and interpretation, of a laboratory investigation performed on specimens from individuals or related materials(en)"
        }
      },
      "de" : {
        "at0000.1" : {
          "@type" : "ARCHETYPE_TERM",
          "code" : "at0000.1",
          "text" : "Laborergebnis (6)",
          "description" : "Das Ergebnis - einschließlich der Befunde und der Interpretation des Labors - einer Untersuchung, die an Proben durchgeführt wurde, die von einer Einzelperson stammen oder mit dieser Person zusammenhängen."
        }
      },
      "it" : {
        "at0000.1" : {
          "@type" : "ARCHETYPE_TERM",
          "code" : "at0000.1",
          "text" : "Risultato di esame di laboratorio (6)",
          "description" : "L'esito, inclusi i risultati e l'interpretazione, di una indagine di laboratorio effettuata su campioni provenienti da individui o relativi materiali."
        }
      },
      "nl" : {
        "at0000.1" : {
          "@type" : "ARCHETYPE_TERM",
          "code" : "at0000.1",
          "text" : "*Laboratory test result(en) (6)",
          "description" : "*The result, including findings and the laboratory's interpretation, of an investigation performed on specimens collected from an individual or related to that individual.(en)"
        }
      },
      "sv" : {
        "at0000.1" : {
          "@type" : "ARCHETYPE_TERM",
          "code" : "at0000.1",
          "text" : "Laboratorieresultat (6)",
          "description" : "Resultatet, inklusive fynd och laboratoriets tolkning, av en undersökning utförd på provmaterial från en individ eller relaterad till individen."
        }
      },
      "pt-br" : {
        "at0000.1" : {
          "@type" : "ARCHETYPE_TERM",
          "code" : "at0000.1",
          "text" : "Resultado de exame de laboratório (6)",
          "description" : "O resultado, incluindo achados e a interpretação do laboratório, de uma investigação realizada em amostras coletadas de um indivíduo ou relacionadas a esse indivíduo."
        }
      }
    },
    "termBindings" : {
      "V3 Value SetRoleClassServiceDeliveryLocation" : {
        "ac0.1" : "terminology://fhir.hl7.org/ValueSet/$expand?url=http://terminology.hl7.org/ValueSet/v3-RoleClassServiceDeliveryLocation"
      },
      "Paediatric Myelodysplasia Clinical Findings (At Diagnosis)" : {
        "ac0.5" : "terminology://fhir.hl7.org/ValueSet/$expand?url=https://beta.datadictionary.nhs.uk/valueSet/paediatric_myelodysplasia_clinical_findings__at_diagnosis_"
      }
    },
    "terminologyExtracts" : { },
    "valueSets" : {
      "ac0.2" : {
        "@type" : "VALUE_SET",
        "id" : "ac0.2",
        "members" : [ "at0107", "at0037", "at0120", "at0038", "at0040", "at0115", "at0119", "at0074", "at0116" ]
      },
      "ac0.6" : {
        "@type" : "VALUE_SET",
        "id" : "ac0.6",
        "members" : [ "at0107", "at0037", "at0120", "at0038", "at0040", "at0115", "at0119", "at0074", "at0116" ]
      },
      "ac0.7" : {
        "@type" : "VALUE_SET",
        "id" : "ac0.7",
        "members" : [ "at0107", "at0037", "at0120", "at0038", "at0040", "at0115", "at0119", "at0074", "at0116" ]
      },
      "ac0.8" : {
        "@type" : "VALUE_SET",
        "id" : "ac0.8",
        "members" : [ "at0107", "at0037", "at0120", "at0038", "at0040", "at0115", "at0119", "at0074", "at0116" ]
      },
      "ac0.9" : {
        "@type" : "VALUE_SET",
        "id" : "ac0.9",
        "members" : [ "at0107", "at0037", "at0120", "at0038", "at0040", "at0115", "at0119", "at0074", "at0116" ]
      },
      "ac0.11" : {
        "@type" : "VALUE_SET",
        "id" : "ac0.11",
        "members" : [ "at0107", "at0037", "at0120", "at0038", "at0040", "at0115", "at0119", "at0074", "at0116" ]
      },
      "ac0.12" : {
        "@type" : "VALUE_SET",
        "id" : "ac0.12",
        "members" : [ ]
      },
      "ac0.13" : {
        "@type" : "VALUE_SET",
        "id" : "ac0.13",
        "members" : [ ]
      }
    }
  },
  "adlVersion" : "1.4",
  "buildUid" : "0ff7fac2-95a0-3cc3-a0dc-703788b2edcd",
  "rmName" : "openehr",
  "rmRelease" : "1.1.0",
  "generated" : true,
  "templateId" : "tuberculosis-lab-lpa-lini-2",
  "otherMetaData" : { },
  "templateOverlays" : [ {
    "@type" : "TEMPLATE_OVERLAY",
    "uid" : "082b21cc-f6a5-44a6-93f4-7a317625fffa",
    "description" : {
      "@type" : "RESOURCE_DESCRIPTION",
      "originalAuthor" : { },
      "otherContributors" : [ ],
      "ipAcknowledgements" : { },
      "references" : { },
      "conversionDetails" : { },
      "otherDetails" : {
        "PARENT:MD5-CAM-1.0.1" : "F0EBDC100A16A3A8BE1511BF3715C582"
      },
      "details" : {
        "de" : {
          "@type" : "RESOURCE_DESCRIPTION_ITEM",
          "language" : {
            "terminologyId" : {
              "value" : "ISO_639-1"
            },
            "codeString" : "de"
          },
          "purpose" : "Dient der Darstellung von einzelnen Ergebniswerten für Labor-Analyten, die in der klinischen Diagnostikanalyse wie medizinische Biochemie, Hämatologie, Immunologie und Transfusionsmedizin zu finden ist.",
          "keywords" : [ "Labor", "Pathologie", "Analyt", "Bestandteil", "Ergebnis" ],
          "use" : "Dient zur Erfassung von einzelnen Ergebniswerten für Labor-Analyten, die in der klinischen Diagnostik verbreitet sind, wie z. B. biochemische, hämatologische, immunologische und transfusionsmedizinische Tests. Diese können auch in anatomisch-pathologischen Berichten als \"zusätzliche Untersuchungen\" vorkommen.\r\n \r\nEine oder mehrere Instanzen dieses Archetyps können im SLOT \"Testergebnis\" des Archetyps OBSERVATION.laboratory_test_result verschachtelt werden.\r\n\r\nUnter Umständen kann dieser Archetyp in einem CLUSTER.laboratory_test_panel Archetyp verwendet werden - zusammen mit andere Analyten, die normalerweise als Teil eine Panels oder Profils getestet und/oder befundet werden.\r\n\r\nDieser Archetyp kann im Rahmen einer komplexerem Labor/Pathologie-Befundung, z.B. in anatomisch-pathologischen Befunden verwendet werden, in denen oft quantitative Resultate, wie Durchfluss-Zytometrie-Analysen neben den üblichen makroskopischen und mikroskopischen Ergebnissen dokumentiert werden.\r\n",
          "misuse" : "Nicht zur Darstellung von makroskopischen / mikroskopischen Befunde in der anatomischen Pathologie zu verwenden, außer für zusätzliche Tests wie durchflußzytometrischen Studien.\r\n\r\nNicht zur Darstellung von Ergebnissen für Mikrobiologische Befunde verwenden.",
          "originalResourceUri" : { },
          "otherDetails" : { }
        },
        "sv" : {
          "@type" : "RESOURCE_DESCRIPTION_ITEM",
          "language" : {
            "terminologyId" : {
              "value" : "ISO_639-1"
            },
            "codeString" : "sv"
          },
          "purpose" : "Registrering av ett enskilt laboratorieanalysresultat som vanligtvis förekommer i undersökningar inom exempelvis medicinsk biokemi, hematologi, immunologi och transfusionsmedicin.\r\n",
          "keywords" : [ "laboratorium", "labb", "patologi", "analyt", "analys", "resultat", "analysresultat", "svar", "komponent" ],
          "use" : "Används för registrering av ett enskilt laboratorieresultat inom områden såsom medicinsk biokemi, hematologi, immunologi och transfusionsmedicin. Arketypen kan även användas för kompletterande undersökningar.\r\n\r\nEn eller flera instanser av denna arketyp kan nästlas i den SLOT för \"Undersökningsresultat\" som finns i arketypen OBSERVATION.laboratory_test_result. \r\n\r\nI vissa sammanhang kan denna arketyp användas i arketypen CLUSTER.laboratory_test_panel tillsammans med andra analyser som vanligtvis utförs eller rapporteras tillsammans som en del av en analysgrupp, -paket eller -panel.\r\n\r\nDenna arketyp kan användas i mer komplexa laboratorie- och patologirapporter där kvantitativa svar såsom flödescytometri rapporteras tillsammans med konventionella makroskopiska och mikroskopiska undersökningar.",
          "misuse" : "Ska inte användas för att registrera makroskopiska eller mikroskopiska patologifynd, förutom för ytterligare undersökningar såsom flödescytometri.\r\n\r\nSka inte användas för att registrera mikrobiologiska resultat.",
          "originalResourceUri" : { },
          "otherDetails" : { }
        },
        "nb" : {
          "@type" : "RESOURCE_DESCRIPTION_ITEM",
          "language" : {
            "terminologyId" : {
              "value" : "ISO_639-1"
            },
            "codeString" : "nb"
          },
          "purpose" : "For å registrere ett enkelt laboratorieresultat innenfor områder som medisinsk biokjemi, hematologi, immunologi og transfusjonsmedisin.",
          "keywords" : [ "laboratorie", "analytt", "analyse", "svar", "resultat" ],
          "use" : "For å registrere ett enkelt laboratorieresultat innenfor områder som medisinsk biokjemi, hematologi, immunologi og transfusjonsmedisin. Arketypen kan også brukes til tilleggsundersøkelser innenfor patologi.\r\n\r\nEn eller flere instanser av denne arketypen kan nøstes i SLOTet \"Undersøkelsesresultat\" i arketypen OBSERVATION.laboratory_test_result.\r\n\r\nI noen sammenhenger kan denne arketypen brukes i arketypen CLUSTER.laboratory_test_panel, sammen med andre analytter som vanligvis utføres sammen som del av en analysegruppe.\r\n\r\nDenne arketypen kan brukes innenfor mer komplekse laboratorie/patologirapporter der kvantitative svar som for eksempel flowcytometri rapporteres sammen med konvensjonelle makroskopiske og mikroskopiske undersøkelser.",
          "misuse" : "Skal ikke brukes til å registrere funn ved patologiundersøkelser, annet enn for tilleggsundersøkelser som flowcytometri.\r\n\r\nSkal ikke brukes til å registrere mikrobiologiske dyrkningssvar.",
          "copyright" : "© openEHR Foundation",
          "originalResourceUri" : { },
          "otherDetails" : { }
        },
        "pt-br" : {
          "@type" : "RESOURCE_DESCRIPTION_ITEM",
          "language" : {
            "terminologyId" : {
              "value" : "ISO_639-1"
            },
            "codeString" : "pt-br"
          },
          "purpose" : "Para gravar valores únicos e individuais de resultados laboratoriais de analitos comuns a testes patológicos clínicos como bioquímica, hematologia e imunologia.\r\n",
          "keywords" : [ "laboratório", "patologia", "analito", "componente", "resultado" ],
          "use" : "Para gravar valores únicos e individuais de resultados laboratoriais de analitos comuns a testes patológicos clínicos como bioquímica, hematologia e imunologia. Normalmente usados conjuntamente com o arquétipo parental OBSERVATION.laboratory_test_result e em algumas circunstâncias será carregado dentro de um arquétipo CLUSTER.laboratory_test_panel, junto com outros analitos que são normalmente testados e/ou reportados como parte de uma bateria, painel e perfil, embora não seja necessário e.e múltiplos analitos podem ser carregados diretamente dentro do OBSERVATION.laboratory_test.\r\n\r\nO atributo do nome do elemento \"Resultado do analito\" é normalmente substituído em uma especialização, template ou em tempo de execução para carregar o nome do analito específico, p.e., \"hemoglobina\", frequentemente codificado com uma terminologia de referência como LOINC, SNOMED CT ou NPU.\r\n\r\nEste arquétipo pode ser usado dentro do contexto de relatórios laboratoriais/de patologia mais complexos como em relatórios de histopatologia/anatomia onde resultados quantitativos como de estudos de citometria de fluxo e testes genéticos são frequentemente reportados junto com relatórios macroscópicos e microscópicos convencionais.",
          "misuse" : "*Not to be used to record anatomical pathology macroscopic/microscopic findings, other than for additional testing such as cytometric flow studies.\r\n\r\nNot to be used to record results for microbiological culture findings. (en)",
          "originalResourceUri" : { },
          "otherDetails" : { }
        },
        "en" : {
          "@type" : "RESOURCE_DESCRIPTION_ITEM",
          "language" : {
            "terminologyId" : {
              "value" : "ISO_639-1"
            },
            "codeString" : "en"
          },
          "purpose" : "To record a single value laboratory analyte result, commonly found in clinical pathology testing such as medical biochemistry, haematology, immunology and transfusion medicine.",
          "keywords" : [ "laboratory", "pathology", "analyte", "constituent", "result" ],
          "use" : "Use to record a single value laboratory analyte result, commonly found in clinical pathology testing such as medical biochemistry, haematology, immunology and transfusion medicine. They may also be found in anatomical pathology reports as 'ancillary tests'.\r\n\r\nOne or more instances of this archetype may be nested within the 'Test result' SLOT in the OBSERVATION.laboratory_test_result. \r\n\r\nIn some circumstances this archetype may be carried within a CLUSTER.laboratory_test_panel archetype, together with other analytes which are normally tested and/or reported as part of a battery, panel or profile. \r\n\r\nThis archetype may be used within the setting of more complex laboratory/pathology reporting such as anatomical pathology reports where quantitative results such as cytometric flow studies are often reported alongside conventional macroscopic and microscopic reporting.",
          "misuse" : "Not to be used to record anatomical pathology macroscopic/microscopic findings, other than for additional testing such as cytometric flow studies.\r\n\r\nNot to be used to record results for microbiological culture findings.",
          "copyright" : "© openEHR Foundation",
          "originalResourceUri" : { },
          "otherDetails" : { }
        },
        "nl" : {
          "@type" : "RESOURCE_DESCRIPTION_ITEM",
          "language" : {
            "terminologyId" : {
              "value" : "ISO_639-1"
            },
            "codeString" : "nl"
          },
          "purpose" : "Voor het vastleggen van een enkele laboratorium analyt uitslag, gebruikelijk in klinische chemische onderzoeken zoals medische biochemie, hematologie, immunologie en transfusiegeneeskunde.",
          "keywords" : [ "laboratorium", "klinische chemie", "analyt", "bepaling", "uitslag" ],
          "use" : "Gebruik voor het vastleggen van een enkele laboratorium analyt uitslag, gebruikelijk in de klinsiche chemie zoals biochemie, haematologie, immunologie and tranfusiegeneeskunde. Kan ook gebruikt worden voor aanvullend onderzoek binnen een anatomisch pathologisch onderzoek.",
          "misuse" : "*Not to be used to record anatomical pathology macroscopic/microscopic findings, other than for additional testing such as cytometric flow studies.\r\n\r\nNot to be used to record results for microbiological culture findings. (en)",
          "originalResourceUri" : { },
          "otherDetails" : { }
        }
      }
    },
    "annotations" : {
      "@type" : "RESOURCE_ANNOTATIONS",
      "documentation" : {
        "en" : {
          "/items[at0001.1]" : {
            "hl7v2_mapping" : "OBX.2, OBX.5, OBX.6, OBX.7, OBX.8",
            "fhir_mapping" : "Observation.value[x]"
          },
          "/items[at0005.1]" : {
            "hl7v2_mapping" : "OBX.11",
            "fhir_mapping" : "Observation.status"
          },
          "/items[at0006.1]" : {
            "hl7v2_mapping" : "OBX.19",
            "fhir_mapping" : "Observation.issued"
          },
          "/items[at0003.1]" : {
            "hl7v2_mapping" : "NTE.3",
            "fhir_mapping" : "Observation.note"
          },
          "/items[at0024.1]" : {
            "hl7v2_mapping" : "OBX.3",
            "fhir_mapping" : "Observation.code"
          },
          "/items[at0001.2]" : {
            "hl7v2_mapping" : "OBX.2, OBX.5, OBX.6, OBX.7, OBX.8",
            "fhir_mapping" : "Observation.value[x]"
          },
          "/items[at0001.3]" : {
            "hl7v2_mapping" : "OBX.2, OBX.5, OBX.6, OBX.7, OBX.8",
            "fhir_mapping" : "Observation.value[x]"
          },
          "/items[at0001.4]" : {
            "hl7v2_mapping" : "OBX.2, OBX.5, OBX.6, OBX.7, OBX.8",
            "fhir_mapping" : "Observation.value[x]"
          },
          "/items[at0001.5]" : {
            "hl7v2_mapping" : "OBX.2, OBX.5, OBX.6, OBX.7, OBX.8",
            "fhir_mapping" : "Observation.value[x]"
          },
          "/items[at0001.6]" : {
            "hl7v2_mapping" : "OBX.2, OBX.5, OBX.6, OBX.7, OBX.8",
            "fhir_mapping" : "Observation.value[x]"
          },
          "/items[at0001]" : {
            "hl7v2_mapping" : "OBX.2, OBX.5, OBX.6, OBX.7, OBX.8",
            "fhir_mapping" : "Observation.value[x]"
          }
        },
        "nb" : {
          "/items[at0001.1]" : {
            "hl7v2_mapping" : "OBX.2, OBX.5, OBX.6, OBX.7, OBX.8",
            "fhir_mapping" : "Observation.value[x]"
          },
          "/items[at0005.1]" : {
            "hl7v2_mapping" : "OBX.11",
            "fhir_mapping" : "Observation.status"
          },
          "/items[at0006.1]" : {
            "hl7v2_mapping" : "OBX.19",
            "fhir_mapping" : "Observation.issued"
          },
          "/items[at0003.1]" : {
            "hl7v2_mapping" : "NTE.3",
            "fhir_mapping" : "Observation.note"
          },
          "/items[at0024.1]" : {
            "hl7v2_mapping" : "OBX.3",
            "fhir_mapping" : "Observation.code"
          },
          "/items[at0001.2]" : {
            "hl7v2_mapping" : "OBX.2, OBX.5, OBX.6, OBX.7, OBX.8",
            "fhir_mapping" : "Observation.value[x]"
          },
          "/items[at0001.3]" : {
            "hl7v2_mapping" : "OBX.2, OBX.5, OBX.6, OBX.7, OBX.8",
            "fhir_mapping" : "Observation.value[x]"
          },
          "/items[at0001.4]" : {
            "hl7v2_mapping" : "OBX.2, OBX.5, OBX.6, OBX.7, OBX.8",
            "fhir_mapping" : "Observation.value[x]"
          },
          "/items[at0001.5]" : {
            "hl7v2_mapping" : "OBX.2, OBX.5, OBX.6, OBX.7, OBX.8",
            "fhir_mapping" : "Observation.value[x]"
          },
          "/items[at0001.6]" : {
            "hl7v2_mapping" : "OBX.2, OBX.5, OBX.6, OBX.7, OBX.8",
            "fhir_mapping" : "Observation.value[x]"
          },
          "/items[at0001]" : {
            "hl7v2_mapping" : "OBX.2, OBX.5, OBX.6, OBX.7, OBX.8",
            "fhir_mapping" : "Observation.value[x]"
          }
        },
        "pt-br" : {
          "/items[at0001.1]" : {
            "hl7v2_mapping" : "*OBX.2,OBX.5,OBX.6(en)",
            "fhir_mapping" : "*Observation.value[x](en)"
          },
          "/items[at0005.1]" : {
            "hl7v2_mapping" : "*OBX-11-observation result status(en)",
            "fhir_mapping" : "*status(en)"
          },
          "/items[at0006.1]" : {
            "hl7v2_mapping" : "*OBX-22 and/or OBX-19(en)",
            "fhir_mapping" : "*Observation.issued(en)"
          },
          "/items[at0003.1]" : {
            "hl7v2_mapping" : "*NTE.3(en)",
            "fhir_mapping" : "*Observation.comments(en)"
          },
          "/items[at0024.1]" : {
            "hl7v2_mapping" : "*OBX-3.1;3.2(en)",
            "fhir_mapping" : "*Observation.code(en)"
          },
          "/items[at0001.2]" : {
            "hl7v2_mapping" : "*OBX.2,OBX.5,OBX.6(en)",
            "fhir_mapping" : "*Observation.value[x](en)"
          },
          "/items[at0001.3]" : {
            "hl7v2_mapping" : "*OBX.2,OBX.5,OBX.6(en)",
            "fhir_mapping" : "*Observation.value[x](en)"
          },
          "/items[at0001.4]" : {
            "hl7v2_mapping" : "*OBX.2,OBX.5,OBX.6(en)",
            "fhir_mapping" : "*Observation.value[x](en)"
          },
          "/items[at0001.5]" : {
            "hl7v2_mapping" : "*OBX.2,OBX.5,OBX.6(en)",
            "fhir_mapping" : "*Observation.value[x](en)"
          },
          "/items[at0001.6]" : {
            "hl7v2_mapping" : "*OBX.2,OBX.5,OBX.6(en)",
            "fhir_mapping" : "*Observation.value[x](en)"
          },
          "/items[at0001]" : {
            "hl7v2_mapping" : "*OBX.2,OBX.5,OBX.6(en)",
            "fhir_mapping" : "*Observation.value[x](en)"
          }
        },
        "de" : {
          "/items[at0001.1]" : {
            "hl7v2_mapping" : "OBX.2, OBX.5, OBX.6, OBX.7, OBX.8",
            "fhir_mapping" : "Observation.value[x]"
          },
          "/items[at0005.1]" : {
            "hl7v2_mapping" : "OBX.11",
            "fhir_mapping" : "Observation.status"
          },
          "/items[at0006.1]" : {
            "hl7v2_mapping" : "OBX.19",
            "fhir_mapping" : "Observation.issued"
          },
          "/items[at0003.1]" : {
            "hl7v2_mapping" : "NTE.3",
            "fhir_mapping" : "Observation.note"
          },
          "/items[at0024.1]" : {
            "hl7v2_mapping" : "OBX.3",
            "fhir_mapping" : "Observation.code"
          },
          "/items[at0001.2]" : {
            "hl7v2_mapping" : "OBX.2, OBX.5, OBX.6, OBX.7, OBX.8",
            "fhir_mapping" : "Observation.value[x]"
          },
          "/items[at0001.3]" : {
            "hl7v2_mapping" : "OBX.2, OBX.5, OBX.6, OBX.7, OBX.8",
            "fhir_mapping" : "Observation.value[x]"
          },
          "/items[at0001.4]" : {
            "hl7v2_mapping" : "OBX.2, OBX.5, OBX.6, OBX.7, OBX.8",
            "fhir_mapping" : "Observation.value[x]"
          },
          "/items[at0001.5]" : {
            "hl7v2_mapping" : "OBX.2, OBX.5, OBX.6, OBX.7, OBX.8",
            "fhir_mapping" : "Observation.value[x]"
          },
          "/items[at0001.6]" : {
            "hl7v2_mapping" : "OBX.2, OBX.5, OBX.6, OBX.7, OBX.8",
            "fhir_mapping" : "Observation.value[x]"
          },
          "/items[at0001]" : {
            "hl7v2_mapping" : "OBX.2, OBX.5, OBX.6, OBX.7, OBX.8",
            "fhir_mapping" : "Observation.value[x]"
          }
        },
        "nl" : {
          "/items[at0001.1]" : {
            "hl7v2_mapping" : "OBX.2, OBX.5, OBX.6, OBX.7, OBX.8",
            "fhir_mapping" : "Observation.value[x]"
          },
          "/items[at0005.1]" : {
            "hl7v2_mapping" : "OBX.11",
            "fhir_mapping" : "Observation.status"
          },
          "/items[at0006.1]" : {
            "hl7v2_mapping" : "OBX.19",
            "fhir_mapping" : "Observation.issued"
          },
          "/items[at0003.1]" : {
            "hl7v2_mapping" : "NTE.3",
            "fhir_mapping" : "Observation.note"
          },
          "/items[at0024.1]" : {
            "hl7v2_mapping" : "OBX.3",
            "fhir_mapping" : "Observation.code"
          },
          "/items[at0001.2]" : {
            "hl7v2_mapping" : "OBX.2, OBX.5, OBX.6, OBX.7, OBX.8",
            "fhir_mapping" : "Observation.value[x]"
          },
          "/items[at0001.3]" : {
            "hl7v2_mapping" : "OBX.2, OBX.5, OBX.6, OBX.7, OBX.8",
            "fhir_mapping" : "Observation.value[x]"
          },
          "/items[at0001.4]" : {
            "hl7v2_mapping" : "OBX.2, OBX.5, OBX.6, OBX.7, OBX.8",
            "fhir_mapping" : "Observation.value[x]"
          },
          "/items[at0001.5]" : {
            "hl7v2_mapping" : "OBX.2, OBX.5, OBX.6, OBX.7, OBX.8",
            "fhir_mapping" : "Observation.value[x]"
          },
          "/items[at0001.6]" : {
            "hl7v2_mapping" : "OBX.2, OBX.5, OBX.6, OBX.7, OBX.8",
            "fhir_mapping" : "Observation.value[x]"
          },
          "/items[at0001]" : {
            "hl7v2_mapping" : "OBX.2, OBX.5, OBX.6, OBX.7, OBX.8",
            "fhir_mapping" : "Observation.value[x]"
          }
        },
        "sv" : {
          "/items[at0001.1]" : {
            "hl7v2_mapping" : "OBX.2, OBX.5, OBX.6, OBX.7, OBX.8",
            "fhir_mapping" : "Observation.value[x]"
          },
          "/items[at0005.1]" : {
            "hl7v2_mapping" : "OBX.11",
            "fhir_mapping" : "Observation.status"
          },
          "/items[at0024.1]" : {
            "hl7v2_mapping" : "OBX.3",
            "fhir_mapping" : "Observation.code"
          },
          "/items[at0001.2]" : {
            "hl7v2_mapping" : "OBX.2, OBX.5, OBX.6, OBX.7, OBX.8",
            "fhir_mapping" : "Observation.value[x]"
          },
          "/items[at0001.3]" : {
            "hl7v2_mapping" : "OBX.2, OBX.5, OBX.6, OBX.7, OBX.8",
            "fhir_mapping" : "Observation.value[x]"
          },
          "/items[at0001.4]" : {
            "hl7v2_mapping" : "OBX.2, OBX.5, OBX.6, OBX.7, OBX.8",
            "fhir_mapping" : "Observation.value[x]"
          },
          "/items[at0001.5]" : {
            "hl7v2_mapping" : "OBX.2, OBX.5, OBX.6, OBX.7, OBX.8",
            "fhir_mapping" : "Observation.value[x]"
          },
          "/items[at0001.6]" : {
            "hl7v2_mapping" : "OBX.2, OBX.5, OBX.6, OBX.7, OBX.8",
            "fhir_mapping" : "Observation.value[x]"
          },
          "/items[at0001]" : {
            "hl7v2_mapping" : "OBX.2, OBX.5, OBX.6, OBX.7, OBX.8",
            "fhir_mapping" : "Observation.value[x]"
          }
        }
      }
    },
    "parentArchetypeId" : "openEHR-EHR-CLUSTER.laboratory_test_analyte.v1",
    "differential" : true,
    "archetypeId" : {
      "@type" : "ARCHETYPE_HRID",
      "value" : "openEHR-EHR-CLUSTER.ovl-laboratory_test_analyte-006.v1"
    },
    "definition" : {
      "@type" : "C_COMPLEX_OBJECT",
      "rmTypeName" : "CLUSTER",
      "nodeId" : "at0000.1",
      "attributes" : [ {
        "@type" : "C_ATTRIBUTE",
        "rmAttributeName" : "items",
        "children" : [ {
          "@type" : "C_COMPLEX_OBJECT",
          "rmTypeName" : "ELEMENT",
          "occurrences" : "0..0",
          "nodeId" : "at0027.1",
          "attributes" : [ ],
          "attributeTuples" : [ ]
        }, {
          "@type" : "C_COMPLEX_OBJECT",
          "rmTypeName" : "ELEMENT",
          "occurrences" : "0..0",
          "nodeId" : "at0024.1",
          "attributes" : [ ],
          "attributeTuples" : [ ]
        }, {
          "@type" : "C_COMPLEX_OBJECT",
          "rmTypeName" : "ELEMENT",
          "occurrences" : "0..1",
          "nodeId" : "at0001.1",
          "attributes" : [ {
            "@type" : "C_ATTRIBUTE",
            "rmAttributeName" : "value",
            "children" : [ {
              "@type" : "C_COMPLEX_OBJECT",
              "rmTypeName" : "DV_CODED_TEXT",
              "occurrences" : "1..1",
              "attributes" : [ {
                "@type" : "C_ATTRIBUTE",
                "rmAttributeName" : "defining_code",
                "children" : [ {
                  "@type" : "C_TERMINOLOGY_CODE",
                  "rmTypeName" : "TERMINOLOGY_CODE",
                  "occurrences" : "0..1",
                  "terminologyId" : {
                    "value" : "lpa2_result"
                  },
                  "constraint" : [ ],
                  "selectedTerminologies" : [ "lpa2_result" ],
                  "includedExternalTerminologyCodes" : [ {
                    "terminologyId" : "lpa2_result",
                    "code" : "RD",
                    "value" : "Resistance detected"
                  }, {
                    "terminologyId" : "lpa2_result",
                    "code" : "RND",
                    "value" : "Resistance not detected"
                  }, {
                    "terminologyId" : "lpa2_result",
                    "code" : "IDT",
                    "value" : "Indeterminated"
                  } ]
                } ]
              } ],
              "attributeTuples" : [ ]
            } ]
          } ],
          "attributeTuples" : [ ]
        }, {
          "@type" : "C_COMPLEX_OBJECT",
          "rmTypeName" : "ELEMENT",
          "occurrences" : "0..1",
          "nodeId" : "at0001.2",
          "attributes" : [ {
            "@type" : "C_ATTRIBUTE",
            "rmAttributeName" : "value",
            "children" : [ {
              "@type" : "C_COMPLEX_OBJECT",
              "rmTypeName" : "DV_CODED_TEXT",
              "occurrences" : "1..1",
              "attributes" : [ {
                "@type" : "C_ATTRIBUTE",
                "rmAttributeName" : "defining_code",
                "children" : [ {
                  "@type" : "C_TERMINOLOGY_CODE",
                  "rmTypeName" : "TERMINOLOGY_CODE",
                  "occurrences" : "0..1",
                  "terminologyId" : {
                    "value" : "lpa2_result"
                  },
                  "constraint" : [ ],
                  "selectedTerminologies" : [ "lpa2_result" ],
                  "includedExternalTerminologyCodes" : [ {
                    "terminologyId" : "lpa2_result",
                    "code" : "RD",
                    "value" : "Resistance detected"
                  }, {
                    "terminologyId" : "lpa2_result",
                    "code" : "RND",
                    "value" : "Resistance not detected"
                  }, {
                    "terminologyId" : "lpa2_result",
                    "code" : "IDT",
                    "value" : "Indeterminated"
                  } ]
                } ]
              } ],
              "attributeTuples" : [ ]
            } ]
          } ],
          "attributeTuples" : [ ]
        }, {
          "@type" : "C_COMPLEX_OBJECT",
          "rmTypeName" : "ELEMENT",
          "occurrences" : "0..1",
          "nodeId" : "at0001.3",
          "attributes" : [ {
            "@type" : "C_ATTRIBUTE",
            "rmAttributeName" : "value",
            "children" : [ {
              "@type" : "C_COMPLEX_OBJECT",
              "rmTypeName" : "DV_CODED_TEXT",
              "occurrences" : "1..1",
              "attributes" : [ {
                "@type" : "C_ATTRIBUTE",
                "rmAttributeName" : "defining_code",
                "children" : [ {
                  "@type" : "C_TERMINOLOGY_CODE",
                  "rmTypeName" : "TERMINOLOGY_CODE",
                  "occurrences" : "0..1",
                  "terminologyId" : {
                    "value" : "lpa2_result"
                  },
                  "constraint" : [ ],
                  "selectedTerminologies" : [ "lpa2_result" ],
                  "includedExternalTerminologyCodes" : [ {
                    "terminologyId" : "lpa2_result",
                    "code" : "RD",
                    "value" : "Resistance detected"
                  }, {
                    "terminologyId" : "lpa2_result",
                    "code" : "RND",
                    "value" : "Resistance not detected"
                  }, {
                    "terminologyId" : "lpa2_result",
                    "code" : "IDT",
                    "value" : "Indeterminated"
                  } ]
                } ]
              } ],
              "attributeTuples" : [ ]
            } ]
          } ],
          "attributeTuples" : [ ]
        }, {
          "@type" : "C_COMPLEX_OBJECT",
          "rmTypeName" : "ELEMENT",
          "occurrences" : "0..1",
          "nodeId" : "at0001.4",
          "attributes" : [ {
            "@type" : "C_ATTRIBUTE",
            "rmAttributeName" : "value",
            "children" : [ {
              "@type" : "C_COMPLEX_OBJECT",
              "rmTypeName" : "DV_CODED_TEXT",
              "occurrences" : "1..1",
              "attributes" : [ {
                "@type" : "C_ATTRIBUTE",
                "rmAttributeName" : "defining_code",
                "children" : [ {
                  "@type" : "C_TERMINOLOGY_CODE",
                  "rmTypeName" : "TERMINOLOGY_CODE",
                  "occurrences" : "0..1",
                  "terminologyId" : {
                    "value" : "lpa2_result"
                  },
                  "constraint" : [ ],
                  "selectedTerminologies" : [ "lpa2_result" ],
                  "includedExternalTerminologyCodes" : [ {
                    "terminologyId" : "lpa2_result",
                    "code" : "RD",
                    "value" : "Resistance detected"
                  }, {
                    "terminologyId" : "lpa2_result",
                    "code" : "RND",
                    "value" : "Resistance not detected"
                  }, {
                    "terminologyId" : "lpa2_result",
                    "code" : "IDT",
                    "value" : "Indeterminated"
                  } ]
                } ]
              } ],
              "attributeTuples" : [ ]
            } ]
          } ],
          "attributeTuples" : [ ]
        }, {
          "@type" : "C_COMPLEX_OBJECT",
          "rmTypeName" : "ELEMENT",
          "occurrences" : "0..1",
          "nodeId" : "at0001.5",
          "attributes" : [ {
            "@type" : "C_ATTRIBUTE",
            "rmAttributeName" : "value",
            "children" : [ {
              "@type" : "C_COMPLEX_OBJECT",
              "rmTypeName" : "DV_CODED_TEXT",
              "occurrences" : "1..1",
              "attributes" : [ {
                "@type" : "C_ATTRIBUTE",
                "rmAttributeName" : "defining_code",
                "children" : [ {
                  "@type" : "C_TERMINOLOGY_CODE",
                  "rmTypeName" : "TERMINOLOGY_CODE",
                  "occurrences" : "0..1",
                  "terminologyId" : {
                    "value" : "lpa2_result"
                  },
                  "constraint" : [ ],
                  "selectedTerminologies" : [ "lpa2_result" ],
                  "includedExternalTerminologyCodes" : [ {
                    "terminologyId" : "lpa2_result",
                    "code" : "RD",
                    "value" : "Resistance detected"
                  }, {
                    "terminologyId" : "lpa2_result",
                    "code" : "RND",
                    "value" : "Resistance not detected"
                  }, {
                    "terminologyId" : "lpa2_result",
                    "code" : "IDT",
                    "value" : "Indeterminated"
                  } ]
                } ]
              } ],
              "attributeTuples" : [ ]
            } ]
          } ],
          "attributeTuples" : [ ]
        }, {
          "@type" : "C_COMPLEX_OBJECT",
          "rmTypeName" : "ELEMENT",
          "occurrences" : "0..1",
          "nodeId" : "at0001.6",
          "attributes" : [ {
            "@type" : "C_ATTRIBUTE",
            "rmAttributeName" : "value",
            "children" : [ {
              "@type" : "C_COMPLEX_OBJECT",
              "rmTypeName" : "DV_CODED_TEXT",
              "occurrences" : "1..1",
              "attributes" : [ {
                "@type" : "C_ATTRIBUTE",
                "rmAttributeName" : "defining_code",
                "children" : [ {
                  "@type" : "C_TERMINOLOGY_CODE",
                  "rmTypeName" : "TERMINOLOGY_CODE",
                  "occurrences" : "0..1",
                  "terminologyId" : {
                    "value" : "lpa2_result"
                  },
                  "constraint" : [ ],
                  "selectedTerminologies" : [ "lpa2_result" ],
                  "includedExternalTerminologyCodes" : [ {
                    "terminologyId" : "lpa2_result",
                    "code" : "RD",
                    "value" : "Resistance detected"
                  }, {
                    "terminologyId" : "lpa2_result",
                    "code" : "RND",
                    "value" : "Resistance not detected"
                  }, {
                    "terminologyId" : "lpa2_result",
                    "code" : "IDT",
                    "value" : "Indeterminated"
                  } ]
                } ]
              } ],
              "attributeTuples" : [ ]
            } ]
          } ],
          "attributeTuples" : [ ]
        }, {
          "@type" : "C_COMPLEX_OBJECT",
          "rmTypeName" : "ELEMENT",
          "occurrences" : "0..0",
          "nodeId" : "at0004.1",
          "attributes" : [ ],
          "attributeTuples" : [ ]
        }, {
          "@type" : "C_COMPLEX_OBJECT",
          "rmTypeName" : "ELEMENT",
          "occurrences" : "0..0",
          "nodeId" : "at0028.1",
          "attributes" : [ ],
          "attributeTuples" : [ ]
        }, {
          "@type" : "C_COMPLEX_OBJECT",
          "rmTypeName" : "ELEMENT",
          "occurrences" : "0..0",
          "nodeId" : "at0025.1",
          "attributes" : [ ],
          "attributeTuples" : [ ]
        }, {
          "@type" : "C_COMPLEX_OBJECT",
          "rmTypeName" : "ELEMENT",
          "occurrences" : "0..0",
          "nodeId" : "at0005.1",
          "attributes" : [ {
            "@type" : "C_ATTRIBUTE",
            "rmAttributeName" : "value",
            "children" : [ {
              "@type" : "C_COMPLEX_OBJECT",
              "rmTypeName" : "DV_CODED_TEXT",
              "attributes" : [ {
                "@type" : "C_ATTRIBUTE",
                "rmAttributeName" : "defining_code",
                "children" : [ {
                  "@type" : "C_TERMINOLOGY_CODE",
                  "rmTypeName" : "CODE_PHRASE",
                  "occurrences" : "1..1",
                  "terminologyId" : {
                    "value" : "local"
                  },
                  "constraint" : [ "at0015", "at0016", "at0017", "at0018", "at0020", "at0019", "at0021", "at0023", "at0022" ]
                } ]
              } ],
              "attributeTuples" : [ ]
            }, {
              "@type" : "C_COMPLEX_OBJECT",
              "rmTypeName" : "DV_TEXT",
              "attributes" : [ ],
              "attributeTuples" : [ ]
            } ]
          } ],
          "attributeTuples" : [ ]
        }, {
          "@type" : "C_COMPLEX_OBJECT",
          "rmTypeName" : "ELEMENT",
          "occurrences" : "0..0",
          "nodeId" : "at0006.1",
          "attributes" : [ ],
          "attributeTuples" : [ ]
        }, {
          "@type" : "C_COMPLEX_OBJECT",
          "rmTypeName" : "ELEMENT",
          "occurrences" : "0..0",
          "nodeId" : "at0026.1",
          "attributes" : [ {
            "@type" : "C_ATTRIBUTE",
            "rmAttributeName" : "value",
            "children" : [ {
              "@type" : "C_COMPLEX_OBJECT",
              "rmTypeName" : "DV_IDENTIFIER",
              "attributes" : [ ],
              "attributeTuples" : [ ]
            }, {
              "@type" : "C_COMPLEX_OBJECT",
              "rmTypeName" : "DV_URI",
              "attributes" : [ ],
              "attributeTuples" : [ ]
            } ]
          } ],
          "attributeTuples" : [ ]
        }, {
          "@type" : "C_COMPLEX_OBJECT",
          "rmTypeName" : "ELEMENT",
          "occurrences" : "0..0",
          "nodeId" : "at0003.1",
          "attributes" : [ ],
          "attributeTuples" : [ ]
        } ]
      } ],
      "attributeTuples" : [ ]
    },
    "terminology" : {
      "@type" : "ARCHETYPE_TERMINOLOGY",
      "conceptCode" : "at0000",
      "termDefinitions" : {
        "en" : {
          "at0001.1" : {
            "@type" : "ARCHETYPE_TERM",
            "code" : "at0001.1",
            "text" : "Resistensi floroquinolone - levofloxacin",
            "description" : "The value of the analyte result.",
            "comment" : "For example '7.3 mmol/l', 'Raised'. The 'Any' data type will need to be constrained to an appropriate data type in a specialisation, a template or at run-time to reflect the actual analyte result. The Quantity data type has reference model attributes that include flags for normal/abnormal, reference ranges and approximations - see https://specifications.openehr.org/releases/RM/latest/data_types.html#_dv_quantity_class for more details.",
            "hl7v2_mapping" : "OBX.2, OBX.5, OBX.6, OBX.7, OBX.8",
            "fhir_mapping" : "Observation.value[x]"
          },
          "at0000.1" : {
            "@type" : "ARCHETYPE_TERM",
            "code" : "at0000.1",
            "text" : "Panel resistensi obat",
            "description" : "The result of a laboratory test for a single analyte value."
          },
          "at0001.2" : {
            "@type" : "ARCHETYPE_TERM",
            "code" : "at0001.2",
            "text" : "Resistensi floroquinolone - moxifloxacin",
            "description" : "The value of the analyte result.",
            "comment" : "For example '7.3 mmol/l', 'Raised'. The 'Any' data type will need to be constrained to an appropriate data type in a specialisation, a template or at run-time to reflect the actual analyte result. The Quantity data type has reference model attributes that include flags for normal/abnormal, reference ranges and approximations - see https://specifications.openehr.org/releases/RM/latest/data_types.html#_dv_quantity_class for more details.",
            "hl7v2_mapping" : "OBX.2, OBX.5, OBX.6, OBX.7, OBX.8",
            "fhir_mapping" : "Observation.value[x]"
          },
          "at0001.3" : {
            "@type" : "ARCHETYPE_TERM",
            "code" : "at0001.3",
            "text" : "Resistensi floroquinolone - moxifloxacin (dosis tinggi)",
            "description" : "The value of the analyte result.",
            "comment" : "For example '7.3 mmol/l', 'Raised'. The 'Any' data type will need to be constrained to an appropriate data type in a specialisation, a template or at run-time to reflect the actual analyte result. The Quantity data type has reference model attributes that include flags for normal/abnormal, reference ranges and approximations - see https://specifications.openehr.org/releases/RM/latest/data_types.html#_dv_quantity_class for more details.",
            "hl7v2_mapping" : "OBX.2, OBX.5, OBX.6, OBX.7, OBX.8",
            "fhir_mapping" : "Observation.value[x]"
          },
          "at0001.4" : {
            "@type" : "ARCHETYPE_TERM",
            "code" : "at0001.4",
            "text" : "Resistensi SLID - kanamycin",
            "description" : "The value of the analyte result.",
            "comment" : "For example '7.3 mmol/l', 'Raised'. The 'Any' data type will need to be constrained to an appropriate data type in a specialisation, a template or at run-time to reflect the actual analyte result. The Quantity data type has reference model attributes that include flags for normal/abnormal, reference ranges and approximations - see https://specifications.openehr.org/releases/RM/latest/data_types.html#_dv_quantity_class for more details.",
            "hl7v2_mapping" : "OBX.2, OBX.5, OBX.6, OBX.7, OBX.8",
            "fhir_mapping" : "Observation.value[x]"
          },
          "at0001.5" : {
            "@type" : "ARCHETYPE_TERM",
            "code" : "at0001.5",
            "text" : "Resistensi SLID - amikacin",
            "description" : "The value of the analyte result.",
            "comment" : "For example '7.3 mmol/l', 'Raised'. The 'Any' data type will need to be constrained to an appropriate data type in a specialisation, a template or at run-time to reflect the actual analyte result. The Quantity data type has reference model attributes that include flags for normal/abnormal, reference ranges and approximations - see https://specifications.openehr.org/releases/RM/latest/data_types.html#_dv_quantity_class for more details.",
            "hl7v2_mapping" : "OBX.2, OBX.5, OBX.6, OBX.7, OBX.8",
            "fhir_mapping" : "Observation.value[x]"
          },
          "at0001.6" : {
            "@type" : "ARCHETYPE_TERM",
            "code" : "at0001.6",
            "text" : "Resistensi SLID - capreomycin",
            "description" : "The value of the analyte result.",
            "comment" : "For example '7.3 mmol/l', 'Raised'. The 'Any' data type will need to be constrained to an appropriate data type in a specialisation, a template or at run-time to reflect the actual analyte result. The Quantity data type has reference model attributes that include flags for normal/abnormal, reference ranges and approximations - see https://specifications.openehr.org/releases/RM/latest/data_types.html#_dv_quantity_class for more details.",
            "hl7v2_mapping" : "OBX.2, OBX.5, OBX.6, OBX.7, OBX.8",
            "fhir_mapping" : "Observation.value[x]"
          }
        },
        "nb" : {
          "at0001.2" : {
            "@type" : "ARCHETYPE_TERM",
            "code" : "at0001",
            "text" : "Analyseresultat (2)",
            "description" : "Verdien av analyseresultatet.",
            "comment" : "For eksempel \"7,3 mmol/L\" eller \"Forhøyet\". Datatypen \"Udefinert datatype\" må begrenses til en passende datatype i en spesialisering, et templat eller i applikasjonen. Datatypen Quantity har attributter fra referansemodellen som dekker flagg for normalt/unormalt, referanseområder og approksimeringer. Se https://specifications.openehr.org/releases/RM/latest/data_types.html#_dv_quantity_class for mer detaljer.",
            "hl7v2_mapping" : "OBX.2, OBX.5, OBX.6, OBX.7, OBX.8",
            "fhir_mapping" : "Observation.value[x]"
          },
          "at0001.3" : {
            "@type" : "ARCHETYPE_TERM",
            "code" : "at0001",
            "text" : "Analyseresultat (3)",
            "description" : "Verdien av analyseresultatet.",
            "comment" : "For eksempel \"7,3 mmol/L\" eller \"Forhøyet\". Datatypen \"Udefinert datatype\" må begrenses til en passende datatype i en spesialisering, et templat eller i applikasjonen. Datatypen Quantity har attributter fra referansemodellen som dekker flagg for normalt/unormalt, referanseområder og approksimeringer. Se https://specifications.openehr.org/releases/RM/latest/data_types.html#_dv_quantity_class for mer detaljer.",
            "hl7v2_mapping" : "OBX.2, OBX.5, OBX.6, OBX.7, OBX.8",
            "fhir_mapping" : "Observation.value[x]"
          },
          "at0001.4" : {
            "@type" : "ARCHETYPE_TERM",
            "code" : "at0001",
            "text" : "Analyseresultat (4)",
            "description" : "Verdien av analyseresultatet.",
            "comment" : "For eksempel \"7,3 mmol/L\" eller \"Forhøyet\". Datatypen \"Udefinert datatype\" må begrenses til en passende datatype i en spesialisering, et templat eller i applikasjonen. Datatypen Quantity har attributter fra referansemodellen som dekker flagg for normalt/unormalt, referanseområder og approksimeringer. Se https://specifications.openehr.org/releases/RM/latest/data_types.html#_dv_quantity_class for mer detaljer.",
            "hl7v2_mapping" : "OBX.2, OBX.5, OBX.6, OBX.7, OBX.8",
            "fhir_mapping" : "Observation.value[x]"
          },
          "at0001.5" : {
            "@type" : "ARCHETYPE_TERM",
            "code" : "at0001",
            "text" : "Analyseresultat (5)",
            "description" : "Verdien av analyseresultatet.",
            "comment" : "For eksempel \"7,3 mmol/L\" eller \"Forhøyet\". Datatypen \"Udefinert datatype\" må begrenses til en passende datatype i en spesialisering, et templat eller i applikasjonen. Datatypen Quantity har attributter fra referansemodellen som dekker flagg for normalt/unormalt, referanseområder og approksimeringer. Se https://specifications.openehr.org/releases/RM/latest/data_types.html#_dv_quantity_class for mer detaljer.",
            "hl7v2_mapping" : "OBX.2, OBX.5, OBX.6, OBX.7, OBX.8",
            "fhir_mapping" : "Observation.value[x]"
          },
          "at0001.6" : {
            "@type" : "ARCHETYPE_TERM",
            "code" : "at0001",
            "text" : "Analyseresultat (6)",
            "description" : "Verdien av analyseresultatet.",
            "comment" : "For eksempel \"7,3 mmol/L\" eller \"Forhøyet\". Datatypen \"Udefinert datatype\" må begrenses til en passende datatype i en spesialisering, et templat eller i applikasjonen. Datatypen Quantity har attributter fra referansemodellen som dekker flagg for normalt/unormalt, referanseområder og approksimeringer. Se https://specifications.openehr.org/releases/RM/latest/data_types.html#_dv_quantity_class for mer detaljer.",
            "hl7v2_mapping" : "OBX.2, OBX.5, OBX.6, OBX.7, OBX.8",
            "fhir_mapping" : "Observation.value[x]"
          }
        },
        "pt-br" : {
          "at0001.2" : {
            "@type" : "ARCHETYPE_TERM",
            "code" : "at0001",
            "text" : "*Analyte result(en) (2)",
            "description" : "*The value of the analyte result.(en)",
            "comment" : "*For example '7.3 mmol/l', 'Raised'. The 'Any' data type will need to be constrained to an appropriate data type in a specialisation, a template or at run-time to reflect the actual analyte result. The Quantity data type has reference model attributes that include flags for normal/abnormal, reference ranges and approximations - see https://specifications.openehr.org/releases/RM/latest/data_types.html#_dv_quantity_class for more details.(en)",
            "hl7v2_mapping" : "*OBX.2,OBX.5,OBX.6(en)",
            "fhir_mapping" : "*Observation.value[x](en)"
          },
          "at0001.3" : {
            "@type" : "ARCHETYPE_TERM",
            "code" : "at0001",
            "text" : "*Analyte result(en) (3)",
            "description" : "*The value of the analyte result.(en)",
            "comment" : "*For example '7.3 mmol/l', 'Raised'. The 'Any' data type will need to be constrained to an appropriate data type in a specialisation, a template or at run-time to reflect the actual analyte result. The Quantity data type has reference model attributes that include flags for normal/abnormal, reference ranges and approximations - see https://specifications.openehr.org/releases/RM/latest/data_types.html#_dv_quantity_class for more details.(en)",
            "hl7v2_mapping" : "*OBX.2,OBX.5,OBX.6(en)",
            "fhir_mapping" : "*Observation.value[x](en)"
          },
          "at0001.4" : {
            "@type" : "ARCHETYPE_TERM",
            "code" : "at0001",
            "text" : "*Analyte result(en) (4)",
            "description" : "*The value of the analyte result.(en)",
            "comment" : "*For example '7.3 mmol/l', 'Raised'. The 'Any' data type will need to be constrained to an appropriate data type in a specialisation, a template or at run-time to reflect the actual analyte result. The Quantity data type has reference model attributes that include flags for normal/abnormal, reference ranges and approximations - see https://specifications.openehr.org/releases/RM/latest/data_types.html#_dv_quantity_class for more details.(en)",
            "hl7v2_mapping" : "*OBX.2,OBX.5,OBX.6(en)",
            "fhir_mapping" : "*Observation.value[x](en)"
          },
          "at0001.5" : {
            "@type" : "ARCHETYPE_TERM",
            "code" : "at0001",
            "text" : "*Analyte result(en) (5)",
            "description" : "*The value of the analyte result.(en)",
            "comment" : "*For example '7.3 mmol/l', 'Raised'. The 'Any' data type will need to be constrained to an appropriate data type in a specialisation, a template or at run-time to reflect the actual analyte result. The Quantity data type has reference model attributes that include flags for normal/abnormal, reference ranges and approximations - see https://specifications.openehr.org/releases/RM/latest/data_types.html#_dv_quantity_class for more details.(en)",
            "hl7v2_mapping" : "*OBX.2,OBX.5,OBX.6(en)",
            "fhir_mapping" : "*Observation.value[x](en)"
          },
          "at0001.6" : {
            "@type" : "ARCHETYPE_TERM",
            "code" : "at0001",
            "text" : "*Analyte result(en) (6)",
            "description" : "*The value of the analyte result.(en)",
            "comment" : "*For example '7.3 mmol/l', 'Raised'. The 'Any' data type will need to be constrained to an appropriate data type in a specialisation, a template or at run-time to reflect the actual analyte result. The Quantity data type has reference model attributes that include flags for normal/abnormal, reference ranges and approximations - see https://specifications.openehr.org/releases/RM/latest/data_types.html#_dv_quantity_class for more details.(en)",
            "hl7v2_mapping" : "*OBX.2,OBX.5,OBX.6(en)",
            "fhir_mapping" : "*Observation.value[x](en)"
          }
        },
        "de" : {
          "at0001.2" : {
            "@type" : "ARCHETYPE_TERM",
            "code" : "at0001",
            "text" : "Analyt-Ergebnis (2)",
            "description" : "(Mess-)Wert des Analyt-Ergebnisses.",
            "comment" : "Z.B. \"7,3 mmol/l\", \"Erhöht\". Der \"Any\"-Datentyp wird dann durch eine Spezialisierung, eine Vorlage oder zur Laufzeit der Anwendung auf einen passenden Datentyp eingeschränkt werden müssen, um das aktuelle Analyt-Ergebnis wiederzugeben. Der \"Quantity\"-Datentyp hat Referenzmodell-Attribute, wie Kennungen für normal/abnormal, Referenzbereiche und Näherungen - für weitere Details s. https://specifications.openehr.org/releases/RM/latest/data_types.html#_dv_quantity_class .",
            "hl7v2_mapping" : "OBX.2, OBX.5, OBX.6, OBX.7, OBX.8",
            "fhir_mapping" : "Observation.value[x]"
          },
          "at0001.3" : {
            "@type" : "ARCHETYPE_TERM",
            "code" : "at0001",
            "text" : "Analyt-Ergebnis (3)",
            "description" : "(Mess-)Wert des Analyt-Ergebnisses.",
            "comment" : "Z.B. \"7,3 mmol/l\", \"Erhöht\". Der \"Any\"-Datentyp wird dann durch eine Spezialisierung, eine Vorlage oder zur Laufzeit der Anwendung auf einen passenden Datentyp eingeschränkt werden müssen, um das aktuelle Analyt-Ergebnis wiederzugeben. Der \"Quantity\"-Datentyp hat Referenzmodell-Attribute, wie Kennungen für normal/abnormal, Referenzbereiche und Näherungen - für weitere Details s. https://specifications.openehr.org/releases/RM/latest/data_types.html#_dv_quantity_class .",
            "hl7v2_mapping" : "OBX.2, OBX.5, OBX.6, OBX.7, OBX.8",
            "fhir_mapping" : "Observation.value[x]"
          },
          "at0001.4" : {
            "@type" : "ARCHETYPE_TERM",
            "code" : "at0001",
            "text" : "Analyt-Ergebnis (4)",
            "description" : "(Mess-)Wert des Analyt-Ergebnisses.",
            "comment" : "Z.B. \"7,3 mmol/l\", \"Erhöht\". Der \"Any\"-Datentyp wird dann durch eine Spezialisierung, eine Vorlage oder zur Laufzeit der Anwendung auf einen passenden Datentyp eingeschränkt werden müssen, um das aktuelle Analyt-Ergebnis wiederzugeben. Der \"Quantity\"-Datentyp hat Referenzmodell-Attribute, wie Kennungen für normal/abnormal, Referenzbereiche und Näherungen - für weitere Details s. https://specifications.openehr.org/releases/RM/latest/data_types.html#_dv_quantity_class .",
            "hl7v2_mapping" : "OBX.2, OBX.5, OBX.6, OBX.7, OBX.8",
            "fhir_mapping" : "Observation.value[x]"
          },
          "at0001.5" : {
            "@type" : "ARCHETYPE_TERM",
            "code" : "at0001",
            "text" : "Analyt-Ergebnis (5)",
            "description" : "(Mess-)Wert des Analyt-Ergebnisses.",
            "comment" : "Z.B. \"7,3 mmol/l\", \"Erhöht\". Der \"Any\"-Datentyp wird dann durch eine Spezialisierung, eine Vorlage oder zur Laufzeit der Anwendung auf einen passenden Datentyp eingeschränkt werden müssen, um das aktuelle Analyt-Ergebnis wiederzugeben. Der \"Quantity\"-Datentyp hat Referenzmodell-Attribute, wie Kennungen für normal/abnormal, Referenzbereiche und Näherungen - für weitere Details s. https://specifications.openehr.org/releases/RM/latest/data_types.html#_dv_quantity_class .",
            "hl7v2_mapping" : "OBX.2, OBX.5, OBX.6, OBX.7, OBX.8",
            "fhir_mapping" : "Observation.value[x]"
          },
          "at0001.6" : {
            "@type" : "ARCHETYPE_TERM",
            "code" : "at0001",
            "text" : "Analyt-Ergebnis (6)",
            "description" : "(Mess-)Wert des Analyt-Ergebnisses.",
            "comment" : "Z.B. \"7,3 mmol/l\", \"Erhöht\". Der \"Any\"-Datentyp wird dann durch eine Spezialisierung, eine Vorlage oder zur Laufzeit der Anwendung auf einen passenden Datentyp eingeschränkt werden müssen, um das aktuelle Analyt-Ergebnis wiederzugeben. Der \"Quantity\"-Datentyp hat Referenzmodell-Attribute, wie Kennungen für normal/abnormal, Referenzbereiche und Näherungen - für weitere Details s. https://specifications.openehr.org/releases/RM/latest/data_types.html#_dv_quantity_class .",
            "hl7v2_mapping" : "OBX.2, OBX.5, OBX.6, OBX.7, OBX.8",
            "fhir_mapping" : "Observation.value[x]"
          }
        },
        "nl" : {
          "at0001.2" : {
            "@type" : "ARCHETYPE_TERM",
            "code" : "at0001",
            "text" : "Uitslag van een analyt (2)",
            "description" : "De waarde van een analyt uitslag.",
            "comment" : "Bijvoorbeeld: '7.3 mmol/l', 'Verhoogd'. Om het daadwerkelijke analyt result weer te geven dient het 'Any' data type gespecificeerd te worden tot een toepasselijk data type in een specialisatie, een template of terwijl de applicatie loopt.",
            "hl7v2_mapping" : "OBX.2, OBX.5, OBX.6, OBX.7, OBX.8",
            "fhir_mapping" : "Observation.value[x]"
          },
          "at0001.3" : {
            "@type" : "ARCHETYPE_TERM",
            "code" : "at0001",
            "text" : "Uitslag van een analyt (3)",
            "description" : "De waarde van een analyt uitslag.",
            "comment" : "Bijvoorbeeld: '7.3 mmol/l', 'Verhoogd'. Om het daadwerkelijke analyt result weer te geven dient het 'Any' data type gespecificeerd te worden tot een toepasselijk data type in een specialisatie, een template of terwijl de applicatie loopt.",
            "hl7v2_mapping" : "OBX.2, OBX.5, OBX.6, OBX.7, OBX.8",
            "fhir_mapping" : "Observation.value[x]"
          },
          "at0001.4" : {
            "@type" : "ARCHETYPE_TERM",
            "code" : "at0001",
            "text" : "Uitslag van een analyt (4)",
            "description" : "De waarde van een analyt uitslag.",
            "comment" : "Bijvoorbeeld: '7.3 mmol/l', 'Verhoogd'. Om het daadwerkelijke analyt result weer te geven dient het 'Any' data type gespecificeerd te worden tot een toepasselijk data type in een specialisatie, een template of terwijl de applicatie loopt.",
            "hl7v2_mapping" : "OBX.2, OBX.5, OBX.6, OBX.7, OBX.8",
            "fhir_mapping" : "Observation.value[x]"
          },
          "at0001.5" : {
            "@type" : "ARCHETYPE_TERM",
            "code" : "at0001",
            "text" : "Uitslag van een analyt (5)",
            "description" : "De waarde van een analyt uitslag.",
            "comment" : "Bijvoorbeeld: '7.3 mmol/l', 'Verhoogd'. Om het daadwerkelijke analyt result weer te geven dient het 'Any' data type gespecificeerd te worden tot een toepasselijk data type in een specialisatie, een template of terwijl de applicatie loopt.",
            "hl7v2_mapping" : "OBX.2, OBX.5, OBX.6, OBX.7, OBX.8",
            "fhir_mapping" : "Observation.value[x]"
          },
          "at0001.6" : {
            "@type" : "ARCHETYPE_TERM",
            "code" : "at0001",
            "text" : "Uitslag van een analyt (6)",
            "description" : "De waarde van een analyt uitslag.",
            "comment" : "Bijvoorbeeld: '7.3 mmol/l', 'Verhoogd'. Om het daadwerkelijke analyt result weer te geven dient het 'Any' data type gespecificeerd te worden tot een toepasselijk data type in een specialisatie, een template of terwijl de applicatie loopt.",
            "hl7v2_mapping" : "OBX.2, OBX.5, OBX.6, OBX.7, OBX.8",
            "fhir_mapping" : "Observation.value[x]"
          }
        },
        "sv" : {
          "at0001.2" : {
            "@type" : "ARCHETYPE_TERM",
            "code" : "at0001",
            "text" : "Analysresultat (2)",
            "description" : "Analysresultatets värde",
            "comment" : "Till exempel \"7,3 mmol/L\" eller \"Förhöjd\". Datatypen \"Any\", som är en odefinierad datatyp, måste begränsas till en lämplig datatyp i en specialisering, mall eller applikation. Datatypen \"Quantity\" har attribut från referensmodellen som täcker flaggor för normal/onormal, referensområden och approximationer.\r\nSe https://specifications.openehr.org/releases/RM/latest/data_types.html#_dv_quantity_class för mer information.",
            "hl7v2_mapping" : "OBX.2, OBX.5, OBX.6, OBX.7, OBX.8",
            "fhir_mapping" : "Observation.value[x]"
          },
          "at0001.3" : {
            "@type" : "ARCHETYPE_TERM",
            "code" : "at0001",
            "text" : "Analysresultat (3)",
            "description" : "Analysresultatets värde",
            "comment" : "Till exempel \"7,3 mmol/L\" eller \"Förhöjd\". Datatypen \"Any\", som är en odefinierad datatyp, måste begränsas till en lämplig datatyp i en specialisering, mall eller applikation. Datatypen \"Quantity\" har attribut från referensmodellen som täcker flaggor för normal/onormal, referensområden och approximationer.\r\nSe https://specifications.openehr.org/releases/RM/latest/data_types.html#_dv_quantity_class för mer information.",
            "hl7v2_mapping" : "OBX.2, OBX.5, OBX.6, OBX.7, OBX.8",
            "fhir_mapping" : "Observation.value[x]"
          },
          "at0001.4" : {
            "@type" : "ARCHETYPE_TERM",
            "code" : "at0001",
            "text" : "Analysresultat (4)",
            "description" : "Analysresultatets värde",
            "comment" : "Till exempel \"7,3 mmol/L\" eller \"Förhöjd\". Datatypen \"Any\", som är en odefinierad datatyp, måste begränsas till en lämplig datatyp i en specialisering, mall eller applikation. Datatypen \"Quantity\" har attribut från referensmodellen som täcker flaggor för normal/onormal, referensområden och approximationer.\r\nSe https://specifications.openehr.org/releases/RM/latest/data_types.html#_dv_quantity_class för mer information.",
            "hl7v2_mapping" : "OBX.2, OBX.5, OBX.6, OBX.7, OBX.8",
            "fhir_mapping" : "Observation.value[x]"
          },
          "at0001.5" : {
            "@type" : "ARCHETYPE_TERM",
            "code" : "at0001",
            "text" : "Analysresultat (5)",
            "description" : "Analysresultatets värde",
            "comment" : "Till exempel \"7,3 mmol/L\" eller \"Förhöjd\". Datatypen \"Any\", som är en odefinierad datatyp, måste begränsas till en lämplig datatyp i en specialisering, mall eller applikation. Datatypen \"Quantity\" har attribut från referensmodellen som täcker flaggor för normal/onormal, referensområden och approximationer.\r\nSe https://specifications.openehr.org/releases/RM/latest/data_types.html#_dv_quantity_class för mer information.",
            "hl7v2_mapping" : "OBX.2, OBX.5, OBX.6, OBX.7, OBX.8",
            "fhir_mapping" : "Observation.value[x]"
          },
          "at0001.6" : {
            "@type" : "ARCHETYPE_TERM",
            "code" : "at0001",
            "text" : "Analysresultat (6)",
            "description" : "Analysresultatets värde",
            "comment" : "Till exempel \"7,3 mmol/L\" eller \"Förhöjd\". Datatypen \"Any\", som är en odefinierad datatyp, måste begränsas till en lämplig datatyp i en specialisering, mall eller applikation. Datatypen \"Quantity\" har attribut från referensmodellen som täcker flaggor för normal/onormal, referensområden och approximationer.\r\nSe https://specifications.openehr.org/releases/RM/latest/data_types.html#_dv_quantity_class för mer information.",
            "hl7v2_mapping" : "OBX.2, OBX.5, OBX.6, OBX.7, OBX.8",
            "fhir_mapping" : "Observation.value[x]"
          }
        }
      },
      "termBindings" : { },
      "terminologyExtracts" : { },
      "valueSets" : { }
    },
    "adlVersion" : "1.4",
    "buildUid" : "83867942-21bf-4a2e-acaa-d53d02887d2a",
    "rmName" : "openehr",
    "rmRelease" : "1.1.0",
    "generated" : true,
    "otherMetaData" : { },
    "originalLanguage" : {
      "terminologyId" : {
        "value" : "ISO_639-1"
      },
      "codeString" : "en"
    },
    "translations" : [ {
      "@type" : "TRANSLATION_DETAILS",
      "language" : {
        "terminologyId" : {
          "value" : "ISO_639-1"
        },
        "codeString" : "de"
      },
      "author" : {
        "name" : "Michael Lieser, Antje Wulff, Natalia Strauch",
        "organisation" : "Department of Infectious Diseases, Heidelberg University Hospital, Medizinische Hochschule Hannover",
        "email" : "michael.lieser@med.uni-heidelberg.de, wulff.antje@mh-hannover.de, Strauch.Natalia@mh-hannover.de"
      },
      "otherDetails" : { }
    }, {
      "@type" : "TRANSLATION_DETAILS",
      "language" : {
        "terminologyId" : {
          "value" : "ISO_639-1"
        },
        "codeString" : "sv"
      },
      "author" : {
        "name" : "Linda Aulin, Linda Aulin Lundeqvist",
        "organisation" : "Region Stockholm, Karolinska University Hospital, Karolinska University Hospital, Region Stockholm",
        "email" : "linda.aulin@sll.se, linda.aulin-lundeqvist@regionstockholm.se"
      },
      "otherDetails" : { }
    }, {
      "@type" : "TRANSLATION_DETAILS",
      "language" : {
        "terminologyId" : {
          "value" : "ISO_639-1"
        },
        "codeString" : "nb"
      },
      "author" : {
        "name" : "Silje Ljosland Bakke, Liv Laugen",
        "organisation" : "Nasjonal IKT HF, ​Oslo University Hospital, Norway",
        "email" : "liv.laugen@ous-hf.no"
      },
      "otherDetails" : { }
    }, {
      "@type" : "TRANSLATION_DETAILS",
      "language" : {
        "terminologyId" : {
          "value" : "ISO_639-1"
        },
        "codeString" : "pt-br"
      },
      "author" : {
        "name" : "Adriana Kitajima, Débora Farage, Fernanda Maia, Laíse Figueiredo, Marivan Abrahão",
        "organisation" : "Core Consulting",
        "email" : "contato@coreconsulting.com.br"
      },
      "accreditation" : "Hospital Alemão Oswaldo Cruz (HAOC)",
      "otherDetails" : { }
    }, {
      "@type" : "TRANSLATION_DETAILS",
      "language" : {
        "terminologyId" : {
          "value" : "ISO_639-1"
        },
        "codeString" : "nl"
      },
      "author" : {
        "name" : "Joost Holslag",
        "organisation" : "Nedap",
        "email" : "joost.holslag@nedap.com"
      },
      "accreditation" : "MD",
      "otherDetails" : { }
    } ]
  }, {
    "@type" : "TEMPLATE_OVERLAY",
    "uid" : "6ed37037-9774-4843-a9f5-7f7976d869e6",
    "description" : {
      "@type" : "RESOURCE_DESCRIPTION",
      "originalAuthor" : { },
      "otherContributors" : [ ],
      "ipAcknowledgements" : { },
      "references" : { },
      "conversionDetails" : { },
      "otherDetails" : {
        "PARENT:MD5-CAM-1.0.1" : "16ACB1FB473C63B4BC99E2DDF970BED2"
      },
      "details" : {
        "de" : {
          "@type" : "RESOURCE_DESCRIPTION_ITEM",
          "language" : {
            "terminologyId" : {
              "value" : "ISO_639-1"
            },
            "codeString" : "de"
          },
          "purpose" : "Dient zur Erfassung von Laborergebnissen als Panel/Profil von Einzelresultaten. Verbreitet im medizinischen Labor, z.B. bei biochemischen, hämatologischen und immunologischen Tests.",
          "keywords" : [ "Labor, Pathologie, Panel, Profil" ],
          "use" : "Dient zur Erfassung von Laborergebnissen als Panel/Profil von Einzelresultaten. Verbreitet im medizinischen Labor, z.B. bei biochemischen, hämatologischen und immunologischen Tests. Wird normalerweise als abgeleitete Klasse von OBSERVATION.laboratory_test_result verwendet.\r\n\r\nWenn komplexere Resultatsstrukturen erforderlich sind, kann es hilfreich sein, den Archetyp zu spezialisieren oder durch einen anderen zu ersetzen.",
          "misuse" : "Nicht zur Erfassung von makroskopischen/mikroskopischen Resultaten in der anatomischen Pathologie.",
          "originalResourceUri" : { },
          "otherDetails" : { }
        },
        "nb" : {
          "@type" : "RESOURCE_DESCRIPTION_ITEM",
          "language" : {
            "terminologyId" : {
              "value" : "ISO_639-1"
            },
            "codeString" : "nb"
          },
          "purpose" : "For å registrere laboratorieanalyser som en enkeltverdi eller i en analysepakke.",
          "keywords" : [ "laboratorie", "panel", "batteri", "analytt", "analyse", "svar", "resultat", "pakke" ],
          "use" : "For å registrere laboratorieanalyser som en enkeltverdi eller i en analysepakke. Brukes normalt i arketypen OBSERVATION.laboratory_test.\r\n\r\nNavnene på elementene Laboratoriesvar/Svarverdi vil ordinært erstattes i en templat elller applikasjon med navnet på den spesifikke analysen. f.eks. \"Hemoglobin\", og ofte kodet med en terminologi som NLK, SNOMED CT eller LOINC.\r\n\r\nDer det kreves mer komplekse svarmønstre kan det være nødvendig å spesialisere denne arketypen, eller erstatte den med en annen.",
          "misuse" : "Skal ikke brukes til å registrere funn ved patologiundersøkelser.",
          "originalResourceUri" : { },
          "otherDetails" : { }
        },
        "en" : {
          "@type" : "RESOURCE_DESCRIPTION_ITEM",
          "language" : {
            "terminologyId" : {
              "value" : "ISO_639-1"
            },
            "codeString" : "en"
          },
          "purpose" : "To record laboratory test results in a panel/battery/profile structure common to clinical pathology testing for example biochemistry, haematology and immunology.",
          "keywords" : [ "laboratory", "pathology", "panel", "battery", "profile" ],
          "use" : "To record laboratory test results in a panel/battery structure common to clinical pathology testing  biochemistry, haematology and immunology. Normally used in conjunction with a parent \r\nOBSERVATION.laboratory_test_result.\r\n\r\nWhere other more complex result patterns are required it may be helpful to specialise this archetype or substitute another.",
          "misuse" : "Not to be used to record Anatomical pathology macroscopic/microscopic findings.",
          "copyright" : "© openEHR Foundation",
          "originalResourceUri" : { },
          "otherDetails" : { }
        }
      }
    },
    "parentArchetypeId" : "openEHR-EHR-CLUSTER.laboratory_test_panel.v0",
    "differential" : true,
    "archetypeId" : {
      "@type" : "ARCHETYPE_HRID",
      "value" : "openEHR-EHR-CLUSTER.ovl-laboratory_test_panel-001.v0"
    },
    "definition" : {
      "@type" : "C_COMPLEX_OBJECT",
      "rmTypeName" : "CLUSTER",
      "nodeId" : "at0000.1",
      "attributes" : [ {
        "@type" : "C_ATTRIBUTE",
        "rmAttributeName" : "items",
        "children" : [ {
          "@type" : "C_ARCHETYPE_ROOT",
          "rmTypeName" : "CLUSTER",
          "occurrences" : "0..*",
          "nodeId" : "at0013.1",
          "attributes" : [ ],
          "attributeTuples" : [ ],
          "archetypeRef" : "openEHR-EHR-CLUSTER.ovl-laboratory_test_analyte-006.v1",
          "referenceType" : "archetypeOverlay"
        } ]
      } ],
      "attributeTuples" : [ ]
    },
    "terminology" : {
      "@type" : "ARCHETYPE_TERMINOLOGY",
      "conceptCode" : "at0000",
      "termDefinitions" : {
        "en" : {
          "at0000.1" : {
            "@type" : "ARCHETYPE_TERM",
            "code" : "at0000.1",
            "text" : "Panel resistensi obat",
            "description" : "Laboratory test result as a panel/battery/profile structure common to clinical pathology testing."
          }
        },
        "nb" : { },
        "de" : { }
      },
      "termBindings" : { },
      "terminologyExtracts" : { },
      "valueSets" : { }
    },
    "adlVersion" : "1.4",
    "buildUid" : "0d4d4802-dd56-45e3-accf-96ac97c242b3",
    "rmName" : "openehr",
    "rmRelease" : "1.1.0",
    "generated" : true,
    "otherMetaData" : { },
    "originalLanguage" : {
      "terminologyId" : {
        "value" : "ISO_639-1"
      },
      "codeString" : "en"
    },
    "translations" : [ {
      "@type" : "TRANSLATION_DETAILS",
      "language" : {
        "terminologyId" : {
          "value" : "ISO_639-1"
        },
        "codeString" : "de"
      },
      "author" : {
        "name" : "Anneka Sargeant",
        "organisation" : "UMG Göttingen",
        "email" : "anneka.sargeant@med.uni-goettingen.de"
      },
      "otherDetails" : { }
    }, {
      "@type" : "TRANSLATION_DETAILS",
      "language" : {
        "terminologyId" : {
          "value" : "ISO_639-1"
        },
        "codeString" : "nb"
      },
      "author" : {
        "name" : "Silje Ljosland Bakke",
        "organisation" : "Nasjonal IKT HF"
      },
      "otherDetails" : { }
    } ]
  } ],
  "originalLanguage" : {
    "terminologyId" : {
      "value" : "ISO_639-1"
    },
    "codeString" : "en"
  },
  "translations" : [ {
    "@type" : "TRANSLATION_DETAILS",
    "language" : {
      "terminologyId" : {
        "value" : "ISO_639-1"
      },
      "codeString" : "de"
    },
    "author" : { },
    "otherDetails" : { }
  }, {
    "@type" : "TRANSLATION_DETAILS",
    "language" : {
      "terminologyId" : {
        "value" : "ISO_639-1"
      },
      "codeString" : "sv"
    },
    "author" : { },
    "otherDetails" : { }
  }, {
    "@type" : "TRANSLATION_DETAILS",
    "language" : {
      "terminologyId" : {
        "value" : "ISO_639-1"
      },
      "codeString" : "nb"
    },
    "author" : { },
    "otherDetails" : { }
  }, {
    "@type" : "TRANSLATION_DETAILS",
    "language" : {
      "terminologyId" : {
        "value" : "ISO_639-1"
      },
      "codeString" : "pt-br"
    },
    "author" : { },
    "otherDetails" : { }
  }, {
    "@type" : "TRANSLATION_DETAILS",
    "language" : {
      "terminologyId" : {
        "value" : "ISO_639-1"
      },
      "codeString" : "ar-sy"
    },
    "author" : { },
    "otherDetails" : { }
  }, {
    "@type" : "TRANSLATION_DETAILS",
    "language" : {
      "terminologyId" : {
        "value" : "ISO_639-1"
      },
      "codeString" : "it"
    },
    "author" : { },
    "otherDetails" : { }
  }, {
    "@type" : "TRANSLATION_DETAILS",
    "language" : {
      "terminologyId" : {
        "value" : "ISO_639-1"
      },
      "codeString" : "zh-cn"
    },
    "author" : { },
    "otherDetails" : { }
  }, {
    "@type" : "TRANSLATION_DETAILS",
    "language" : {
      "terminologyId" : {
        "value" : "ISO_639-1"
      },
      "codeString" : "nl"
    },
    "author" : { },
    "otherDetails" : { }
  } ]
}